2026-10-06 20:48:45.004 [restartedMain] INFO  [] c.d.d.DeliveryApiApplication - Starting DeliveryApiApplication using Java 21.0.12 with PID 16432 (C:\Marinho_Matheus\FAT\delivery_api\target\classes started by anama in C:\Marinho_Matheus\FAT\delivery_api)
2026-10-06 20:48:45.008 [restartedMain] DEBUG [] c.d.d.DeliveryApiApplication - Running with Spring Boot v4.1.1, Spring v7.0.9
2026-10-06 20:48:45.009 [restartedMain] INFO  [] c.d.d.DeliveryApiApplication - No active profile set, falling back to 1 default profile: "default"
2026-10-06 20:48:45.067 [restartedMain] INFO  [] o.s.b.d.e.DevToolsPropertyDefaultsPostProcessor - Devtools property defaults active! Set 'spring.devtools.add-properties' to 'false' to disable
2026-10-06 20:48:45.068 [restartedMain] INFO  [] o.s.b.d.e.DevToolsPropertyDefaultsPostProcessor - For additional web related logging consider setting the 'logging.level.web' property to 'DEBUG'
2026-10-06 20:48:46.868 [restartedMain] INFO  [] o.s.d.r.c.RepositoryConfigurationDelegate - Multiple Spring Data modules found, entering strict repository configuration mode
2026-10-06 20:48:46.868 [restartedMain] INFO  [] o.s.d.r.c.RepositoryConfigurationDelegate - Bootstrapping Spring Data JPA repositories in DEFAULT mode.
2026-10-06 20:48:47.213 [restartedMain] INFO  [] o.s.d.r.c.RepositoryConfigurationDelegate - Finished Spring Data repository scanning in 316 ms. Found 5 JPA repository interfaces.
2026-10-06 20:48:47.249 [restartedMain] INFO  [] o.s.d.r.c.RepositoryConfigurationDelegate - Multiple Spring Data modules found, entering strict repository configuration mode
2026-10-06 20:48:47.251 [restartedMain] INFO  [] o.s.d.r.c.RepositoryConfigurationDelegate - Bootstrapping Spring Data Redis repositories in DEFAULT mode.
2026-10-06 20:48:47.299 [restartedMain] INFO  [] o.s.d.r.c.RepositoryConfigurationExtensionSupport - Spring Data Redis - Could not safely identify store assignment for repository candidate interface com.delivery.delivery_api.repository.ClienteRepository; If you want this repository to be a Redis repository, consider annotating your entities with one of these annotations: org.springframework.data.redis.core.RedisHash (preferred), or consider extending one of the following types with your repository: org.springframework.data.keyvalue.repository.KeyValueRepository
2026-10-06 20:48:47.301 [restartedMain] INFO  [] o.s.d.r.c.RepositoryConfigurationExtensionSupport - Spring Data Redis - Could not safely identify store assignment for repository candidate interface com.delivery.delivery_api.repository.PedidoRepository; If you want this repository to be a Redis repository, consider annotating your entities with one of these annotations: org.springframework.data.redis.core.RedisHash (preferred), or consider extending one of the following types with your repository: org.springframework.data.keyvalue.repository.KeyValueRepository
2026-10-06 20:48:47.301 [restartedMain] INFO  [] o.s.d.r.c.RepositoryConfigurationExtensionSupport - Spring Data Redis - Could not safely identify store assignment for repository candidate interface com.delivery.delivery_api.repository.ProdutoRepository; If you want this repository to be a Redis repository, consider annotating your entities with one of these annotations: org.springframework.data.redis.core.RedisHash (preferred), or consider extending one of the following types with your repository: org.springframework.data.keyvalue.repository.KeyValueRepository
2026-10-06 20:48:47.302 [restartedMain] INFO  [] o.s.d.r.c.RepositoryConfigurationExtensionSupport - Spring Data Redis - Could not safely identify store assignment for repository candidate interface com.delivery.delivery_api.repository.RestauranteRepository; If you want this repository to be a Redis repository, consider annotating your entities with one of these annotations: org.springframework.data.redis.core.RedisHash (preferred), or consider extending one of the following types with your repository: org.springframework.data.keyvalue.repository.KeyValueRepository
2026-10-06 20:48:47.304 [restartedMain] INFO  [] o.s.d.r.c.RepositoryConfigurationExtensionSupport - Spring Data Redis - Could not safely identify store assignment for repository candidate interface com.delivery.delivery_api.repository.UsuarioRepository; If you want this repository to be a Redis repository, consider annotating your entities with one of these annotations: org.springframework.data.redis.core.RedisHash (preferred), or consider extending one of the following types with your repository: org.springframework.data.keyvalue.repository.KeyValueRepository
2026-10-06 20:48:47.305 [restartedMain] INFO  [] o.s.d.r.c.RepositoryConfigurationDelegate - Finished Spring Data repository scanning in 22 ms. Found 0 Redis repository interfaces.
2026-10-06 20:48:49.256 [restartedMain] INFO  [] o.s.boot.tomcat.TomcatWebServer - Tomcat initialized with port 8080 (http)
2026-10-06 20:48:49.296 [restartedMain] INFO  [] o.a.coyote.http11.Http11NioProtocol - Initializing ProtocolHandler ["http-nio-8080"]
2026-10-06 20:48:49.306 [restartedMain] INFO  [] o.a.catalina.core.StandardService - Starting service [Tomcat]
2026-10-06 20:48:49.308 [restartedMain] INFO  [] o.a.catalina.core.StandardEngine - Starting Servlet engine: [Apache Tomcat/11.0.24]
2026-10-06 20:48:49.452 [restartedMain] INFO  [] o.s.b.w.c.s.WebApplicationContextInitializer - Root WebApplicationContext: initialization completed in 4382 ms
2026-10-06 20:48:50.478 [restartedMain] ERROR [] o.s.b.t.s.DeferredServletContainerInitializers - Error starting Tomcat context. Exception: org.springframework.beans.factory.BeanCreationException. Message: Error creating bean with name 'correlationIdFilter' defined in file [C:\Marinho_Matheus\FAT\delivery_api\target\classes\com\delivery\delivery_api\config\monitoring\teste\CorrelationIdFilter.class]: Failed to instantiate [com.delivery.delivery_api.config.monitoring.teste.CorrelationIdFilter]: Constructor threw exception
2026-10-06 20:48:50.541 [restartedMain] INFO  [] o.a.catalina.core.StandardService - Stopping service [Tomcat]
2026-10-06 20:48:50.575 [restartedMain] WARN  [] o.s.b.w.s.s.c.AnnotationConfigServletWebServerApplicationContext - Exception encountered during context initialization - cancelling refresh attempt: org.springframework.context.ApplicationContextException: Unable to start web server
2026-10-06 20:48:51.588 [restartedMain] WARN  [] z.r.i.AsyncReporter$BoundedAsyncReporter - Timed out waiting for in-flight spans to send
2026-10-06 20:48:51.599 [restartedMain] INFO  [] o.s.b.a.l.ConditionEvaluationReportLogger - 

Error starting ApplicationContext. To display the condition evaluation report re-run your application with 'debug' enabled.
2026-10-06 20:48:51.621 [restartedMain] ERROR [] o.s.boot.SpringApplication - Application run failed
org.springframework.context.ApplicationContextException: Unable to start web server
	at org.springframework.boot.web.server.servlet.context.ServletWebServerApplicationContext.onRefresh(ServletWebServerApplicationContext.java:167)
	at org.springframework.context.support.AbstractApplicationContext.refresh(AbstractApplicationContext.java:615)
	at org.springframework.boot.web.server.servlet.context.ServletWebServerApplicationContext.refresh(ServletWebServerApplicationContext.java:143)
	at org.springframework.boot.SpringApplication.refresh(SpringApplication.java:756)
	at org.springframework.boot.SpringApplication.refreshContext(SpringApplication.java:445)
	at org.springframework.boot.SpringApplication.run(SpringApplication.java:321)
	at org.springframework.boot.SpringApplication.run(SpringApplication.java:1365)
	at org.springframework.boot.SpringApplication.run(SpringApplication.java:1354)
	at com.delivery.delivery_api.DeliveryApiApplication.main(DeliveryApiApplication.java:12)
	at java.base/jdk.internal.reflect.DirectMethodHandleAccessor.invoke(DirectMethodHandleAccessor.java:103)
	at java.base/java.lang.reflect.Method.invoke(Method.java:580)
	at org.springframework.boot.devtools.restart.RestartLauncher.run(RestartLauncher.java:52)
Caused by: org.springframework.boot.web.server.WebServerException: Unable to start embedded Tomcat
	at org.springframework.boot.tomcat.TomcatWebServer.initialize(TomcatWebServer.java:150)
	at org.springframework.boot.tomcat.TomcatWebServer.<init>(TomcatWebServer.java:110)
	at org.springframework.boot.tomcat.servlet.TomcatServletWebServerFactory.getTomcatWebServer(TomcatServletWebServerFactory.java:429)
	at org.springframework.boot.tomcat.servlet.TomcatServletWebServerFactory.getWebServer(TomcatServletWebServerFactory.java:167)
	at org.springframework.boot.web.server.servlet.context.ServletWebServerApplicationContext.createWebServer(ServletWebServerApplicationContext.java:190)
	at org.springframework.boot.web.server.servlet.context.ServletWebServerApplicationContext.onRefresh(ServletWebServerApplicationContext.java:164)
	... 11 common frames omitted
Caused by: org.springframework.beans.factory.BeanCreationException: Error creating bean with name 'correlationIdFilter' defined in file [C:\Marinho_Matheus\FAT\delivery_api\target\classes\com\delivery\delivery_api\config\monitoring\teste\CorrelationIdFilter.class]: Failed to instantiate [com.delivery.delivery_api.config.monitoring.teste.CorrelationIdFilter]: Constructor threw exception
	at org.springframework.beans.factory.support.AbstractAutowireCapableBeanFactory.instantiateBean(AbstractAutowireCapableBeanFactory.java:1342)
	at org.springframework.beans.factory.support.AbstractAutowireCapableBeanFactory.createBeanInstance(AbstractAutowireCapableBeanFactory.java:1229)
	at org.springframework.beans.factory.support.AbstractAutowireCapableBeanFactory.doCreateBean(AbstractAutowireCapableBeanFactory.java:565)
	at org.springframework.beans.factory.support.AbstractAutowireCapableBeanFactory.createBean(AbstractAutowireCapableBeanFactory.java:525)
	at org.springframework.beans.factory.support.AbstractBeanFactory.lambda$doGetBean$0(AbstractBeanFactory.java:333)
	at org.springframework.beans.factory.support.DefaultSingletonBeanRegistry.getSingleton(DefaultSingletonBeanRegistry.java:371)
	at org.springframework.beans.factory.support.AbstractBeanFactory.doGetBean(AbstractBeanFactory.java:331)
	at org.springframework.beans.factory.support.AbstractBeanFactory.getBean(AbstractBeanFactory.java:201)
	at org.springframework.boot.web.servlet.ServletContextInitializerBeans.getOrderedBeansOfType(ServletContextInitializerBeans.java:231)
	at org.springframework.boot.web.servlet.ServletContextInitializerBeans.addAsRegistrationBean(ServletContextInitializerBeans.java:185)
	at org.springframework.boot.web.servlet.ServletContextInitializerBeans.addAsRegistrationBean(ServletContextInitializerBeans.java:180)
	at org.springframework.boot.web.servlet.ServletContextInitializerBeans.addAdaptableBeans(ServletContextInitializerBeans.java:165)
	at org.springframework.boot.web.servlet.ServletContextInitializerBeans.<init>(ServletContextInitializerBeans.java:97)
	at org.springframework.boot.web.context.servlet.WebApplicationContextInitializer.initialize(WebApplicationContextInitializer.java:53)
	at org.springframework.boot.tomcat.servlet.DeferredServletContainerInitializers.onStartup(DeferredServletContainerInitializers.java:55)
	at org.apache.catalina.core.StandardContext.startInternal(StandardContext.java:4573)
	at org.apache.catalina.util.LifecycleBase.start(LifecycleBase.java:170)
	at org.apache.catalina.core.ContainerBase$StartChild.call(ContainerBase.java:1204)
	at org.apache.catalina.core.ContainerBase$StartChild.call(ContainerBase.java:1200)
	at java.base/java.util.concurrent.FutureTask.run(FutureTask.java:317)
	at org.apache.tomcat.util.threads.InlineExecutorService.execute(InlineExecutorService.java:92)
	at java.base/java.util.concurrent.AbstractExecutorService.submit(AbstractExecutorService.java:145)
	at org.apache.catalina.core.ContainerBase.startInternal(ContainerBase.java:732)
	at org.apache.catalina.core.StandardHost.startInternal(StandardHost.java:794)
	at org.apache.catalina.util.LifecycleBase.start(LifecycleBase.java:170)
	at org.apache.catalina.core.ContainerBase$StartChild.call(ContainerBase.java:1204)
	at org.apache.catalina.core.ContainerBase$StartChild.call(ContainerBase.java:1200)
	at java.base/java.util.concurrent.FutureTask.run(FutureTask.java:317)
	at org.apache.tomcat.util.threads.InlineExecutorService.execute(InlineExecutorService.java:92)
	at java.base/java.util.concurrent.AbstractExecutorService.submit(AbstractExecutorService.java:145)
	at org.apache.catalina.core.ContainerBase.startInternal(ContainerBase.java:732)
	at org.apache.catalina.core.StandardEngine.startInternal(StandardEngine.java:201)
	at org.apache.catalina.util.LifecycleBase.start(LifecycleBase.java:170)
	at org.apache.catalina.core.StandardService.startInternal(StandardService.java:433)
	at org.apache.catalina.util.LifecycleBase.start(LifecycleBase.java:170)
	at org.apache.catalina.core.StandardServer.startInternal(StandardServer.java:871)
	at org.apache.catalina.util.LifecycleBase.start(LifecycleBase.java:170)
	at org.apache.catalina.startup.Tomcat.start(Tomcat.java:452)
	at org.springframework.boot.tomcat.TomcatWebServer.initialize(TomcatWebServer.java:131)
	... 16 common frames omitted
Caused by: org.springframework.beans.BeanInstantiationException: Failed to instantiate [com.delivery.delivery_api.config.monitoring.teste.CorrelationIdFilter]: Constructor threw exception
	at org.springframework.beans.BeanUtils.instantiateClass(BeanUtils.java:220)
	at org.springframework.beans.factory.support.SimpleInstantiationStrategy.instantiate(SimpleInstantiationStrategy.java:106)
	at org.springframework.beans.factory.support.AbstractAutowireCapableBeanFactory.instantiateBean(AbstractAutowireCapableBeanFactory.java:1336)
	... 54 common frames omitted
Caused by: java.lang.Error: Unresolved compilation problem: 
	The declared package "com.delivery.delivery_api.config.monitoring.audit" does not match the expected package "com.delivery.delivery_api.config.monitoring.teste"

	at com.delivery.delivery_api.config.monitoring.teste.CorrelationIdFilter.<init>(CorrelationIdFilter.java:1)
	at java.base/jdk.internal.reflect.DirectConstructorHandleAccessor.newInstance(DirectConstructorHandleAccessor.java:62)
	at java.base/java.lang.reflect.Constructor.newInstanceWithCaller(Constructor.java:502)
	at java.base/java.lang.reflect.Constructor.newInstance(Constructor.java:486)
	at org.springframework.beans.BeanUtils.instantiateClass(BeanUtils.java:194)
	... 56 common frames omitted
2026-10-06 20:49:59.896 [restartedMain] INFO  [] c.d.d.DeliveryApiApplication - Starting DeliveryApiApplication using Java 21.0.12 with PID 8252 (C:\Marinho_Matheus\FAT\delivery_api\target\classes started by anama in C:\Marinho_Matheus\FAT\delivery_api)
2026-10-06 20:49:59.898 [restartedMain] DEBUG [] c.d.d.DeliveryApiApplication - Running with Spring Boot v4.1.1, Spring v7.0.9
2026-10-06 20:49:59.898 [restartedMain] INFO  [] c.d.d.DeliveryApiApplication - No active profile set, falling back to 1 default profile: "default"
2026-10-06 20:49:59.951 [restartedMain] INFO  [] o.s.b.d.e.DevToolsPropertyDefaultsPostProcessor - Devtools property defaults active! Set 'spring.devtools.add-properties' to 'false' to disable
2026-10-06 20:49:59.952 [restartedMain] INFO  [] o.s.b.d.e.DevToolsPropertyDefaultsPostProcessor - For additional web related logging consider setting the 'logging.level.web' property to 'DEBUG'
2026-10-06 20:50:01.413 [restartedMain] INFO  [] o.s.d.r.c.RepositoryConfigurationDelegate - Multiple Spring Data modules found, entering strict repository configuration mode
2026-10-06 20:50:01.415 [restartedMain] INFO  [] o.s.d.r.c.RepositoryConfigurationDelegate - Bootstrapping Spring Data JPA repositories in DEFAULT mode.
2026-10-06 20:50:01.639 [restartedMain] INFO  [] o.s.d.r.c.RepositoryConfigurationDelegate - Finished Spring Data repository scanning in 211 ms. Found 5 JPA repository interfaces.
2026-10-06 20:50:01.675 [restartedMain] INFO  [] o.s.d.r.c.RepositoryConfigurationDelegate - Multiple Spring Data modules found, entering strict repository configuration mode
2026-10-06 20:50:01.675 [restartedMain] INFO  [] o.s.d.r.c.RepositoryConfigurationDelegate - Bootstrapping Spring Data Redis repositories in DEFAULT mode.
2026-10-06 20:50:01.705 [restartedMain] INFO  [] o.s.d.r.c.RepositoryConfigurationExtensionSupport - Spring Data Redis - Could not safely identify store assignment for repository candidate interface com.delivery.delivery_api.repository.ClienteRepository; If you want this repository to be a Redis repository, consider annotating your entities with one of these annotations: org.springframework.data.redis.core.RedisHash (preferred), or consider extending one of the following types with your repository: org.springframework.data.keyvalue.repository.KeyValueRepository
2026-10-06 20:50:01.705 [restartedMain] INFO  [] o.s.d.r.c.RepositoryConfigurationExtensionSupport - Spring Data Redis - Could not safely identify store assignment for repository candidate interface com.delivery.delivery_api.repository.PedidoRepository; If you want this repository to be a Redis repository, consider annotating your entities with one of these annotations: org.springframework.data.redis.core.RedisHash (preferred), or consider extending one of the following types with your repository: org.springframework.data.keyvalue.repository.KeyValueRepository
2026-10-06 20:50:01.705 [restartedMain] INFO  [] o.s.d.r.c.RepositoryConfigurationExtensionSupport - Spring Data Redis - Could not safely identify store assignment for repository candidate interface com.delivery.delivery_api.repository.ProdutoRepository; If you want this repository to be a Redis repository, consider annotating your entities with one of these annotations: org.springframework.data.redis.core.RedisHash (preferred), or consider extending one of the following types with your repository: org.springframework.data.keyvalue.repository.KeyValueRepository
2026-10-06 20:50:01.705 [restartedMain] INFO  [] o.s.d.r.c.RepositoryConfigurationExtensionSupport - Spring Data Redis - Could not safely identify store assignment for repository candidate interface com.delivery.delivery_api.repository.RestauranteRepository; If you want this repository to be a Redis repository, consider annotating your entities with one of these annotations: org.springframework.data.redis.core.RedisHash (preferred), or consider extending one of the following types with your repository: org.springframework.data.keyvalue.repository.KeyValueRepository
2026-10-06 20:50:01.705 [restartedMain] INFO  [] o.s.d.r.c.RepositoryConfigurationExtensionSupport - Spring Data Redis - Could not safely identify store assignment for repository candidate interface com.delivery.delivery_api.repository.UsuarioRepository; If you want this repository to be a Redis repository, consider annotating your entities with one of these annotations: org.springframework.data.redis.core.RedisHash (preferred), or consider extending one of the following types with your repository: org.springframework.data.keyvalue.repository.KeyValueRepository
2026-10-06 20:50:01.705 [restartedMain] INFO  [] o.s.d.r.c.RepositoryConfigurationDelegate - Finished Spring Data repository scanning in 13 ms. Found 0 Redis repository interfaces.
2026-10-06 20:50:02.614 [restartedMain] INFO  [] o.s.boot.tomcat.TomcatWebServer - Tomcat initialized with port 8080 (http)
2026-10-06 20:50:02.632 [restartedMain] INFO  [] o.a.coyote.http11.Http11NioProtocol - Initializing ProtocolHandler ["http-nio-8080"]
2026-10-06 20:50:02.635 [restartedMain] INFO  [] o.a.catalina.core.StandardService - Starting service [Tomcat]
2026-10-06 20:50:02.635 [restartedMain] INFO  [] o.a.catalina.core.StandardEngine - Starting Servlet engine: [Apache Tomcat/11.0.24]
2026-10-06 20:50:02.708 [restartedMain] INFO  [] o.s.b.w.c.s.WebApplicationContextInitializer - Root WebApplicationContext: initialization completed in 2756 ms
2026-10-06 20:50:03.985 [restartedMain] INFO  [] o.s.o.j.p.SpringPersistenceUnitInfo - No LoadTimeWeaver setup: ignoring JPA class transformer
2026-10-06 20:50:04.019 [restartedMain] INFO  [] com.zaxxer.hikari.HikariDataSource - HikariPool-1 - Starting...
2026-10-06 20:50:04.272 [restartedMain] INFO  [] com.zaxxer.hikari.pool.HikariPool - HikariPool-1 - Added connection conn0: url=jdbc:h2:mem:deliverydb user=SA
2026-10-06 20:50:04.272 [restartedMain] INFO  [] com.zaxxer.hikari.HikariDataSource - HikariPool-1 - Start completed.
2026-10-06 20:50:04.303 [restartedMain] WARN  [] org.hibernate.orm.deprecation - HHH90000025: H2Dialect does not need to be specified explicitly using 'hibernate.dialect' (remove the property setting and it will be selected by default)
2026-10-06 20:50:05.635 [restartedMain] INFO  [] o.s.o.j.LocalContainerEntityManagerFactoryBean - Initialized JPA EntityManagerFactory for persistence unit 'default'
2026-10-06 20:50:05.735 [restartedMain] INFO  [] o.s.d.j.r.q.QueryEnhancerFactories - Hibernate is in classpath; If applicable, HQL parser will be used.
2026-10-06 20:50:05.935 [restartedMain] ERROR [] o.s.b.t.s.DeferredServletContainerInitializers - Error starting Tomcat context. Exception: org.springframework.beans.factory.UnsatisfiedDependencyException. Message: Error creating bean with name 'jwtAuthenticationFilter': Unsatisfied dependency expressed through field 'authService': Error creating bean with name 'authService': Unsatisfied dependency expressed through field 'passwordEncoder': No qualifying bean of type 'org.springframework.security.crypto.password.PasswordEncoder' available: expected at least 1 bean which qualifies as autowire candidate. Dependency annotations: {@org.springframework.beans.factory.annotation.Autowired(required=true)}
2026-10-06 20:50:05.968 [restartedMain] INFO  [] o.a.catalina.core.StandardService - Stopping service [Tomcat]
2026-10-06 20:50:05.968 [restartedMain] WARN  [] o.a.c.loader.WebappClassLoaderBase - The web application [ROOT] appears to have started a thread named [HikariPool-1:housekeeper] but has failed to stop it. This is very likely to create a memory leak. Stack trace of thread:
 java.base/jdk.internal.misc.Unsafe.park(Native Method)
 java.base/java.util.concurrent.locks.LockSupport.parkNanos(LockSupport.java:269)
 java.base/java.util.concurrent.locks.AbstractQueuedSynchronizer$ConditionObject.awaitNanos(AbstractQueuedSynchronizer.java:1763)
 java.base/java.util.concurrent.ScheduledThreadPoolExecutor$DelayedWorkQueue.take(ScheduledThreadPoolExecutor.java:1182)
 java.base/java.util.concurrent.ScheduledThreadPoolExecutor$DelayedWorkQueue.take(ScheduledThreadPoolExecutor.java:899)
 java.base/java.util.concurrent.ThreadPoolExecutor.getTask(ThreadPoolExecutor.java:1070)
 java.base/java.util.concurrent.ThreadPoolExecutor.runWorker(ThreadPoolExecutor.java:1130)
 java.base/java.util.concurrent.ThreadPoolExecutor$Worker.run(ThreadPoolExecutor.java:642)
 java.base/java.lang.Thread.run(Thread.java:1583)
2026-10-06 20:50:05.968 [restartedMain] WARN  [] o.a.c.loader.WebappClassLoaderBase - The web application [ROOT] appears to have started a thread named [HikariPool-1:connection-adder] but has failed to stop it. This is very likely to create a memory leak. Stack trace of thread:
 java.base/jdk.internal.misc.Unsafe.park(Native Method)
 java.base/java.util.concurrent.locks.LockSupport.parkNanos(LockSupport.java:269)
 java.base/java.util.concurrent.locks.AbstractQueuedSynchronizer$ConditionObject.awaitNanos(AbstractQueuedSynchronizer.java:1763)
 java.base/java.util.concurrent.LinkedBlockingQueue.poll(LinkedBlockingQueue.java:460)
 java.base/java.util.concurrent.ThreadPoolExecutor.getTask(ThreadPoolExecutor.java:1069)
 java.base/java.util.concurrent.ThreadPoolExecutor.runWorker(ThreadPoolExecutor.java:1130)
 java.base/java.util.concurrent.ThreadPoolExecutor$Worker.run(ThreadPoolExecutor.java:642)
 java.base/java.lang.Thread.run(Thread.java:1583)
2026-10-06 20:50:05.985 [restartedMain] WARN  [] o.s.b.w.s.s.c.AnnotationConfigServletWebServerApplicationContext - Exception encountered during context initialization - cancelling refresh attempt: org.springframework.context.ApplicationContextException: Unable to start web server
2026-10-06 20:50:05.985 [restartedMain] INFO  [] o.s.o.j.LocalContainerEntityManagerFactoryBean - Closing JPA EntityManagerFactory for persistence unit 'default'
2026-10-06 20:50:05.996 [restartedMain] WARN  [] o.s.b.f.s.DisposableBeanAdapter - Invocation of destroy method failed on bean with name 'inMemoryDatabaseShutdownExecutor': org.h2.jdbc.JdbcSQLNonTransientConnectionException: Database is already closed (to disable automatic closing at VM shutdown, add ";DB_CLOSE_ON_EXIT=FALSE" to the db URL) [90121-240]
2026-10-06 20:50:06.000 [restartedMain] INFO  [] com.zaxxer.hikari.HikariDataSource - HikariPool-1 - Shutdown initiated...
2026-10-06 20:50:06.002 [restartedMain] INFO  [] com.zaxxer.hikari.HikariDataSource - HikariPool-1 - Shutdown completed.
2026-10-06 20:50:07.017 [restartedMain] WARN  [] z.r.i.AsyncReporter$BoundedAsyncReporter - Timed out waiting for in-flight spans to send
2026-10-06 20:50:07.021 [restartedMain] INFO  [] o.s.b.a.l.ConditionEvaluationReportLogger - 

Error starting ApplicationContext. To display the condition evaluation report re-run your application with 'debug' enabled.
2026-10-06 20:50:07.049 [restartedMain] ERROR [] o.s.b.d.LoggingFailureAnalysisReporter - 

***************************
APPLICATION FAILED TO START
***************************

Description:

Field passwordEncoder in com.delivery.delivery_api.service.AuthService required a bean of type 'org.springframework.security.crypto.password.PasswordEncoder' that could not be found.

The injection point has the following annotations:
	- @org.springframework.beans.factory.annotation.Autowired(required=true)


Action:

Consider defining a bean of type 'org.springframework.security.crypto.password.PasswordEncoder' in your configuration.

2026-10-06 20:51:03.065 [restartedMain] INFO  [] c.d.d.DeliveryApiApplication - Starting DeliveryApiApplication using Java 21.0.12 with PID 6916 (C:\Marinho_Matheus\FAT\delivery_api\target\classes started by anama in C:\Marinho_Matheus\FAT\delivery_api)
2026-10-06 20:51:03.071 [restartedMain] DEBUG [] c.d.d.DeliveryApiApplication - Running with Spring Boot v4.1.1, Spring v7.0.9
2026-10-06 20:51:03.073 [restartedMain] INFO  [] c.d.d.DeliveryApiApplication - No active profile set, falling back to 1 default profile: "default"
2026-10-06 20:51:03.160 [restartedMain] INFO  [] o.s.b.d.e.DevToolsPropertyDefaultsPostProcessor - Devtools property defaults active! Set 'spring.devtools.add-properties' to 'false' to disable
2026-10-06 20:51:03.160 [restartedMain] INFO  [] o.s.b.d.e.DevToolsPropertyDefaultsPostProcessor - For additional web related logging consider setting the 'logging.level.web' property to 'DEBUG'
2026-10-06 20:51:06.482 [restartedMain] INFO  [] o.s.d.r.c.RepositoryConfigurationDelegate - Multiple Spring Data modules found, entering strict repository configuration mode
2026-10-06 20:51:06.492 [restartedMain] INFO  [] o.s.d.r.c.RepositoryConfigurationDelegate - Bootstrapping Spring Data JPA repositories in DEFAULT mode.
2026-10-06 20:51:07.056 [restartedMain] INFO  [] o.s.d.r.c.RepositoryConfigurationDelegate - Finished Spring Data repository scanning in 532 ms. Found 5 JPA repository interfaces.
2026-10-06 20:51:07.125 [restartedMain] INFO  [] o.s.d.r.c.RepositoryConfigurationDelegate - Multiple Spring Data modules found, entering strict repository configuration mode
2026-10-06 20:51:07.128 [restartedMain] INFO  [] o.s.d.r.c.RepositoryConfigurationDelegate - Bootstrapping Spring Data Redis repositories in DEFAULT mode.
2026-10-06 20:51:07.185 [restartedMain] INFO  [] o.s.d.r.c.RepositoryConfigurationExtensionSupport - Spring Data Redis - Could not safely identify store assignment for repository candidate interface com.delivery.delivery_api.repository.ClienteRepository; If you want this repository to be a Redis repository, consider annotating your entities with one of these annotations: org.springframework.data.redis.core.RedisHash (preferred), or consider extending one of the following types with your repository: org.springframework.data.keyvalue.repository.KeyValueRepository
2026-10-06 20:51:07.187 [restartedMain] INFO  [] o.s.d.r.c.RepositoryConfigurationExtensionSupport - Spring Data Redis - Could not safely identify store assignment for repository candidate interface com.delivery.delivery_api.repository.PedidoRepository; If you want this repository to be a Redis repository, consider annotating your entities with one of these annotations: org.springframework.data.redis.core.RedisHash (preferred), or consider extending one of the following types with your repository: org.springframework.data.keyvalue.repository.KeyValueRepository
2026-10-06 20:51:07.188 [restartedMain] INFO  [] o.s.d.r.c.RepositoryConfigurationExtensionSupport - Spring Data Redis - Could not safely identify store assignment for repository candidate interface com.delivery.delivery_api.repository.ProdutoRepository; If you want this repository to be a Redis repository, consider annotating your entities with one of these annotations: org.springframework.data.redis.core.RedisHash (preferred), or consider extending one of the following types with your repository: org.springframework.data.keyvalue.repository.KeyValueRepository
2026-10-06 20:51:07.188 [restartedMain] INFO  [] o.s.d.r.c.RepositoryConfigurationExtensionSupport - Spring Data Redis - Could not safely identify store assignment for repository candidate interface com.delivery.delivery_api.repository.RestauranteRepository; If you want this repository to be a Redis repository, consider annotating your entities with one of these annotations: org.springframework.data.redis.core.RedisHash (preferred), or consider extending one of the following types with your repository: org.springframework.data.keyvalue.repository.KeyValueRepository
2026-10-06 20:51:07.188 [restartedMain] INFO  [] o.s.d.r.c.RepositoryConfigurationExtensionSupport - Spring Data Redis - Could not safely identify store assignment for repository candidate interface com.delivery.delivery_api.repository.UsuarioRepository; If you want this repository to be a Redis repository, consider annotating your entities with one of these annotations: org.springframework.data.redis.core.RedisHash (preferred), or consider extending one of the following types with your repository: org.springframework.data.keyvalue.repository.KeyValueRepository
2026-10-06 20:51:07.191 [restartedMain] INFO  [] o.s.d.r.c.RepositoryConfigurationDelegate - Finished Spring Data repository scanning in 30 ms. Found 0 Redis repository interfaces.
2026-10-06 20:51:09.777 [restartedMain] INFO  [] o.s.boot.tomcat.TomcatWebServer - Tomcat initialized with port 8080 (http)
2026-10-06 20:51:09.832 [restartedMain] INFO  [] o.a.coyote.http11.Http11NioProtocol - Initializing ProtocolHandler ["http-nio-8080"]
2026-10-06 20:51:09.834 [restartedMain] INFO  [] o.a.catalina.core.StandardService - Starting service [Tomcat]
2026-10-06 20:51:09.834 [restartedMain] INFO  [] o.a.catalina.core.StandardEngine - Starting Servlet engine: [Apache Tomcat/11.0.24]
2026-10-06 20:51:09.986 [restartedMain] INFO  [] o.s.b.w.c.s.WebApplicationContextInitializer - Root WebApplicationContext: initialization completed in 6822 ms
2026-10-06 20:51:12.921 [restartedMain] INFO  [] o.s.o.j.p.SpringPersistenceUnitInfo - No LoadTimeWeaver setup: ignoring JPA class transformer
2026-10-06 20:51:13.015 [restartedMain] INFO  [] com.zaxxer.hikari.HikariDataSource - HikariPool-1 - Starting...
2026-10-06 20:51:13.550 [restartedMain] INFO  [] com.zaxxer.hikari.pool.HikariPool - HikariPool-1 - Added connection conn0: url=jdbc:h2:mem:deliverydb user=SA
2026-10-06 20:51:13.552 [restartedMain] INFO  [] com.zaxxer.hikari.HikariDataSource - HikariPool-1 - Start completed.
2026-10-06 20:51:13.744 [restartedMain] WARN  [] org.hibernate.orm.deprecation - HHH90000025: H2Dialect does not need to be specified explicitly using 'hibernate.dialect' (remove the property setting and it will be selected by default)
2026-10-06 20:51:16.287 [restartedMain] INFO  [] o.s.o.j.LocalContainerEntityManagerFactoryBean - Initialized JPA EntityManagerFactory for persistence unit 'default'
2026-10-06 20:51:16.463 [restartedMain] INFO  [] o.s.d.j.r.q.QueryEnhancerFactories - Hibernate is in classpath; If applicable, HQL parser will be used.
2026-10-06 20:51:16.871 [restartedMain] ERROR [] o.s.b.t.s.DeferredServletContainerInitializers - Error starting Tomcat context. Exception: org.springframework.beans.factory.UnsatisfiedDependencyException. Message: Error creating bean with name 'jwtAuthenticationFilter': Unsatisfied dependency expressed through field 'authService': Error creating bean with name 'authService': Unsatisfied dependency expressed through field 'passwordEncoder': Error creating bean with name 'securityConfig': Unsatisfied dependency expressed through field 'authService': Error creating bean with name 'authService': Requested bean is currently in creation: Is there an unresolvable circular reference or an asynchronous initialization dependency?
2026-10-06 20:51:16.919 [restartedMain] INFO  [] o.a.catalina.core.StandardService - Stopping service [Tomcat]
2026-10-06 20:51:16.922 [restartedMain] WARN  [] o.a.c.loader.WebappClassLoaderBase - The web application [ROOT] appears to have started a thread named [HikariPool-1:housekeeper] but has failed to stop it. This is very likely to create a memory leak. Stack trace of thread:
 java.base/jdk.internal.misc.Unsafe.park(Native Method)
 java.base/java.util.concurrent.locks.LockSupport.parkNanos(LockSupport.java:269)
 java.base/java.util.concurrent.locks.AbstractQueuedSynchronizer$ConditionObject.awaitNanos(AbstractQueuedSynchronizer.java:1763)
 java.base/java.util.concurrent.ScheduledThreadPoolExecutor$DelayedWorkQueue.take(ScheduledThreadPoolExecutor.java:1182)
 java.base/java.util.concurrent.ScheduledThreadPoolExecutor$DelayedWorkQueue.take(ScheduledThreadPoolExecutor.java:899)
 java.base/java.util.concurrent.ThreadPoolExecutor.getTask(ThreadPoolExecutor.java:1070)
 java.base/java.util.concurrent.ThreadPoolExecutor.runWorker(ThreadPoolExecutor.java:1130)
 java.base/java.util.concurrent.ThreadPoolExecutor$Worker.run(ThreadPoolExecutor.java:642)
 java.base/java.lang.Thread.run(Thread.java:1583)
2026-10-06 20:51:16.922 [restartedMain] WARN  [] o.a.c.loader.WebappClassLoaderBase - The web application [ROOT] appears to have started a thread named [HikariPool-1:connection-adder] but has failed to stop it. This is very likely to create a memory leak. Stack trace of thread:
 java.base/jdk.internal.misc.Unsafe.park(Native Method)
 java.base/java.util.concurrent.locks.LockSupport.parkNanos(LockSupport.java:269)
 java.base/java.util.concurrent.locks.AbstractQueuedSynchronizer$ConditionObject.awaitNanos(AbstractQueuedSynchronizer.java:1763)
 java.base/java.util.concurrent.LinkedBlockingQueue.poll(LinkedBlockingQueue.java:460)
 java.base/java.util.concurrent.ThreadPoolExecutor.getTask(ThreadPoolExecutor.java:1069)
 java.base/java.util.concurrent.ThreadPoolExecutor.runWorker(ThreadPoolExecutor.java:1130)
 java.base/java.util.concurrent.ThreadPoolExecutor$Worker.run(ThreadPoolExecutor.java:642)
 java.base/java.lang.Thread.run(Thread.java:1583)
2026-10-06 20:51:16.937 [restartedMain] WARN  [] o.s.b.w.s.s.c.AnnotationConfigServletWebServerApplicationContext - Exception encountered during context initialization - cancelling refresh attempt: org.springframework.context.ApplicationContextException: Unable to start web server
2026-10-06 20:51:16.937 [restartedMain] INFO  [] o.s.o.j.LocalContainerEntityManagerFactoryBean - Closing JPA EntityManagerFactory for persistence unit 'default'
2026-10-06 20:51:16.957 [restartedMain] WARN  [] o.s.b.f.s.DisposableBeanAdapter - Invocation of destroy method failed on bean with name 'inMemoryDatabaseShutdownExecutor': org.h2.jdbc.JdbcSQLNonTransientConnectionException: Database is already closed (to disable automatic closing at VM shutdown, add ";DB_CLOSE_ON_EXIT=FALSE" to the db URL) [90121-240]
2026-10-06 20:51:16.958 [restartedMain] INFO  [] com.zaxxer.hikari.HikariDataSource - HikariPool-1 - Shutdown initiated...
2026-10-06 20:51:16.960 [restartedMain] INFO  [] com.zaxxer.hikari.HikariDataSource - HikariPool-1 - Shutdown completed.
2026-10-06 20:51:17.965 [restartedMain] WARN  [] z.r.i.AsyncReporter$BoundedAsyncReporter - Timed out waiting for in-flight spans to send
2026-10-06 20:51:17.977 [restartedMain] INFO  [] o.s.b.a.l.ConditionEvaluationReportLogger - 

Error starting ApplicationContext. To display the condition evaluation report re-run your application with 'debug' enabled.
2026-10-06 20:51:18.039 [restartedMain] ERROR [] o.s.b.d.LoggingFailureAnalysisReporter - 

***************************
APPLICATION FAILED TO START
***************************

Description:

The dependencies of some of the beans in the application context form a cycle:

   jwtAuthenticationFilter (field private com.delivery.delivery_api.service.AuthService com.delivery.delivery_api.security.JwtAuthenticationFilter.authService)
┌─────┐
|  authService (field private org.springframework.security.crypto.password.PasswordEncoder com.delivery.delivery_api.service.AuthService.passwordEncoder)
↑     ↓
|  securityConfig (field private com.delivery.delivery_api.service.AuthService com.delivery.delivery_api.config.SecurityConfig.authService)
└─────┘


Action:

Relying upon circular references is discouraged and they are prohibited by default. Update your application to remove the dependency cycle between beans. As a last resort, it may be possible to break the cycle automatically by setting spring.main.allow-circular-references to true.

2026-10-06 20:52:46.956 [restartedMain] INFO  [] c.d.d.DeliveryApiApplication - Starting DeliveryApiApplication using Java 21.0.12 with PID 13004 (C:\Marinho_Matheus\FAT\delivery_api\target\classes started by anama in C:\Marinho_Matheus\FAT\delivery_api)
2026-10-06 20:52:46.960 [restartedMain] DEBUG [] c.d.d.DeliveryApiApplication - Running with Spring Boot v4.1.1, Spring v7.0.9
2026-10-06 20:52:46.964 [restartedMain] INFO  [] c.d.d.DeliveryApiApplication - No active profile set, falling back to 1 default profile: "default"
2026-10-06 20:52:47.048 [restartedMain] INFO  [] o.s.b.d.e.DevToolsPropertyDefaultsPostProcessor - Devtools property defaults active! Set 'spring.devtools.add-properties' to 'false' to disable
2026-10-06 20:52:47.050 [restartedMain] INFO  [] o.s.b.d.e.DevToolsPropertyDefaultsPostProcessor - For additional web related logging consider setting the 'logging.level.web' property to 'DEBUG'
2026-10-06 20:52:49.024 [restartedMain] INFO  [] o.s.d.r.c.RepositoryConfigurationDelegate - Multiple Spring Data modules found, entering strict repository configuration mode
2026-10-06 20:52:49.026 [restartedMain] INFO  [] o.s.d.r.c.RepositoryConfigurationDelegate - Bootstrapping Spring Data JPA repositories in DEFAULT mode.
2026-10-06 20:52:49.258 [restartedMain] INFO  [] o.s.d.r.c.RepositoryConfigurationDelegate - Finished Spring Data repository scanning in 217 ms. Found 5 JPA repository interfaces.
2026-10-06 20:52:49.311 [restartedMain] INFO  [] o.s.d.r.c.RepositoryConfigurationDelegate - Multiple Spring Data modules found, entering strict repository configuration mode
2026-10-06 20:52:49.311 [restartedMain] INFO  [] o.s.d.r.c.RepositoryConfigurationDelegate - Bootstrapping Spring Data Redis repositories in DEFAULT mode.
2026-10-06 20:52:49.341 [restartedMain] INFO  [] o.s.d.r.c.RepositoryConfigurationExtensionSupport - Spring Data Redis - Could not safely identify store assignment for repository candidate interface com.delivery.delivery_api.repository.ClienteRepository; If you want this repository to be a Redis repository, consider annotating your entities with one of these annotations: org.springframework.data.redis.core.RedisHash (preferred), or consider extending one of the following types with your repository: org.springframework.data.keyvalue.repository.KeyValueRepository
2026-10-06 20:52:49.343 [restartedMain] INFO  [] o.s.d.r.c.RepositoryConfigurationExtensionSupport - Spring Data Redis - Could not safely identify store assignment for repository candidate interface com.delivery.delivery_api.repository.PedidoRepository; If you want this repository to be a Redis repository, consider annotating your entities with one of these annotations: org.springframework.data.redis.core.RedisHash (preferred), or consider extending one of the following types with your repository: org.springframework.data.keyvalue.repository.KeyValueRepository
2026-10-06 20:52:49.343 [restartedMain] INFO  [] o.s.d.r.c.RepositoryConfigurationExtensionSupport - Spring Data Redis - Could not safely identify store assignment for repository candidate interface com.delivery.delivery_api.repository.ProdutoRepository; If you want this repository to be a Redis repository, consider annotating your entities with one of these annotations: org.springframework.data.redis.core.RedisHash (preferred), or consider extending one of the following types with your repository: org.springframework.data.keyvalue.repository.KeyValueRepository
2026-10-06 20:52:49.343 [restartedMain] INFO  [] o.s.d.r.c.RepositoryConfigurationExtensionSupport - Spring Data Redis - Could not safely identify store assignment for repository candidate interface com.delivery.delivery_api.repository.RestauranteRepository; If you want this repository to be a Redis repository, consider annotating your entities with one of these annotations: org.springframework.data.redis.core.RedisHash (preferred), or consider extending one of the following types with your repository: org.springframework.data.keyvalue.repository.KeyValueRepository
2026-10-06 20:52:49.343 [restartedMain] INFO  [] o.s.d.r.c.RepositoryConfigurationExtensionSupport - Spring Data Redis - Could not safely identify store assignment for repository candidate interface com.delivery.delivery_api.repository.UsuarioRepository; If you want this repository to be a Redis repository, consider annotating your entities with one of these annotations: org.springframework.data.redis.core.RedisHash (preferred), or consider extending one of the following types with your repository: org.springframework.data.keyvalue.repository.KeyValueRepository
2026-10-06 20:52:49.346 [restartedMain] INFO  [] o.s.d.r.c.RepositoryConfigurationDelegate - Finished Spring Data repository scanning in 17 ms. Found 0 Redis repository interfaces.
2026-10-06 20:52:50.442 [restartedMain] INFO  [] o.s.boot.tomcat.TomcatWebServer - Tomcat initialized with port 8080 (http)
2026-10-06 20:52:50.459 [restartedMain] INFO  [] o.a.coyote.http11.Http11NioProtocol - Initializing ProtocolHandler ["http-nio-8080"]
2026-10-06 20:52:50.459 [restartedMain] INFO  [] o.a.catalina.core.StandardService - Starting service [Tomcat]
2026-10-06 20:52:50.459 [restartedMain] INFO  [] o.a.catalina.core.StandardEngine - Starting Servlet engine: [Apache Tomcat/11.0.24]
2026-10-06 20:52:50.526 [restartedMain] INFO  [] o.s.b.w.c.s.WebApplicationContextInitializer - Root WebApplicationContext: initialization completed in 3475 ms
2026-10-06 20:52:51.942 [restartedMain] INFO  [] o.s.o.j.p.SpringPersistenceUnitInfo - No LoadTimeWeaver setup: ignoring JPA class transformer
2026-10-06 20:52:52.001 [restartedMain] INFO  [] com.zaxxer.hikari.HikariDataSource - HikariPool-1 - Starting...
2026-10-06 20:52:52.352 [restartedMain] INFO  [] com.zaxxer.hikari.pool.HikariPool - HikariPool-1 - Added connection conn0: url=jdbc:h2:mem:deliverydb user=SA
2026-10-06 20:52:52.354 [restartedMain] INFO  [] com.zaxxer.hikari.HikariDataSource - HikariPool-1 - Start completed.
2026-10-06 20:52:52.398 [restartedMain] WARN  [] org.hibernate.orm.deprecation - HHH90000025: H2Dialect does not need to be specified explicitly using 'hibernate.dialect' (remove the property setting and it will be selected by default)
2026-10-06 20:52:54.015 [restartedMain] INFO  [] o.s.o.j.LocalContainerEntityManagerFactoryBean - Initialized JPA EntityManagerFactory for persistence unit 'default'
2026-10-06 20:52:54.154 [restartedMain] INFO  [] o.s.d.j.r.q.QueryEnhancerFactories - Hibernate is in classpath; If applicable, HQL parser will be used.
2026-10-06 20:52:54.473 [restartedMain] ERROR [] o.s.b.t.s.DeferredServletContainerInitializers - Error starting Tomcat context. Exception: org.springframework.beans.factory.UnsatisfiedDependencyException. Message: Error creating bean with name 'jwtAuthenticationFilter': Unsatisfied dependency expressed through field 'jwtUtil': Error creating bean with name 'jwtUtil': Injection of autowired dependencies failed
2026-10-06 20:52:54.520 [restartedMain] INFO  [] o.a.catalina.core.StandardService - Stopping service [Tomcat]
2026-10-06 20:52:54.520 [restartedMain] WARN  [] o.a.c.loader.WebappClassLoaderBase - The web application [ROOT] appears to have started a thread named [HikariPool-1:housekeeper] but has failed to stop it. This is very likely to create a memory leak. Stack trace of thread:
 java.base/jdk.internal.misc.Unsafe.park(Native Method)
 java.base/java.util.concurrent.locks.LockSupport.parkNanos(LockSupport.java:269)
 java.base/java.util.concurrent.locks.AbstractQueuedSynchronizer$ConditionObject.awaitNanos(AbstractQueuedSynchronizer.java:1763)
 java.base/java.util.concurrent.ScheduledThreadPoolExecutor$DelayedWorkQueue.take(ScheduledThreadPoolExecutor.java:1182)
 java.base/java.util.concurrent.ScheduledThreadPoolExecutor$DelayedWorkQueue.take(ScheduledThreadPoolExecutor.java:899)
 java.base/java.util.concurrent.ThreadPoolExecutor.getTask(ThreadPoolExecutor.java:1070)
 java.base/java.util.concurrent.ThreadPoolExecutor.runWorker(ThreadPoolExecutor.java:1130)
 java.base/java.util.concurrent.ThreadPoolExecutor$Worker.run(ThreadPoolExecutor.java:642)
 java.base/java.lang.Thread.run(Thread.java:1583)
2026-10-06 20:52:54.520 [restartedMain] WARN  [] o.a.c.loader.WebappClassLoaderBase - The web application [ROOT] appears to have started a thread named [HikariPool-1:connection-adder] but has failed to stop it. This is very likely to create a memory leak. Stack trace of thread:
 java.base/jdk.internal.misc.Unsafe.park(Native Method)
 java.base/java.util.concurrent.locks.LockSupport.parkNanos(LockSupport.java:269)
 java.base/java.util.concurrent.locks.AbstractQueuedSynchronizer$ConditionObject.awaitNanos(AbstractQueuedSynchronizer.java:1763)
 java.base/java.util.concurrent.LinkedBlockingQueue.poll(LinkedBlockingQueue.java:460)
 java.base/java.util.concurrent.ThreadPoolExecutor.getTask(ThreadPoolExecutor.java:1069)
 java.base/java.util.concurrent.ThreadPoolExecutor.runWorker(ThreadPoolExecutor.java:1130)
 java.base/java.util.concurrent.ThreadPoolExecutor$Worker.run(ThreadPoolExecutor.java:642)
 java.base/java.lang.Thread.run(Thread.java:1583)
2026-10-06 20:52:54.533 [restartedMain] WARN  [] o.s.b.w.s.s.c.AnnotationConfigServletWebServerApplicationContext - Exception encountered during context initialization - cancelling refresh attempt: org.springframework.context.ApplicationContextException: Unable to start web server
2026-10-06 20:52:54.533 [restartedMain] INFO  [] o.s.o.j.LocalContainerEntityManagerFactoryBean - Closing JPA EntityManagerFactory for persistence unit 'default'
2026-10-06 20:52:54.542 [restartedMain] WARN  [] o.s.b.f.s.DisposableBeanAdapter - Invocation of destroy method failed on bean with name 'inMemoryDatabaseShutdownExecutor': org.h2.jdbc.JdbcSQLNonTransientConnectionException: Database is already closed (to disable automatic closing at VM shutdown, add ";DB_CLOSE_ON_EXIT=FALSE" to the db URL) [90121-240]
2026-10-06 20:52:54.542 [restartedMain] INFO  [] com.zaxxer.hikari.HikariDataSource - HikariPool-1 - Shutdown initiated...
2026-10-06 20:52:54.542 [restartedMain] INFO  [] com.zaxxer.hikari.HikariDataSource - HikariPool-1 - Shutdown completed.
2026-10-06 20:52:55.556 [restartedMain] WARN  [] z.r.i.AsyncReporter$BoundedAsyncReporter - Timed out waiting for in-flight spans to send
2026-10-06 20:52:55.565 [restartedMain] INFO  [] o.s.b.a.l.ConditionEvaluationReportLogger - 

Error starting ApplicationContext. To display the condition evaluation report re-run your application with 'debug' enabled.
2026-10-06 20:52:55.594 [restartedMain] ERROR [] o.s.boot.SpringApplication - Application run failed
org.springframework.context.ApplicationContextException: Unable to start web server
	at org.springframework.boot.web.server.servlet.context.ServletWebServerApplicationContext.onRefresh(ServletWebServerApplicationContext.java:167)
	at org.springframework.context.support.AbstractApplicationContext.refresh(AbstractApplicationContext.java:615)
	at org.springframework.boot.web.server.servlet.context.ServletWebServerApplicationContext.refresh(ServletWebServerApplicationContext.java:143)
	at org.springframework.boot.SpringApplication.refresh(SpringApplication.java:756)
	at org.springframework.boot.SpringApplication.refreshContext(SpringApplication.java:445)
	at org.springframework.boot.SpringApplication.run(SpringApplication.java:321)
	at org.springframework.boot.SpringApplication.run(SpringApplication.java:1365)
	at org.springframework.boot.SpringApplication.run(SpringApplication.java:1354)
	at com.delivery.delivery_api.DeliveryApiApplication.main(DeliveryApiApplication.java:12)
	at java.base/jdk.internal.reflect.DirectMethodHandleAccessor.invoke(DirectMethodHandleAccessor.java:103)
	at java.base/java.lang.reflect.Method.invoke(Method.java:580)
	at org.springframework.boot.devtools.restart.RestartLauncher.run(RestartLauncher.java:52)
Caused by: org.springframework.boot.web.server.WebServerException: Unable to start embedded Tomcat
	at org.springframework.boot.tomcat.TomcatWebServer.initialize(TomcatWebServer.java:150)
	at org.springframework.boot.tomcat.TomcatWebServer.<init>(TomcatWebServer.java:110)
	at org.springframework.boot.tomcat.servlet.TomcatServletWebServerFactory.getTomcatWebServer(TomcatServletWebServerFactory.java:429)
	at org.springframework.boot.tomcat.servlet.TomcatServletWebServerFactory.getWebServer(TomcatServletWebServerFactory.java:167)
	at org.springframework.boot.web.server.servlet.context.ServletWebServerApplicationContext.createWebServer(ServletWebServerApplicationContext.java:190)
	at org.springframework.boot.web.server.servlet.context.ServletWebServerApplicationContext.onRefresh(ServletWebServerApplicationContext.java:164)
	... 11 common frames omitted
Caused by: org.springframework.beans.factory.UnsatisfiedDependencyException: Error creating bean with name 'jwtAuthenticationFilter': Unsatisfied dependency expressed through field 'jwtUtil': Error creating bean with name 'jwtUtil': Injection of autowired dependencies failed
	at org.springframework.beans.factory.annotation.AutowiredAnnotationBeanPostProcessor$AutowiredFieldElement.resolveFieldValue(AutowiredAnnotationBeanPostProcessor.java:767)
	at org.springframework.beans.factory.annotation.AutowiredAnnotationBeanPostProcessor$AutowiredFieldElement.inject(AutowiredAnnotationBeanPostProcessor.java:748)
	at org.springframework.beans.factory.annotation.InjectionMetadata.inject(InjectionMetadata.java:146)
	at org.springframework.beans.factory.annotation.AutowiredAnnotationBeanPostProcessor.postProcessProperties(AutowiredAnnotationBeanPostProcessor.java:493)
	at org.springframework.beans.factory.support.AbstractAutowireCapableBeanFactory.populateBean(AbstractAutowireCapableBeanFactory.java:1444)
	at org.springframework.beans.factory.support.AbstractAutowireCapableBeanFactory.doCreateBean(AbstractAutowireCapableBeanFactory.java:602)
	at org.springframework.beans.factory.support.AbstractAutowireCapableBeanFactory.createBean(AbstractAutowireCapableBeanFactory.java:525)
	at org.springframework.beans.factory.support.AbstractBeanFactory.lambda$doGetBean$0(AbstractBeanFactory.java:333)
	at org.springframework.beans.factory.support.DefaultSingletonBeanRegistry.getSingleton(DefaultSingletonBeanRegistry.java:371)
	at org.springframework.beans.factory.support.AbstractBeanFactory.doGetBean(AbstractBeanFactory.java:331)
	at org.springframework.beans.factory.support.AbstractBeanFactory.getBean(AbstractBeanFactory.java:201)
	at org.springframework.boot.web.servlet.ServletContextInitializerBeans.getOrderedBeansOfType(ServletContextInitializerBeans.java:231)
	at org.springframework.boot.web.servlet.ServletContextInitializerBeans.addAsRegistrationBean(ServletContextInitializerBeans.java:185)
	at org.springframework.boot.web.servlet.ServletContextInitializerBeans.addAsRegistrationBean(ServletContextInitializerBeans.java:180)
	at org.springframework.boot.web.servlet.ServletContextInitializerBeans.addAdaptableBeans(ServletContextInitializerBeans.java:165)
	at org.springframework.boot.web.servlet.ServletContextInitializerBeans.<init>(ServletContextInitializerBeans.java:97)
	at org.springframework.boot.web.context.servlet.WebApplicationContextInitializer.initialize(WebApplicationContextInitializer.java:53)
	at org.springframework.boot.tomcat.servlet.DeferredServletContainerInitializers.onStartup(DeferredServletContainerInitializers.java:55)
	at org.apache.catalina.core.StandardContext.startInternal(StandardContext.java:4573)
	at org.apache.catalina.util.LifecycleBase.start(LifecycleBase.java:170)
	at org.apache.catalina.core.ContainerBase$StartChild.call(ContainerBase.java:1204)
	at org.apache.catalina.core.ContainerBase$StartChild.call(ContainerBase.java:1200)
	at java.base/java.util.concurrent.FutureTask.run(FutureTask.java:317)
	at org.apache.tomcat.util.threads.InlineExecutorService.execute(InlineExecutorService.java:92)
	at java.base/java.util.concurrent.AbstractExecutorService.submit(AbstractExecutorService.java:145)
	at org.apache.catalina.core.ContainerBase.startInternal(ContainerBase.java:732)
	at org.apache.catalina.core.StandardHost.startInternal(StandardHost.java:794)
	at org.apache.catalina.util.LifecycleBase.start(LifecycleBase.java:170)
	at org.apache.catalina.core.ContainerBase$StartChild.call(ContainerBase.java:1204)
	at org.apache.catalina.core.ContainerBase$StartChild.call(ContainerBase.java:1200)
	at java.base/java.util.concurrent.FutureTask.run(FutureTask.java:317)
	at org.apache.tomcat.util.threads.InlineExecutorService.execute(InlineExecutorService.java:92)
	at java.base/java.util.concurrent.AbstractExecutorService.submit(AbstractExecutorService.java:145)
	at org.apache.catalina.core.ContainerBase.startInternal(ContainerBase.java:732)
	at org.apache.catalina.core.StandardEngine.startInternal(StandardEngine.java:201)
	at org.apache.catalina.util.LifecycleBase.start(LifecycleBase.java:170)
	at org.apache.catalina.core.StandardService.startInternal(StandardService.java:433)
	at org.apache.catalina.util.LifecycleBase.start(LifecycleBase.java:170)
	at org.apache.catalina.core.StandardServer.startInternal(StandardServer.java:871)
	at org.apache.catalina.util.LifecycleBase.start(LifecycleBase.java:170)
	at org.apache.catalina.startup.Tomcat.start(Tomcat.java:452)
	at org.springframework.boot.tomcat.TomcatWebServer.initialize(TomcatWebServer.java:131)
	... 16 common frames omitted
Caused by: org.springframework.beans.factory.BeanCreationException: Error creating bean with name 'jwtUtil': Injection of autowired dependencies failed
	at org.springframework.beans.factory.annotation.AutowiredAnnotationBeanPostProcessor.postProcessProperties(AutowiredAnnotationBeanPostProcessor.java:499)
	at org.springframework.beans.factory.support.AbstractAutowireCapableBeanFactory.populateBean(AbstractAutowireCapableBeanFactory.java:1444)
	at org.springframework.beans.factory.support.AbstractAutowireCapableBeanFactory.doCreateBean(AbstractAutowireCapableBeanFactory.java:602)
	at org.springframework.beans.factory.support.AbstractAutowireCapableBeanFactory.createBean(AbstractAutowireCapableBeanFactory.java:525)
	at org.springframework.beans.factory.support.AbstractBeanFactory.lambda$doGetBean$0(AbstractBeanFactory.java:333)
	at org.springframework.beans.factory.support.DefaultSingletonBeanRegistry.getSingleton(DefaultSingletonBeanRegistry.java:371)
	at org.springframework.beans.factory.support.AbstractBeanFactory.doGetBean(AbstractBeanFactory.java:331)
	at org.springframework.beans.factory.support.AbstractBeanFactory.getBean(AbstractBeanFactory.java:201)
	at org.springframework.beans.factory.support.DefaultListableBeanFactory.resolveBean(DefaultListableBeanFactory.java:1232)
	at org.springframework.beans.factory.support.DefaultListableBeanFactory.doResolveDependency(DefaultListableBeanFactory.java:1711)
	at org.springframework.beans.factory.support.DefaultListableBeanFactory.resolveDependency(DefaultListableBeanFactory.java:1658)
	at org.springframework.beans.factory.annotation.AutowiredAnnotationBeanPostProcessor$AutowiredFieldElement.resolveFieldValue(AutowiredAnnotationBeanPostProcessor.java:764)
	... 57 common frames omitted
Caused by: org.springframework.util.PlaceholderResolutionException: Could not resolve placeholder 'JWT_SECRET' in value "${JWT_SECRET}" <-- "${jwt.secret}"
	at org.springframework.util.PlaceholderResolutionException.withValue(PlaceholderResolutionException.java:81)
	at org.springframework.util.PlaceholderParser$ParsedValue.resolve(PlaceholderParser.java:296)
	at org.springframework.util.PlaceholderParser.replacePlaceholders(PlaceholderParser.java:129)
	at org.springframework.util.PropertyPlaceholderHelper.replacePlaceholders(PropertyPlaceholderHelper.java:96)
	at org.springframework.core.env.AbstractPropertyResolver.doResolvePlaceholders(AbstractPropertyResolver.java:286)
	at org.springframework.core.env.AbstractPropertyResolver.resolveRequiredPlaceholders(AbstractPropertyResolver.java:257)
	at org.springframework.context.support.PropertySourcesPlaceholderConfigurer.lambda$processProperties$0(PropertySourcesPlaceholderConfigurer.java:184)
	at org.springframework.beans.factory.support.AbstractBeanFactory.resolveEmbeddedValue(AbstractBeanFactory.java:959)
	at org.springframework.beans.factory.support.DefaultListableBeanFactory.doResolveDependency(DefaultListableBeanFactory.java:1679)
	at org.springframework.beans.factory.support.DefaultListableBeanFactory.resolveDependency(DefaultListableBeanFactory.java:1658)
	at org.springframework.beans.factory.annotation.AutowiredAnnotationBeanPostProcessor$AutowiredFieldElement.resolveFieldValue(AutowiredAnnotationBeanPostProcessor.java:764)
	at org.springframework.beans.factory.annotation.AutowiredAnnotationBeanPostProcessor$AutowiredFieldElement.inject(AutowiredAnnotationBeanPostProcessor.java:748)
	at org.springframework.beans.factory.annotation.InjectionMetadata.inject(InjectionMetadata.java:146)
	at org.springframework.beans.factory.annotation.AutowiredAnnotationBeanPostProcessor.postProcessProperties(AutowiredAnnotationBeanPostProcessor.java:493)
	... 68 common frames omitted
2026-10-06 20:54:14.690 [restartedMain] INFO  [] c.d.d.DeliveryApiApplication - Starting DeliveryApiApplication using Java 21.0.12 with PID 11424 (C:\Marinho_Matheus\FAT\delivery_api\target\classes started by anama in C:\Marinho_Matheus\FAT\delivery_api)
2026-10-06 20:54:14.690 [restartedMain] DEBUG [] c.d.d.DeliveryApiApplication - Running with Spring Boot v4.1.1, Spring v7.0.9
2026-10-06 20:54:14.690 [restartedMain] INFO  [] c.d.d.DeliveryApiApplication - No active profile set, falling back to 1 default profile: "default"
2026-10-06 20:54:14.738 [restartedMain] INFO  [] o.s.b.d.e.DevToolsPropertyDefaultsPostProcessor - Devtools property defaults active! Set 'spring.devtools.add-properties' to 'false' to disable
2026-10-06 20:54:14.738 [restartedMain] INFO  [] o.s.b.d.e.DevToolsPropertyDefaultsPostProcessor - For additional web related logging consider setting the 'logging.level.web' property to 'DEBUG'
2026-10-06 20:54:15.992 [restartedMain] INFO  [] o.s.d.r.c.RepositoryConfigurationDelegate - Multiple Spring Data modules found, entering strict repository configuration mode
2026-10-06 20:54:15.992 [restartedMain] INFO  [] o.s.d.r.c.RepositoryConfigurationDelegate - Bootstrapping Spring Data JPA repositories in DEFAULT mode.
2026-10-06 20:54:16.160 [restartedMain] INFO  [] o.s.d.r.c.RepositoryConfigurationDelegate - Finished Spring Data repository scanning in 151 ms. Found 5 JPA repository interfaces.
2026-10-06 20:54:16.187 [restartedMain] INFO  [] o.s.d.r.c.RepositoryConfigurationDelegate - Multiple Spring Data modules found, entering strict repository configuration mode
2026-10-06 20:54:16.190 [restartedMain] INFO  [] o.s.d.r.c.RepositoryConfigurationDelegate - Bootstrapping Spring Data Redis repositories in DEFAULT mode.
2026-10-06 20:54:16.212 [restartedMain] INFO  [] o.s.d.r.c.RepositoryConfigurationExtensionSupport - Spring Data Redis - Could not safely identify store assignment for repository candidate interface com.delivery.delivery_api.repository.ClienteRepository; If you want this repository to be a Redis repository, consider annotating your entities with one of these annotations: org.springframework.data.redis.core.RedisHash (preferred), or consider extending one of the following types with your repository: org.springframework.data.keyvalue.repository.KeyValueRepository
2026-10-06 20:54:16.212 [restartedMain] INFO  [] o.s.d.r.c.RepositoryConfigurationExtensionSupport - Spring Data Redis - Could not safely identify store assignment for repository candidate interface com.delivery.delivery_api.repository.PedidoRepository; If you want this repository to be a Redis repository, consider annotating your entities with one of these annotations: org.springframework.data.redis.core.RedisHash (preferred), or consider extending one of the following types with your repository: org.springframework.data.keyvalue.repository.KeyValueRepository
2026-10-06 20:54:16.212 [restartedMain] INFO  [] o.s.d.r.c.RepositoryConfigurationExtensionSupport - Spring Data Redis - Could not safely identify store assignment for repository candidate interface com.delivery.delivery_api.repository.ProdutoRepository; If you want this repository to be a Redis repository, consider annotating your entities with one of these annotations: org.springframework.data.redis.core.RedisHash (preferred), or consider extending one of the following types with your repository: org.springframework.data.keyvalue.repository.KeyValueRepository
2026-10-06 20:54:16.212 [restartedMain] INFO  [] o.s.d.r.c.RepositoryConfigurationExtensionSupport - Spring Data Redis - Could not safely identify store assignment for repository candidate interface com.delivery.delivery_api.repository.RestauranteRepository; If you want this repository to be a Redis repository, consider annotating your entities with one of these annotations: org.springframework.data.redis.core.RedisHash (preferred), or consider extending one of the following types with your repository: org.springframework.data.keyvalue.repository.KeyValueRepository
2026-10-06 20:54:16.212 [restartedMain] INFO  [] o.s.d.r.c.RepositoryConfigurationExtensionSupport - Spring Data Redis - Could not safely identify store assignment for repository candidate interface com.delivery.delivery_api.repository.UsuarioRepository; If you want this repository to be a Redis repository, consider annotating your entities with one of these annotations: org.springframework.data.redis.core.RedisHash (preferred), or consider extending one of the following types with your repository: org.springframework.data.keyvalue.repository.KeyValueRepository
2026-10-06 20:54:16.218 [restartedMain] INFO  [] o.s.d.r.c.RepositoryConfigurationDelegate - Finished Spring Data repository scanning in 12 ms. Found 0 Redis repository interfaces.
2026-10-06 20:54:17.054 [restartedMain] INFO  [] o.s.boot.tomcat.TomcatWebServer - Tomcat initialized with port 8080 (http)
2026-10-06 20:54:17.083 [restartedMain] INFO  [] o.a.coyote.http11.Http11NioProtocol - Initializing ProtocolHandler ["http-nio-8080"]
2026-10-06 20:54:17.087 [restartedMain] INFO  [] o.a.catalina.core.StandardService - Starting service [Tomcat]
2026-10-06 20:54:17.087 [restartedMain] INFO  [] o.a.catalina.core.StandardEngine - Starting Servlet engine: [Apache Tomcat/11.0.24]
2026-10-06 20:54:17.143 [restartedMain] INFO  [] o.s.b.w.c.s.WebApplicationContextInitializer - Root WebApplicationContext: initialization completed in 2399 ms
2026-10-06 20:54:18.304 [restartedMain] INFO  [] o.s.o.j.p.SpringPersistenceUnitInfo - No LoadTimeWeaver setup: ignoring JPA class transformer
2026-10-06 20:54:18.358 [restartedMain] INFO  [] com.zaxxer.hikari.HikariDataSource - HikariPool-1 - Starting...
2026-10-06 20:54:18.596 [restartedMain] INFO  [] com.zaxxer.hikari.pool.HikariPool - HikariPool-1 - Added connection conn0: url=jdbc:h2:mem:deliverydb user=SA
2026-10-06 20:54:18.596 [restartedMain] INFO  [] com.zaxxer.hikari.HikariDataSource - HikariPool-1 - Start completed.
2026-10-06 20:54:18.637 [restartedMain] WARN  [] org.hibernate.orm.deprecation - HHH90000025: H2Dialect does not need to be specified explicitly using 'hibernate.dialect' (remove the property setting and it will be selected by default)
2026-10-06 20:54:19.998 [restartedMain] INFO  [] o.s.o.j.LocalContainerEntityManagerFactoryBean - Initialized JPA EntityManagerFactory for persistence unit 'default'
2026-10-06 20:54:20.094 [restartedMain] INFO  [] o.s.d.j.r.q.QueryEnhancerFactories - Hibernate is in classpath; If applicable, HQL parser will be used.
2026-10-06 20:54:20.363 [restartedMain] DEBUG [] c.d.d.s.JwtAuthenticationFilter - Filter 'jwtAuthenticationFilter' configured for use
2026-10-06 20:54:20.369 [restartedMain] DEBUG [] o.s.w.f.ServerHttpObservationFilter - Filter 'webMvcObservationFilter' configured for use
2026-10-06 20:54:20.478 [restartedMain] INFO  [] o.s.s.c.a.a.c.InitializeAuthenticationProviderBeanManagerConfigurer$InitializeAuthenticationProviderManagerConfigurer - Global AuthenticationManager configured with AuthenticationProvider bean with name authenticationProvider
2026-10-06 20:54:20.485 [restartedMain] WARN  [] o.s.s.c.a.a.c.InitializeUserDetailsBeanManagerConfigurer$InitializeUserDetailsManagerConfigurer - Global AuthenticationManager configured with an AuthenticationProvider bean. UserDetailsService beans will not be used by Spring Security for automatically configuring username/password login. Consider removing the AuthenticationProvider bean. Alternatively, consider using the UserDetailsService in a manually instantiated DaoAuthenticationProvider. If the current configuration is intentional, to turn off this warning, increase the logging level of 'org.springframework.security.config.annotation.authentication.configuration.InitializeUserDetailsBeanManagerConfigurer' to ERROR
2026-10-06 20:54:22.260 [restartedMain] DEBUG [] o.s.s.web.DefaultSecurityFilterChain - Will secure any request with filters: DisableEncodeUrlFilter, WebAsyncManagerIntegrationFilter, SecurityContextHolderFilter, HeaderWriterFilter, CorsFilter, LogoutFilter, JwtAuthenticationFilter, RequestCacheAwareFilter, SecurityContextHolderAwareRequestFilter, AnonymousAuthenticationFilter, SessionManagementFilter, ExceptionTranslationFilter, AuthorizationFilter
2026-10-06 20:54:22.470 [restartedMain] DEBUG [] o.s.w.s.m.m.a.RequestMappingHandlerMapping - 43 mappings in 'requestMappingHandlerMapping'
2026-10-06 20:54:22.521 [restartedMain] DEBUG [] o.s.w.s.h.SimpleUrlHandlerMapping - Patterns [/webjars/**, /**, /swagger-ui*/*swagger-initializer.js, /swagger-ui*/**] in 'resourceHandlerMapping'
2026-10-06 20:54:22.574 [restartedMain] DEBUG [] o.s.w.s.m.m.a.RequestMappingHandlerAdapter - ControllerAdvice beans: 0 @ModelAttribute, 0 @InitBinder, 2 RequestBodyAdvice, 1 ResponseBodyAdvice
2026-10-06 20:54:22.639 [restartedMain] DEBUG [] o.s.w.s.m.m.a.ExceptionHandlerExceptionResolver - ControllerAdvice beans: 2 @ExceptionHandler, 1 ResponseBodyAdvice
2026-10-06 20:54:23.737 [restartedMain] INFO  [] o.s.b.h.a.H2ConsoleAutoConfiguration - H2 console available at '/h2-console'. Database available at 'jdbc:h2:mem:deliverydb'
2026-10-06 20:54:23.920 [restartedMain] INFO  [] o.s.b.a.e.web.EndpointLinksResolver - Exposing 14 endpoints beneath base path '/actuator'
2026-10-06 20:54:24.041 [restartedMain] INFO  [] o.a.coyote.http11.Http11NioProtocol - Starting ProtocolHandler ["http-nio-8080"]
2026-10-06 20:54:24.057 [restartedMain] INFO  [] o.s.boot.tomcat.TomcatWebServer - Tomcat started on port 8080 (http) with context path '/'
2026-10-06 20:54:24.070 [restartedMain] INFO  [] c.d.d.DeliveryApiApplication - Started DeliveryApiApplication in 10.072 seconds (process running for 10.649)
2026-10-06 20:54:35.530 [http-nio-8080-exec-2] INFO  [] o.a.c.c.C.[Tomcat].[localhost].[/] - Initializing Spring DispatcherServlet 'dispatcherServlet'
2026-10-06 20:54:35.530 [http-nio-8080-exec-2] INFO  [] o.s.web.servlet.DispatcherServlet - Initializing Servlet 'dispatcherServlet'
2026-10-06 20:54:35.530 [http-nio-8080-exec-2] DEBUG [] o.s.web.servlet.DispatcherServlet - Detected StandardServletMultipartResolver
2026-10-06 20:54:35.530 [http-nio-8080-exec-2] DEBUG [] o.s.web.servlet.DispatcherServlet - Detected AcceptHeaderLocaleResolver
2026-10-06 20:54:35.532 [http-nio-8080-exec-2] DEBUG [] o.s.web.servlet.DispatcherServlet - Detected org.springframework.web.servlet.view.DefaultRequestToViewNameTranslator@3d07cdaa
2026-10-06 20:54:35.534 [http-nio-8080-exec-2] DEBUG [] o.s.web.servlet.DispatcherServlet - Detected org.springframework.web.servlet.support.SessionFlashMapManager@4b5bfb45
2026-10-06 20:54:35.534 [http-nio-8080-exec-2] DEBUG [] o.s.web.servlet.DispatcherServlet - enableLoggingRequestDetails='false': request parameters and headers will be masked to prevent unsafe logging of potentially sensitive data
2026-10-06 20:54:35.534 [http-nio-8080-exec-2] INFO  [] o.s.web.servlet.DispatcherServlet - Completed initialization in 4 ms
2026-10-06 20:54:35.571 [http-nio-8080-exec-2] DEBUG [] o.s.security.web.FilterChainProxy - Securing GET /actuator/health
2026-10-06 20:54:35.597 [http-nio-8080-exec-2] WARN  [] c.d.d.s.JwtAuthenticationFilter - JWT Token não começa com Bearer String
2026-10-06 20:54:35.605 [http-nio-8080-exec-2] DEBUG [] o.s.s.w.a.AnonymousAuthenticationFilter - Set SecurityContextHolder to anonymous SecurityContext
2026-10-06 20:54:35.621 [http-nio-8080-exec-2] DEBUG [] o.s.security.web.FilterChainProxy - Secured GET /actuator/health
2026-10-06 20:54:35.638 [http-nio-8080-exec-2] DEBUG [eb2665bb4dd44616] o.s.web.servlet.DispatcherServlet - GET "/actuator/health", parameters={}
2026-10-06 20:54:35.659 [http-nio-8080-exec-2] DEBUG [eb2665bb4dd44616] o.s.w.s.m.m.a.RequestResponseBodyMethodProcessor - Read "application/octet-stream" to []
2026-10-06 20:54:35.703 [http-nio-8080-exec-2] DEBUG [eb2665bb4dd44616] o.s.web.client.RestTemplate - HTTP GET https://httpbin.org/status/200
2026-10-06 20:54:35.712 [http-nio-8080-exec-2] DEBUG [eb2665bb4dd44616] o.s.web.client.RestTemplate - Accept=[text/plain, application/json, application/yaml, application/*+json, */*]
2026-10-06 20:54:36.453 [http-nio-8080-exec-2] DEBUG [eb2665bb4dd44616] o.s.web.client.RestTemplate - Response 200 OK
2026-10-06 20:54:36.678 [AsyncReporter{ZipkinHttpClientSender{http://localhost:9411/api/v2/spans}}] WARN  [] z.r.i.AsyncReporter$BoundedAsyncReporter - Spans were dropped due to exceptions. All subsequent errors will be logged at FINE level.
2026-10-06 20:54:36.678 [AsyncReporter{ZipkinHttpClientSender{http://localhost:9411/api/v2/spans}}] WARN  [] z.r.i.AsyncReporter$BoundedAsyncReporter - Dropped 2 spans due to ConnectException()
java.net.ConnectException
	at java.net.http/jdk.internal.net.http.HttpClientImpl.send(HttpClientImpl.java:955)
	at java.net.http/jdk.internal.net.http.HttpClientFacade.send(HttpClientFacade.java:133)
	at org.springframework.boot.zipkin.autoconfigure.ZipkinHttpClientSender.postSpans(ZipkinHttpClientSender.java:59)
	at org.springframework.boot.zipkin.autoconfigure.HttpSender.postSpans(HttpSender.java:69)
	at org.springframework.boot.zipkin.autoconfigure.HttpSender.postSpans(HttpSender.java:41)
	at zipkin2.reporter.BaseHttpSender.send(BaseHttpSender.java:123)
	at zipkin2.reporter.internal.AsyncReporter$BoundedAsyncReporter.flush(AsyncReporter.java:266)
	at zipkin2.reporter.internal.AsyncReporter$Flusher.run(AsyncReporter.java:352)
	at java.base/java.lang.Thread.run(Thread.java:1583)
Caused by: java.net.ConnectException
	at java.net.http/jdk.internal.net.http.common.Utils.toConnectException(Utils.java:1065)
	at java.net.http/jdk.internal.net.http.PlainHttpConnection.connectAsync(PlainHttpConnection.java:227)
	at java.net.http/jdk.internal.net.http.PlainHttpConnection.checkRetryConnect(PlainHttpConnection.java:280)
	at java.net.http/jdk.internal.net.http.PlainHttpConnection.lambda$connectAsync$2(PlainHttpConnection.java:238)
	at java.base/java.util.concurrent.CompletableFuture.uniHandle(CompletableFuture.java:934)
	at java.base/java.util.concurrent.CompletableFuture$UniHandle.tryFire(CompletableFuture.java:911)
	at java.base/java.util.concurrent.CompletableFuture.postComplete(CompletableFuture.java:510)
	at java.base/java.util.concurrent.CompletableFuture$AsyncSupply.run(CompletableFuture.java:1773)
	at java.base/java.util.concurrent.ThreadPoolExecutor.runWorker(ThreadPoolExecutor.java:1144)
	at java.base/java.util.concurrent.ThreadPoolExecutor$Worker.run(ThreadPoolExecutor.java:642)
	... 1 common frames omitted
Caused by: java.nio.channels.ClosedChannelException
	at java.base/sun.nio.ch.SocketChannelImpl.ensureOpen(SocketChannelImpl.java:202)
	at java.base/sun.nio.ch.SocketChannelImpl.beginConnect(SocketChannelImpl.java:786)
	at java.base/sun.nio.ch.SocketChannelImpl.connect(SocketChannelImpl.java:874)
	at java.net.http/jdk.internal.net.http.PlainHttpConnection.lambda$connectAsync$1(PlainHttpConnection.java:210)
	at java.base/java.security.AccessController.doPrivileged(AccessController.java:571)
	at java.net.http/jdk.internal.net.http.PlainHttpConnection.connectAsync(PlainHttpConnection.java:212)
	... 9 common frames omitted
2026-10-06 20:54:36.965 [boundedElastic-1] WARN  [] o.s.b.d.r.h.DataRedisReactiveHealthIndicator - Redis health check failed
org.springframework.data.redis.RedisConnectionFailureException: Unable to connect to Redis
	at org.springframework.data.redis.connection.lettuce.LettuceConnectionFactory$ExceptionTranslatingConnectionProvider.translateException(LettuceConnectionFactory.java:1873)
	at org.springframework.data.redis.connection.lettuce.LettuceConnectionFactory$ExceptionTranslatingConnectionProvider.getConnection(LettuceConnectionFactory.java:1804)
	at org.springframework.data.redis.connection.lettuce.LettuceConnectionFactory$SharedConnection.getNativeConnection(LettuceConnectionFactory.java:1601)
	at org.springframework.data.redis.connection.lettuce.LettuceConnectionFactory$SharedConnection.lambda$getConnection$0(LettuceConnectionFactory.java:1581)
	at org.springframework.data.redis.connection.lettuce.LettuceConnectionFactory.doInLock(LettuceConnectionFactory.java:1542)
	at org.springframework.data.redis.connection.lettuce.LettuceConnectionFactory$SharedConnection.getConnection(LettuceConnectionFactory.java:1578)
	at org.springframework.data.redis.connection.lettuce.LettuceConnectionFactory.getSharedReactiveConnection(LettuceConnectionFactory.java:1283)
	at org.springframework.data.redis.connection.lettuce.LettuceConnectionFactory.getReactiveConnection(LettuceConnectionFactory.java:1153)
	at org.springframework.data.redis.connection.lettuce.LettuceConnectionFactory.getReactiveConnection(LettuceConnectionFactory.java:122)
	at reactor.core.publisher.MonoSupplier.call(MonoSupplier.java:63)
	at reactor.core.publisher.FluxSubscribeOnCallable$CallableSubscribeOnSubscription.run(FluxSubscribeOnCallable.java:228)
	at reactor.core.scheduler.SchedulerTask.call(SchedulerTask.java:72)
	at reactor.core.scheduler.SchedulerTask.call(SchedulerTask.java:28)
	at java.base/java.util.concurrent.FutureTask.run(FutureTask.java:317)
	at java.base/java.util.concurrent.ScheduledThreadPoolExecutor$ScheduledFutureTask.run(ScheduledThreadPoolExecutor.java:304)
	at java.base/java.util.concurrent.ThreadPoolExecutor.runWorker(ThreadPoolExecutor.java:1144)
	at java.base/java.util.concurrent.ThreadPoolExecutor$Worker.run(ThreadPoolExecutor.java:642)
	at java.base/java.lang.Thread.run(Thread.java:1583)
Caused by: io.lettuce.core.RedisConnectionException: Unable to connect to localhost/<unresolved>:6379
	at io.lettuce.core.RedisConnectionException.create(RedisConnectionException.java:63)
	at io.lettuce.core.RedisConnectionException.create(RedisConnectionException.java:41)
	at io.lettuce.core.AbstractRedisClient.getConnection(AbstractRedisClient.java:315)
	at io.lettuce.core.RedisClient.connect(RedisClient.java:220)
	at org.springframework.data.redis.connection.lettuce.StandaloneConnectionProvider.lambda$getConnection$1(StandaloneConnectionProvider.java:113)
	at java.base/java.util.Optional.orElseGet(Optional.java:364)
	at org.springframework.data.redis.connection.lettuce.StandaloneConnectionProvider.getConnection(StandaloneConnectionProvider.java:113)
	at org.springframework.data.redis.connection.lettuce.LettuceConnectionFactory$ExceptionTranslatingConnectionProvider.getConnection(LettuceConnectionFactory.java:1802)
	... 16 common frames omitted
Caused by: io.netty.channel.AbstractChannel$AnnotatedConnectException: Connection refused: getsockopt: localhost/127.0.0.1:6379
Caused by: java.net.ConnectException: Connection refused: getsockopt
	at java.base/sun.nio.ch.Net.pollConnect(Native Method)
	at java.base/sun.nio.ch.Net.pollConnectNow(Net.java:690)
	at java.base/sun.nio.ch.SocketChannelImpl.finishConnect(SocketChannelImpl.java:973)
	at io.netty.channel.socket.nio.NioSocketChannel.doFinishConnect(NioSocketChannel.java:330)
	at io.netty.channel.nio.AbstractNioChannel$AbstractNioUnsafe.finishConnect(AbstractNioChannel.java:384)
	at io.netty.channel.nio.AbstractNioChannel$AbstractNioUnsafe.handle(AbstractNioChannel.java:432)
	at io.netty.channel.nio.NioIoHandler$DefaultNioRegistration.handle(NioIoHandler.java:388)
	at io.netty.channel.nio.NioIoHandler.processSelectedKey(NioIoHandler.java:596)
	at io.netty.channel.nio.NioIoHandler.processSelectedKeysOptimized(NioIoHandler.java:571)
	at io.netty.channel.nio.NioIoHandler.processSelectedKeys(NioIoHandler.java:512)
	at io.netty.channel.nio.NioIoHandler.run(NioIoHandler.java:484)
	at io.netty.channel.SingleThreadIoEventLoop.runIo(SingleThreadIoEventLoop.java:225)
	at io.netty.channel.SingleThreadIoEventLoop.run(SingleThreadIoEventLoop.java:196)
	at io.netty.util.concurrent.SingleThreadEventExecutor$5.run(SingleThreadEventExecutor.java:1204)
	at io.netty.util.internal.ThreadExecutorMap$2.run(ThreadExecutorMap.java:74)
	at io.netty.util.concurrent.FastThreadLocalRunnable.run(FastThreadLocalRunnable.java:30)
	at java.base/java.lang.Thread.run(Thread.java:1583)
2026-10-06 20:54:36.973 [http-nio-8080-exec-2] DEBUG [eb2665bb4dd44616] o.s.w.s.m.m.a.HttpEntityMethodProcessor - Using 'application/vnd.spring-boot.actuator.v3+json', given [*/*] and supported [application/vnd.spring-boot.actuator.v3+json, application/vnd.spring-boot.actuator.v2+json, application/json]
2026-10-06 20:54:36.973 [http-nio-8080-exec-2] DEBUG [eb2665bb4dd44616] o.s.w.s.m.m.a.HttpEntityMethodProcessor - Writing [org.springframework.boot.health.actuate.endpoint.SystemHealthDescriptor@18355c74]
2026-10-06 20:54:37.080 [http-nio-8080-exec-2] DEBUG [eb2665bb4dd44616] o.s.web.servlet.DispatcherServlet - Completed 503 SERVICE_UNAVAILABLE
2026-10-06 20:55:25.905 [http-nio-8080-exec-3] DEBUG [] o.s.security.web.FilterChainProxy - Securing GET /actuator/health
2026-10-06 20:55:25.914 [http-nio-8080-exec-3] WARN  [] c.d.d.s.JwtAuthenticationFilter - JWT Token não começa com Bearer String
2026-10-06 20:55:25.915 [http-nio-8080-exec-3] DEBUG [] o.s.s.w.a.AnonymousAuthenticationFilter - Set SecurityContextHolder to anonymous SecurityContext
2026-10-06 20:55:25.917 [http-nio-8080-exec-3] DEBUG [] o.s.security.web.FilterChainProxy - Secured GET /actuator/health
2026-10-06 20:55:25.917 [http-nio-8080-exec-3] DEBUG [f22cdb06cd4540f5] o.s.web.servlet.DispatcherServlet - GET "/actuator/health", parameters={}
2026-10-06 20:55:25.917 [http-nio-8080-exec-3] DEBUG [f22cdb06cd4540f5] o.s.w.s.m.m.a.RequestResponseBodyMethodProcessor - Read "application/octet-stream" to []
2026-10-06 20:55:25.917 [http-nio-8080-exec-3] DEBUG [f22cdb06cd4540f5] o.s.web.client.RestTemplate - HTTP GET https://httpbin.org/status/200
2026-10-06 20:55:25.917 [http-nio-8080-exec-3] DEBUG [f22cdb06cd4540f5] o.s.web.client.RestTemplate - Accept=[text/plain, application/json, application/yaml, application/*+json, */*]
2026-10-06 20:55:26.386 [http-nio-8080-exec-3] DEBUG [f22cdb06cd4540f5] o.s.web.client.RestTemplate - Response 200 OK
2026-10-06 20:55:26.391 [boundedElastic-1] WARN  [] o.s.b.d.r.h.DataRedisReactiveHealthIndicator - Redis health check failed
org.springframework.data.redis.RedisConnectionFailureException: Unable to connect to Redis
	at org.springframework.data.redis.connection.lettuce.LettuceConnectionFactory$ExceptionTranslatingConnectionProvider.translateException(LettuceConnectionFactory.java:1873)
	at org.springframework.data.redis.connection.lettuce.LettuceConnectionFactory$ExceptionTranslatingConnectionProvider.getConnection(LettuceConnectionFactory.java:1804)
	at org.springframework.data.redis.connection.lettuce.LettuceConnectionFactory$SharedConnection.getNativeConnection(LettuceConnectionFactory.java:1601)
	at org.springframework.data.redis.connection.lettuce.LettuceConnectionFactory$SharedConnection.lambda$getConnection$0(LettuceConnectionFactory.java:1581)
	at org.springframework.data.redis.connection.lettuce.LettuceConnectionFactory.doInLock(LettuceConnectionFactory.java:1542)
	at org.springframework.data.redis.connection.lettuce.LettuceConnectionFactory$SharedConnection.getConnection(LettuceConnectionFactory.java:1578)
	at org.springframework.data.redis.connection.lettuce.LettuceConnectionFactory.getSharedReactiveConnection(LettuceConnectionFactory.java:1283)
	at org.springframework.data.redis.connection.lettuce.LettuceConnectionFactory.getReactiveConnection(LettuceConnectionFactory.java:1153)
	at org.springframework.data.redis.connection.lettuce.LettuceConnectionFactory.getReactiveConnection(LettuceConnectionFactory.java:122)
	at reactor.core.publisher.MonoSupplier.call(MonoSupplier.java:63)
	at reactor.core.publisher.FluxSubscribeOnCallable$CallableSubscribeOnSubscription.run(FluxSubscribeOnCallable.java:228)
	at reactor.core.scheduler.SchedulerTask.call(SchedulerTask.java:72)
	at reactor.core.scheduler.SchedulerTask.call(SchedulerTask.java:28)
	at java.base/java.util.concurrent.FutureTask.run(FutureTask.java:317)
	at java.base/java.util.concurrent.ScheduledThreadPoolExecutor$ScheduledFutureTask.run(ScheduledThreadPoolExecutor.java:304)
	at java.base/java.util.concurrent.ThreadPoolExecutor.runWorker(ThreadPoolExecutor.java:1144)
	at java.base/java.util.concurrent.ThreadPoolExecutor$Worker.run(ThreadPoolExecutor.java:642)
	at java.base/java.lang.Thread.run(Thread.java:1583)
Caused by: io.lettuce.core.RedisConnectionException: Unable to connect to localhost/<unresolved>:6379
	at io.lettuce.core.RedisConnectionException.create(RedisConnectionException.java:63)
	at io.lettuce.core.RedisConnectionException.create(RedisConnectionException.java:41)
	at io.lettuce.core.AbstractRedisClient.getConnection(AbstractRedisClient.java:315)
	at io.lettuce.core.RedisClient.connect(RedisClient.java:220)
	at org.springframework.data.redis.connection.lettuce.StandaloneConnectionProvider.lambda$getConnection$1(StandaloneConnectionProvider.java:113)
	at java.base/java.util.Optional.orElseGet(Optional.java:364)
	at org.springframework.data.redis.connection.lettuce.StandaloneConnectionProvider.getConnection(StandaloneConnectionProvider.java:113)
	at org.springframework.data.redis.connection.lettuce.LettuceConnectionFactory$ExceptionTranslatingConnectionProvider.getConnection(LettuceConnectionFactory.java:1802)
	... 16 common frames omitted
Caused by: io.netty.channel.AbstractChannel$AnnotatedConnectException: Connection refused: getsockopt: localhost/127.0.0.1:6379
Caused by: java.net.ConnectException: Connection refused: getsockopt
	at java.base/sun.nio.ch.Net.pollConnect(Native Method)
	at java.base/sun.nio.ch.Net.pollConnectNow(Net.java:690)
	at java.base/sun.nio.ch.SocketChannelImpl.finishConnect(SocketChannelImpl.java:973)
	at io.netty.channel.socket.nio.NioSocketChannel.doFinishConnect(NioSocketChannel.java:330)
	at io.netty.channel.nio.AbstractNioChannel$AbstractNioUnsafe.finishConnect(AbstractNioChannel.java:384)
	at io.netty.channel.nio.AbstractNioChannel$AbstractNioUnsafe.handle(AbstractNioChannel.java:432)
	at io.netty.channel.nio.NioIoHandler$DefaultNioRegistration.handle(NioIoHandler.java:388)
	at io.netty.channel.nio.NioIoHandler.processSelectedKey(NioIoHandler.java:596)
	at io.netty.channel.nio.NioIoHandler.processSelectedKeysOptimized(NioIoHandler.java:571)
	at io.netty.channel.nio.NioIoHandler.processSelectedKeys(NioIoHandler.java:512)
	at io.netty.channel.nio.NioIoHandler.run(NioIoHandler.java:484)
	at io.netty.channel.SingleThreadIoEventLoop.runIo(SingleThreadIoEventLoop.java:225)
	at io.netty.channel.SingleThreadIoEventLoop.run(SingleThreadIoEventLoop.java:196)
	at io.netty.util.concurrent.SingleThreadEventExecutor$5.run(SingleThreadEventExecutor.java:1204)
	at io.netty.util.internal.ThreadExecutorMap$2.run(ThreadExecutorMap.java:74)
	at io.netty.util.concurrent.FastThreadLocalRunnable.run(FastThreadLocalRunnable.java:30)
	at java.base/java.lang.Thread.run(Thread.java:1583)
2026-10-06 20:55:26.391 [http-nio-8080-exec-3] DEBUG [f22cdb06cd4540f5] o.s.w.s.m.m.a.HttpEntityMethodProcessor - Using 'application/vnd.spring-boot.actuator.v3+json', given [*/*] and supported [application/vnd.spring-boot.actuator.v3+json, application/vnd.spring-boot.actuator.v2+json, application/json]
2026-10-06 20:55:26.391 [http-nio-8080-exec-3] DEBUG [f22cdb06cd4540f5] o.s.w.s.m.m.a.HttpEntityMethodProcessor - Writing [org.springframework.boot.health.actuate.endpoint.SystemHealthDescriptor@7be2d9f1]
2026-10-06 20:55:26.391 [http-nio-8080-exec-3] DEBUG [f22cdb06cd4540f5] o.s.web.servlet.DispatcherServlet - Completed 503 SERVICE_UNAVAILABLE
2026-10-06 20:55:44.115 [File Watcher] INFO  [] o.s.b.d.a.LocalDevToolsAutoConfiguration$RestartingClassPathChangeChangedEventListener - Restarting due to 1 class path change (0 additions, 0 deletions, 1 modification)
2026-10-06 20:55:44.115 [Thread-1] INFO  [] o.s.boot.tomcat.GracefulShutdown - Commencing graceful shutdown. Waiting for active requests to complete
2026-10-06 20:55:44.115 [tomcat-shutdown] INFO  [] o.a.coyote.http11.Http11NioProtocol - Pausing ProtocolHandler ["http-nio-8080"]
2026-10-06 20:55:44.131 [tomcat-shutdown] INFO  [] o.s.boot.tomcat.GracefulShutdown - Graceful shutdown complete
2026-10-06 20:55:44.132 [Thread-1] INFO  [] o.a.coyote.http11.Http11NioProtocol - Stopping ProtocolHandler ["http-nio-8080"]
2026-10-06 20:55:44.148 [Thread-1] INFO  [] o.s.o.j.LocalContainerEntityManagerFactoryBean - Closing JPA EntityManagerFactory for persistence unit 'default'
2026-10-06 20:55:44.165 [Thread-1] WARN  [] o.s.b.f.s.DisposableBeanAdapter - Invocation of destroy method failed on bean with name 'inMemoryDatabaseShutdownExecutor': org.h2.jdbc.JdbcSQLNonTransientConnectionException: Database is already closed (to disable automatic closing at VM shutdown, add ";DB_CLOSE_ON_EXIT=FALSE" to the db URL) [90121-240]
2026-10-06 20:55:44.167 [Thread-1] INFO  [] com.zaxxer.hikari.HikariDataSource - HikariPool-1 - Shutdown initiated...
2026-10-06 20:55:44.167 [Thread-1] INFO  [] com.zaxxer.hikari.HikariDataSource - HikariPool-1 - Shutdown completed.
2026-10-06 20:55:44.432 [restartedMain] ERROR [] o.s.boot.SpringApplication - Application run failed
while constructing a mapping
 in 'reader', line 16, column 3:
      health:
      ^
found duplicate key health
 in 'reader', line 37, column 3:
      health:
      ^

	at org.yaml.snakeyaml.constructor.SafeConstructor.processDuplicateKeys(SafeConstructor.java:119)
	at org.yaml.snakeyaml.constructor.SafeConstructor.flattenMapping(SafeConstructor.java:71)
	at org.yaml.snakeyaml.constructor.SafeConstructor.flattenMapping(SafeConstructor.java:66)
	at org.yaml.snakeyaml.constructor.SafeConstructor.constructMapping2ndStep(SafeConstructor.java:204)
	at org.yaml.snakeyaml.constructor.BaseConstructor.constructMapping(BaseConstructor.java:553)
	at org.yaml.snakeyaml.constructor.SafeConstructor$ConstructYamlMap.construct(SafeConstructor.java:592)
	at org.yaml.snakeyaml.constructor.BaseConstructor.constructObjectNoCheck(BaseConstructor.java:265)
	at org.yaml.snakeyaml.constructor.BaseConstructor.constructObject(BaseConstructor.java:248)
	at org.springframework.boot.env.OriginTrackedYamlLoader$OriginTrackingConstructor.constructObject(OriginTrackedYamlLoader.java:120)
	at org.yaml.snakeyaml.constructor.BaseConstructor.constructMapping2ndStep(BaseConstructor.java:577)
	at org.yaml.snakeyaml.constructor.SafeConstructor.constructMapping2ndStep(SafeConstructor.java:205)
	at org.yaml.snakeyaml.constructor.BaseConstructor.constructMapping(BaseConstructor.java:553)
	at org.yaml.snakeyaml.constructor.SafeConstructor$ConstructYamlMap.construct(SafeConstructor.java:592)
	at org.yaml.snakeyaml.constructor.BaseConstructor.constructObjectNoCheck(BaseConstructor.java:265)
	at org.yaml.snakeyaml.constructor.BaseConstructor.constructObject(BaseConstructor.java:248)
	at org.springframework.boot.env.OriginTrackedYamlLoader$OriginTrackingConstructor.constructObject(OriginTrackedYamlLoader.java:120)
	at org.yaml.snakeyaml.constructor.BaseConstructor.constructDocument(BaseConstructor.java:202)
	at org.yaml.snakeyaml.constructor.BaseConstructor.getData(BaseConstructor.java:167)
	at org.springframework.boot.env.OriginTrackedYamlLoader$OriginTrackingConstructor.getData(OriginTrackedYamlLoader.java:100)
	at org.yaml.snakeyaml.Yaml$1.next(Yaml.java:530)
	at org.springframework.beans.factory.config.YamlProcessor.process(YamlProcessor.java:203)
	at org.springframework.beans.factory.config.YamlProcessor.process(YamlProcessor.java:169)
	at org.springframework.boot.env.OriginTrackedYamlLoader.load(OriginTrackedYamlLoader.java:85)
	at org.springframework.boot.env.YamlPropertySourceLoader.load(YamlPropertySourceLoader.java:50)
	at org.springframework.boot.env.PropertySourceLoader.load(PropertySourceLoader.java:71)
	at org.springframework.boot.context.config.StandardConfigDataLoader.load(StandardConfigDataLoader.java:55)
	at org.springframework.boot.context.config.StandardConfigDataLoader.load(StandardConfigDataLoader.java:36)
	at org.springframework.boot.context.config.ConfigDataLoaders.load(ConfigDataLoaders.java:100)
	at org.springframework.boot.context.config.ConfigDataImporter.load(ConfigDataImporter.java:133)
	at org.springframework.boot.context.config.ConfigDataImporter.resolveAndLoad(ConfigDataImporter.java:88)
	at org.springframework.boot.context.config.ConfigDataEnvironmentContributors.withProcessedImports(ConfigDataEnvironmentContributors.java:130)
	at org.springframework.boot.context.config.ConfigDataEnvironment.processInitial(ConfigDataEnvironment.java:253)
	at org.springframework.boot.context.config.ConfigDataEnvironment.processAndApply(ConfigDataEnvironment.java:240)
	at org.springframework.boot.context.config.ConfigDataEnvironmentPostProcessor.postProcessEnvironment(ConfigDataEnvironmentPostProcessor.java:97)
	at org.springframework.boot.context.config.ConfigDataEnvironmentPostProcessor.postProcessEnvironment(ConfigDataEnvironmentPostProcessor.java:90)
	at org.springframework.boot.support.EnvironmentPostProcessorApplicationListener.onApplicationEnvironmentPreparedEvent(EnvironmentPostProcessorApplicationListener.java:137)
	at org.springframework.boot.support.EnvironmentPostProcessorApplicationListener.onApplicationEvent(EnvironmentPostProcessorApplicationListener.java:120)
	at org.springframework.context.event.SimpleApplicationEventMulticaster.doInvokeListener(SimpleApplicationEventMulticaster.java:180)
	at org.springframework.context.event.SimpleApplicationEventMulticaster.invokeListener(SimpleApplicationEventMulticaster.java:173)
	at org.springframework.context.event.SimpleApplicationEventMulticaster.multicastEvent(SimpleApplicationEventMulticaster.java:151)
	at org.springframework.context.event.SimpleApplicationEventMulticaster.multicastEvent(SimpleApplicationEventMulticaster.java:133)
	at org.springframework.boot.context.event.EventPublishingRunListener.multicastInitialEvent(EventPublishingRunListener.java:137)
	at org.springframework.boot.context.event.EventPublishingRunListener.environmentPrepared(EventPublishingRunListener.java:82)
	at org.springframework.boot.SpringApplicationRunListeners.lambda$environmentPrepared$0(SpringApplicationRunListeners.java:66)
	at java.base/java.lang.Iterable.forEach(Iterable.java:75)
	at org.springframework.boot.SpringApplicationRunListeners.doWithListeners(SpringApplicationRunListeners.java:123)
	at org.springframework.boot.SpringApplicationRunListeners.doWithListeners(SpringApplicationRunListeners.java:117)
	at org.springframework.boot.SpringApplicationRunListeners.environmentPrepared(SpringApplicationRunListeners.java:65)
	at org.springframework.boot.SpringApplication.prepareEnvironment(SpringApplication.java:356)
	at org.springframework.boot.SpringApplication.run(SpringApplication.java:316)
	at org.springframework.boot.SpringApplication.run(SpringApplication.java:1365)
	at org.springframework.boot.SpringApplication.run(SpringApplication.java:1354)
	at com.delivery.delivery_api.DeliveryApiApplication.main(DeliveryApiApplication.java:12)
	at java.base/jdk.internal.reflect.DirectMethodHandleAccessor.invoke(DirectMethodHandleAccessor.java:103)
	at java.base/java.lang.reflect.Method.invoke(Method.java:580)
	at org.springframework.boot.devtools.restart.RestartLauncher.run(RestartLauncher.java:52)
2026-10-06 20:55:53.051 [restartedMain] ERROR [] o.s.boot.SpringApplication - Application run failed
while constructing a mapping
 in 'reader', line 16, column 3:
      health:
      ^
found duplicate key health
 in 'reader', line 37, column 3:
      health:
      ^

	at org.yaml.snakeyaml.constructor.SafeConstructor.processDuplicateKeys(SafeConstructor.java:119)
	at org.yaml.snakeyaml.constructor.SafeConstructor.flattenMapping(SafeConstructor.java:71)
	at org.yaml.snakeyaml.constructor.SafeConstructor.flattenMapping(SafeConstructor.java:66)
	at org.yaml.snakeyaml.constructor.SafeConstructor.constructMapping2ndStep(SafeConstructor.java:204)
	at org.yaml.snakeyaml.constructor.BaseConstructor.constructMapping(BaseConstructor.java:553)
	at org.yaml.snakeyaml.constructor.SafeConstructor$ConstructYamlMap.construct(SafeConstructor.java:592)
	at org.yaml.snakeyaml.constructor.BaseConstructor.constructObjectNoCheck(BaseConstructor.java:265)
	at org.yaml.snakeyaml.constructor.BaseConstructor.constructObject(BaseConstructor.java:248)
	at org.springframework.boot.env.OriginTrackedYamlLoader$OriginTrackingConstructor.constructObject(OriginTrackedYamlLoader.java:120)
	at org.yaml.snakeyaml.constructor.BaseConstructor.constructMapping2ndStep(BaseConstructor.java:577)
	at org.yaml.snakeyaml.constructor.SafeConstructor.constructMapping2ndStep(SafeConstructor.java:205)
	at org.yaml.snakeyaml.constructor.BaseConstructor.constructMapping(BaseConstructor.java:553)
	at org.yaml.snakeyaml.constructor.SafeConstructor$ConstructYamlMap.construct(SafeConstructor.java:592)
	at org.yaml.snakeyaml.constructor.BaseConstructor.constructObjectNoCheck(BaseConstructor.java:265)
	at org.yaml.snakeyaml.constructor.BaseConstructor.constructObject(BaseConstructor.java:248)
	at org.springframework.boot.env.OriginTrackedYamlLoader$OriginTrackingConstructor.constructObject(OriginTrackedYamlLoader.java:120)
	at org.yaml.snakeyaml.constructor.BaseConstructor.constructDocument(BaseConstructor.java:202)
	at org.yaml.snakeyaml.constructor.BaseConstructor.getData(BaseConstructor.java:167)
	at org.springframework.boot.env.OriginTrackedYamlLoader$OriginTrackingConstructor.getData(OriginTrackedYamlLoader.java:100)
	at org.yaml.snakeyaml.Yaml$1.next(Yaml.java:530)
	at org.springframework.beans.factory.config.YamlProcessor.process(YamlProcessor.java:203)
	at org.springframework.beans.factory.config.YamlProcessor.process(YamlProcessor.java:169)
	at org.springframework.boot.env.OriginTrackedYamlLoader.load(OriginTrackedYamlLoader.java:85)
	at org.springframework.boot.env.YamlPropertySourceLoader.load(YamlPropertySourceLoader.java:50)
	at org.springframework.boot.env.PropertySourceLoader.load(PropertySourceLoader.java:71)
	at org.springframework.boot.context.config.StandardConfigDataLoader.load(StandardConfigDataLoader.java:55)
	at org.springframework.boot.context.config.StandardConfigDataLoader.load(StandardConfigDataLoader.java:36)
	at org.springframework.boot.context.config.ConfigDataLoaders.load(ConfigDataLoaders.java:100)
	at org.springframework.boot.context.config.ConfigDataImporter.load(ConfigDataImporter.java:133)
	at org.springframework.boot.context.config.ConfigDataImporter.resolveAndLoad(ConfigDataImporter.java:88)
	at org.springframework.boot.context.config.ConfigDataEnvironmentContributors.withProcessedImports(ConfigDataEnvironmentContributors.java:130)
	at org.springframework.boot.context.config.ConfigDataEnvironment.processInitial(ConfigDataEnvironment.java:253)
	at org.springframework.boot.context.config.ConfigDataEnvironment.processAndApply(ConfigDataEnvironment.java:240)
	at org.springframework.boot.context.config.ConfigDataEnvironmentPostProcessor.postProcessEnvironment(ConfigDataEnvironmentPostProcessor.java:97)
	at org.springframework.boot.context.config.ConfigDataEnvironmentPostProcessor.postProcessEnvironment(ConfigDataEnvironmentPostProcessor.java:90)
	at org.springframework.boot.support.EnvironmentPostProcessorApplicationListener.onApplicationEnvironmentPreparedEvent(EnvironmentPostProcessorApplicationListener.java:137)
	at org.springframework.boot.support.EnvironmentPostProcessorApplicationListener.onApplicationEvent(EnvironmentPostProcessorApplicationListener.java:120)
	at org.springframework.context.event.SimpleApplicationEventMulticaster.doInvokeListener(SimpleApplicationEventMulticaster.java:180)
	at org.springframework.context.event.SimpleApplicationEventMulticaster.invokeListener(SimpleApplicationEventMulticaster.java:173)
	at org.springframework.context.event.SimpleApplicationEventMulticaster.multicastEvent(SimpleApplicationEventMulticaster.java:151)
	at org.springframework.context.event.SimpleApplicationEventMulticaster.multicastEvent(SimpleApplicationEventMulticaster.java:133)
	at org.springframework.boot.context.event.EventPublishingRunListener.multicastInitialEvent(EventPublishingRunListener.java:137)
	at org.springframework.boot.context.event.EventPublishingRunListener.environmentPrepared(EventPublishingRunListener.java:82)
	at org.springframework.boot.SpringApplicationRunListeners.lambda$environmentPrepared$0(SpringApplicationRunListeners.java:66)
	at java.base/java.lang.Iterable.forEach(Iterable.java:75)
	at org.springframework.boot.SpringApplicationRunListeners.doWithListeners(SpringApplicationRunListeners.java:123)
	at org.springframework.boot.SpringApplicationRunListeners.doWithListeners(SpringApplicationRunListeners.java:117)
	at org.springframework.boot.SpringApplicationRunListeners.environmentPrepared(SpringApplicationRunListeners.java:65)
	at org.springframework.boot.SpringApplication.prepareEnvironment(SpringApplication.java:356)
	at org.springframework.boot.SpringApplication.run(SpringApplication.java:316)
	at org.springframework.boot.SpringApplication.run(SpringApplication.java:1365)
	at org.springframework.boot.SpringApplication.run(SpringApplication.java:1354)
	at com.delivery.delivery_api.DeliveryApiApplication.main(DeliveryApiApplication.java:12)
	at java.base/jdk.internal.reflect.DirectMethodHandleAccessor.invoke(DirectMethodHandleAccessor.java:103)
	at java.base/java.lang.reflect.Method.invoke(Method.java:580)
	at org.springframework.boot.devtools.restart.RestartLauncher.run(RestartLauncher.java:52)
2026-10-06 20:56:52.831 [restartedMain] INFO  [] c.d.d.DeliveryApiApplication - Starting DeliveryApiApplication using Java 21.0.12 with PID 11424 (C:\Marinho_Matheus\FAT\delivery_api\target\classes started by anama in C:\Marinho_Matheus\FAT\delivery_api)
2026-10-06 20:56:52.832 [restartedMain] DEBUG [] c.d.d.DeliveryApiApplication - Running with Spring Boot v4.1.1, Spring v7.0.9
2026-10-06 20:56:52.832 [restartedMain] INFO  [] c.d.d.DeliveryApiApplication - No active profile set, falling back to 1 default profile: "default"
2026-10-06 20:56:53.285 [restartedMain] INFO  [] o.s.d.r.c.RepositoryConfigurationDelegate - Multiple Spring Data modules found, entering strict repository configuration mode
2026-10-06 20:56:53.286 [restartedMain] INFO  [] o.s.d.r.c.RepositoryConfigurationDelegate - Bootstrapping Spring Data JPA repositories in DEFAULT mode.
2026-10-06 20:56:53.335 [restartedMain] INFO  [] o.s.d.r.c.RepositoryConfigurationDelegate - Finished Spring Data repository scanning in 47 ms. Found 5 JPA repository interfaces.
2026-10-06 20:56:53.593 [restartedMain] INFO  [] o.s.boot.tomcat.TomcatWebServer - Tomcat initialized with port 8080 (http)
2026-10-06 20:56:53.595 [restartedMain] INFO  [] o.a.coyote.http11.Http11NioProtocol - Initializing ProtocolHandler ["http-nio-8080"]
2026-10-06 20:56:53.596 [restartedMain] INFO  [] o.a.catalina.core.StandardService - Starting service [Tomcat]
2026-10-06 20:56:53.596 [restartedMain] INFO  [] o.a.catalina.core.StandardEngine - Starting Servlet engine: [Apache Tomcat/11.0.24]
2026-10-06 20:56:53.627 [restartedMain] INFO  [] o.s.b.w.c.s.WebApplicationContextInitializer - Root WebApplicationContext: initialization completed in 792 ms
2026-10-06 20:56:53.820 [restartedMain] INFO  [] o.s.o.j.p.SpringPersistenceUnitInfo - No LoadTimeWeaver setup: ignoring JPA class transformer
2026-10-06 20:56:53.822 [restartedMain] INFO  [] com.zaxxer.hikari.HikariDataSource - HikariPool-2 - Starting...
2026-10-06 20:56:53.824 [restartedMain] INFO  [] com.zaxxer.hikari.pool.HikariPool - HikariPool-2 - Added connection conn10: url=jdbc:h2:mem:deliverydb user=SA
2026-10-06 20:56:53.824 [restartedMain] INFO  [] com.zaxxer.hikari.HikariDataSource - HikariPool-2 - Start completed.
2026-10-06 20:56:53.825 [restartedMain] WARN  [] org.hibernate.orm.deprecation - HHH90000025: H2Dialect does not need to be specified explicitly using 'hibernate.dialect' (remove the property setting and it will be selected by default)
2026-10-06 20:56:54.029 [restartedMain] INFO  [] o.s.o.j.LocalContainerEntityManagerFactoryBean - Initialized JPA EntityManagerFactory for persistence unit 'default'
2026-10-06 20:56:54.153 [restartedMain] DEBUG [] c.d.d.s.JwtAuthenticationFilter - Filter 'jwtAuthenticationFilter' configured for use
2026-10-06 20:56:54.154 [restartedMain] DEBUG [] o.s.w.f.ServerHttpObservationFilter - Filter 'webMvcObservationFilter' configured for use
2026-10-06 20:56:54.227 [restartedMain] INFO  [] o.s.s.c.a.a.c.InitializeAuthenticationProviderBeanManagerConfigurer$InitializeAuthenticationProviderManagerConfigurer - Global AuthenticationManager configured with AuthenticationProvider bean with name authenticationProvider
2026-10-06 20:56:54.228 [restartedMain] WARN  [] o.s.s.c.a.a.c.InitializeUserDetailsBeanManagerConfigurer$InitializeUserDetailsManagerConfigurer - Global AuthenticationManager configured with an AuthenticationProvider bean. UserDetailsService beans will not be used by Spring Security for automatically configuring username/password login. Consider removing the AuthenticationProvider bean. Alternatively, consider using the UserDetailsService in a manually instantiated DaoAuthenticationProvider. If the current configuration is intentional, to turn off this warning, increase the logging level of 'org.springframework.security.config.annotation.authentication.configuration.InitializeUserDetailsBeanManagerConfigurer' to ERROR
2026-10-06 20:56:54.815 [restartedMain] DEBUG [] o.s.s.web.DefaultSecurityFilterChain - Will secure any request with filters: DisableEncodeUrlFilter, WebAsyncManagerIntegrationFilter, SecurityContextHolderFilter, HeaderWriterFilter, CorsFilter, LogoutFilter, JwtAuthenticationFilter, RequestCacheAwareFilter, SecurityContextHolderAwareRequestFilter, AnonymousAuthenticationFilter, SessionManagementFilter, ExceptionTranslationFilter, AuthorizationFilter
2026-10-06 20:56:54.905 [restartedMain] DEBUG [] o.s.w.s.m.m.a.RequestMappingHandlerMapping - 43 mappings in 'requestMappingHandlerMapping'
2026-10-06 20:56:54.936 [restartedMain] DEBUG [] o.s.w.s.h.SimpleUrlHandlerMapping - Patterns [/webjars/**, /**, /swagger-ui*/*swagger-initializer.js, /swagger-ui*/**] in 'resourceHandlerMapping'
2026-10-06 20:56:54.955 [restartedMain] DEBUG [] o.s.w.s.m.m.a.RequestMappingHandlerAdapter - ControllerAdvice beans: 0 @ModelAttribute, 0 @InitBinder, 2 RequestBodyAdvice, 1 ResponseBodyAdvice
2026-10-06 20:56:54.977 [restartedMain] DEBUG [] o.s.w.s.m.m.a.ExceptionHandlerExceptionResolver - ControllerAdvice beans: 2 @ExceptionHandler, 1 ResponseBodyAdvice
2026-10-06 20:56:55.208 [restartedMain] INFO  [] o.s.b.h.a.H2ConsoleAutoConfiguration - H2 console available at '/h2-console'. Database available at 'jdbc:h2:mem:deliverydb'
2026-10-06 20:56:55.281 [restartedMain] INFO  [] o.s.b.a.e.web.EndpointLinksResolver - Exposing 14 endpoints beneath base path '/actuator'
2026-10-06 20:56:55.334 [restartedMain] INFO  [] o.a.coyote.http11.Http11NioProtocol - Starting ProtocolHandler ["http-nio-8080"]
2026-10-06 20:56:55.336 [restartedMain] INFO  [] o.s.boot.tomcat.TomcatWebServer - Tomcat started on port 8080 (http) with context path '/'
2026-10-06 20:56:55.340 [restartedMain] INFO  [] c.d.d.DeliveryApiApplication - Started DeliveryApiApplication in 2.559 seconds (process running for 161.908)
2026-10-06 20:56:55.346 [restartedMain] INFO  [] o.s.b.d.a.ConditionEvaluationDeltaLoggingListener - Condition evaluation delta:


==========================
CONDITION EVALUATION DELTA
==========================


Positive matches:
-----------------

    None


Negative matches:
-----------------

   DataRedisHealthContributorAutoConfiguration:
      Did not match:
         - @ConditionalOnEnabledHealthIndicator management.health.redis.enabled is false (OnEnabledHealthIndicatorCondition)
      Matched:
         - @ConditionalOnClass found required classes 'org.springframework.data.redis.connection.RedisConnectionFactory', 'org.springframework.boot.health.contributor.HealthIndicator', 'org.springframework.boot.health.autoconfigure.contributor.ConditionalOnEnabledHealthIndicator' (OnClassCondition)

   DataRedisReactiveHealthContributorAutoConfiguration:
      Did not match:
         - @ConditionalOnEnabledHealthIndicator management.health.redis.enabled is false (OnEnabledHealthIndicatorCondition)
      Matched:
         - @ConditionalOnClass found required classes 'org.springframework.data.redis.connection.ReactiveRedisConnectionFactory', 'reactor.core.publisher.Flux', 'org.springframework.boot.health.contributor.ReactiveHealthIndicator', 'org.springframework.boot.health.autoconfigure.contributor.ConditionalOnEnabledHealthIndicator' (OnClassCondition)

   DataRedisRepositoriesAutoConfiguration:
      Did not match:
         - @ConditionalOnBooleanProperty (spring.data.redis.repositories.enabled=true) found different value in property 'spring.data.redis.repositories.enabled' (OnPropertyCondition)
      Matched:
         - @ConditionalOnClass found required class 'org.springframework.data.redis.repository.configuration.EnableRedisRepositories' (OnClassCondition)


Exclusions:
-----------

    org.springframework.boot.autoconfigure.data.redis.RedisAutoConfiguration

    org.springframework.boot.autoconfigure.data.redis.RedisRepositoriesAutoConfiguration


Unconditional classes:
----------------------

    None



2026-10-06 20:57:14.763 [restartedMain] INFO  [] c.d.d.DeliveryApiApplication - Starting DeliveryApiApplication using Java 21.0.12 with PID 19564 (C:\Marinho_Matheus\FAT\delivery_api\target\classes started by anama in C:\Marinho_Matheus\FAT\delivery_api)
2026-10-06 20:57:14.765 [restartedMain] DEBUG [] c.d.d.DeliveryApiApplication - Running with Spring Boot v4.1.1, Spring v7.0.9
2026-10-06 20:57:14.766 [restartedMain] INFO  [] c.d.d.DeliveryApiApplication - No active profile set, falling back to 1 default profile: "default"
2026-10-06 20:57:14.815 [restartedMain] INFO  [] o.s.b.d.e.DevToolsPropertyDefaultsPostProcessor - Devtools property defaults active! Set 'spring.devtools.add-properties' to 'false' to disable
2026-10-06 20:57:14.815 [restartedMain] INFO  [] o.s.b.d.e.DevToolsPropertyDefaultsPostProcessor - For additional web related logging consider setting the 'logging.level.web' property to 'DEBUG'
2026-10-06 20:57:16.101 [restartedMain] INFO  [] o.s.d.r.c.RepositoryConfigurationDelegate - Multiple Spring Data modules found, entering strict repository configuration mode
2026-10-06 20:57:16.103 [restartedMain] INFO  [] o.s.d.r.c.RepositoryConfigurationDelegate - Bootstrapping Spring Data JPA repositories in DEFAULT mode.
2026-10-06 20:57:16.270 [restartedMain] INFO  [] o.s.d.r.c.RepositoryConfigurationDelegate - Finished Spring Data repository scanning in 159 ms. Found 5 JPA repository interfaces.
2026-10-06 20:57:17.156 [restartedMain] INFO  [] o.s.boot.tomcat.TomcatWebServer - Tomcat initialized with port 8080 (http)
2026-10-06 20:57:17.175 [restartedMain] INFO  [] o.a.coyote.http11.Http11NioProtocol - Initializing ProtocolHandler ["http-nio-8080"]
2026-10-06 20:57:17.178 [restartedMain] INFO  [] o.a.catalina.core.StandardService - Starting service [Tomcat]
2026-10-06 20:57:17.179 [restartedMain] INFO  [] o.a.catalina.core.StandardEngine - Starting Servlet engine: [Apache Tomcat/11.0.24]
2026-10-06 20:57:17.245 [restartedMain] INFO  [] o.s.b.w.c.s.WebApplicationContextInitializer - Root WebApplicationContext: initialization completed in 2428 ms
2026-10-06 20:57:18.492 [restartedMain] INFO  [] o.s.o.j.p.SpringPersistenceUnitInfo - No LoadTimeWeaver setup: ignoring JPA class transformer
2026-10-06 20:57:18.535 [restartedMain] INFO  [] com.zaxxer.hikari.HikariDataSource - HikariPool-1 - Starting...
2026-10-06 20:57:18.765 [restartedMain] INFO  [] com.zaxxer.hikari.pool.HikariPool - HikariPool-1 - Added connection conn0: url=jdbc:h2:mem:deliverydb user=SA
2026-10-06 20:57:18.767 [restartedMain] INFO  [] com.zaxxer.hikari.HikariDataSource - HikariPool-1 - Start completed.
2026-10-06 20:57:18.801 [restartedMain] WARN  [] org.hibernate.orm.deprecation - HHH90000025: H2Dialect does not need to be specified explicitly using 'hibernate.dialect' (remove the property setting and it will be selected by default)
2026-10-06 20:57:20.222 [restartedMain] INFO  [] o.s.o.j.LocalContainerEntityManagerFactoryBean - Initialized JPA EntityManagerFactory for persistence unit 'default'
2026-10-06 20:57:20.324 [restartedMain] INFO  [] o.s.d.j.r.q.QueryEnhancerFactories - Hibernate is in classpath; If applicable, HQL parser will be used.
2026-10-06 20:57:20.584 [restartedMain] DEBUG [] c.d.d.s.JwtAuthenticationFilter - Filter 'jwtAuthenticationFilter' configured for use
2026-10-06 20:57:20.585 [restartedMain] DEBUG [] o.s.w.f.ServerHttpObservationFilter - Filter 'webMvcObservationFilter' configured for use
2026-10-06 20:57:20.680 [restartedMain] INFO  [] o.s.s.c.a.a.c.InitializeAuthenticationProviderBeanManagerConfigurer$InitializeAuthenticationProviderManagerConfigurer - Global AuthenticationManager configured with AuthenticationProvider bean with name authenticationProvider
2026-10-06 20:57:20.681 [restartedMain] WARN  [] o.s.s.c.a.a.c.InitializeUserDetailsBeanManagerConfigurer$InitializeUserDetailsManagerConfigurer - Global AuthenticationManager configured with an AuthenticationProvider bean. UserDetailsService beans will not be used by Spring Security for automatically configuring username/password login. Consider removing the AuthenticationProvider bean. Alternatively, consider using the UserDetailsService in a manually instantiated DaoAuthenticationProvider. If the current configuration is intentional, to turn off this warning, increase the logging level of 'org.springframework.security.config.annotation.authentication.configuration.InitializeUserDetailsBeanManagerConfigurer' to ERROR
2026-10-06 20:57:22.459 [restartedMain] DEBUG [] o.s.s.web.DefaultSecurityFilterChain - Will secure any request with filters: DisableEncodeUrlFilter, WebAsyncManagerIntegrationFilter, SecurityContextHolderFilter, HeaderWriterFilter, CorsFilter, LogoutFilter, JwtAuthenticationFilter, RequestCacheAwareFilter, SecurityContextHolderAwareRequestFilter, AnonymousAuthenticationFilter, SessionManagementFilter, ExceptionTranslationFilter, AuthorizationFilter
2026-10-06 20:57:22.736 [restartedMain] DEBUG [] o.s.w.s.m.m.a.RequestMappingHandlerMapping - 43 mappings in 'requestMappingHandlerMapping'
2026-10-06 20:57:22.786 [restartedMain] DEBUG [] o.s.w.s.h.SimpleUrlHandlerMapping - Patterns [/webjars/**, /**, /swagger-ui*/*swagger-initializer.js, /swagger-ui*/**] in 'resourceHandlerMapping'
2026-10-06 20:57:22.834 [restartedMain] DEBUG [] o.s.w.s.m.m.a.RequestMappingHandlerAdapter - ControllerAdvice beans: 0 @ModelAttribute, 0 @InitBinder, 2 RequestBodyAdvice, 1 ResponseBodyAdvice
2026-10-06 20:57:22.931 [restartedMain] DEBUG [] o.s.w.s.m.m.a.ExceptionHandlerExceptionResolver - ControllerAdvice beans: 2 @ExceptionHandler, 1 ResponseBodyAdvice
2026-10-06 20:57:23.912 [restartedMain] INFO  [] o.s.b.h.a.H2ConsoleAutoConfiguration - H2 console available at '/h2-console'. Database available at 'jdbc:h2:mem:deliverydb'
2026-10-06 20:57:24.044 [restartedMain] INFO  [] o.s.b.a.e.web.EndpointLinksResolver - Exposing 14 endpoints beneath base path '/actuator'
2026-10-06 20:57:24.159 [restartedMain] INFO  [] o.a.coyote.http11.Http11NioProtocol - Starting ProtocolHandler ["http-nio-8080"]
2026-10-06 20:57:24.170 [restartedMain] WARN  [] o.s.b.w.s.s.c.AnnotationConfigServletWebServerApplicationContext - Exception encountered during context initialization - cancelling refresh attempt: org.springframework.context.ApplicationContextException: Failed to start bean 'webServerStartStop'
2026-10-06 20:57:24.184 [restartedMain] INFO  [] o.s.o.j.LocalContainerEntityManagerFactoryBean - Closing JPA EntityManagerFactory for persistence unit 'default'
2026-10-06 20:57:24.200 [restartedMain] WARN  [] o.s.b.f.s.DisposableBeanAdapter - Invocation of destroy method failed on bean with name 'inMemoryDatabaseShutdownExecutor': org.h2.jdbc.JdbcSQLNonTransientConnectionException: Database is already closed (to disable automatic closing at VM shutdown, add ";DB_CLOSE_ON_EXIT=FALSE" to the db URL) [90121-240]
2026-10-06 20:57:24.201 [restartedMain] INFO  [] com.zaxxer.hikari.HikariDataSource - HikariPool-1 - Shutdown initiated...
2026-10-06 20:57:24.203 [restartedMain] INFO  [] com.zaxxer.hikari.HikariDataSource - HikariPool-1 - Shutdown completed.
2026-10-06 20:57:25.222 [restartedMain] INFO  [] o.s.b.a.l.ConditionEvaluationReportLogger - 

Error starting ApplicationContext. To display the condition evaluation report re-run your application with 'debug' enabled.
2026-10-06 20:57:25.240 [restartedMain] ERROR [] o.s.b.d.LoggingFailureAnalysisReporter - 

***************************
APPLICATION FAILED TO START
***************************

Description:

Web server failed to start. Port 8080 was already in use.

Action:

Identify and stop the process that's listening on port 8080 or configure this application to listen on another port.

2026-10-06 20:59:28.541 [restartedMain] INFO  [] c.d.d.DeliveryApiApplication - Starting DeliveryApiApplication using Java 21.0.12 with PID 20352 (C:\Marinho_Matheus\FAT\delivery_api\target\classes started by anama in C:\Marinho_Matheus\FAT\delivery_api)
2026-10-06 20:59:28.541 [restartedMain] DEBUG [] c.d.d.DeliveryApiApplication - Running with Spring Boot v4.1.1, Spring v7.0.9
2026-10-06 20:59:28.541 [restartedMain] INFO  [] c.d.d.DeliveryApiApplication - No active profile set, falling back to 1 default profile: "default"
2026-10-06 20:59:28.608 [restartedMain] INFO  [] o.s.b.d.e.DevToolsPropertyDefaultsPostProcessor - Devtools property defaults active! Set 'spring.devtools.add-properties' to 'false' to disable
2026-10-06 20:59:28.610 [restartedMain] INFO  [] o.s.b.d.e.DevToolsPropertyDefaultsPostProcessor - For additional web related logging consider setting the 'logging.level.web' property to 'DEBUG'
2026-10-06 20:59:30.052 [restartedMain] INFO  [] o.s.d.r.c.RepositoryConfigurationDelegate - Multiple Spring Data modules found, entering strict repository configuration mode
2026-10-06 20:59:30.069 [restartedMain] INFO  [] o.s.d.r.c.RepositoryConfigurationDelegate - Bootstrapping Spring Data JPA repositories in DEFAULT mode.
2026-10-06 20:59:30.236 [restartedMain] INFO  [] o.s.d.r.c.RepositoryConfigurationDelegate - Finished Spring Data repository scanning in 161 ms. Found 5 JPA repository interfaces.
2026-10-06 20:59:31.586 [restartedMain] INFO  [] o.s.boot.tomcat.TomcatWebServer - Tomcat initialized with port 8080 (http)
2026-10-06 20:59:31.620 [restartedMain] INFO  [] o.a.coyote.http11.Http11NioProtocol - Initializing ProtocolHandler ["http-nio-8080"]
2026-10-06 20:59:31.627 [restartedMain] INFO  [] o.a.catalina.core.StandardService - Starting service [Tomcat]
2026-10-06 20:59:31.627 [restartedMain] INFO  [] o.a.catalina.core.StandardEngine - Starting Servlet engine: [Apache Tomcat/11.0.24]
2026-10-06 20:59:31.738 [restartedMain] INFO  [] o.s.b.w.c.s.WebApplicationContextInitializer - Root WebApplicationContext: initialization completed in 3128 ms
2026-10-06 20:59:33.519 [restartedMain] INFO  [] o.s.o.j.p.SpringPersistenceUnitInfo - No LoadTimeWeaver setup: ignoring JPA class transformer
2026-10-06 20:59:33.571 [restartedMain] INFO  [] com.zaxxer.hikari.HikariDataSource - HikariPool-1 - Starting...
2026-10-06 20:59:33.952 [restartedMain] INFO  [] com.zaxxer.hikari.pool.HikariPool - HikariPool-1 - Added connection conn0: url=jdbc:h2:mem:deliverydb user=SA
2026-10-06 20:59:33.952 [restartedMain] INFO  [] com.zaxxer.hikari.HikariDataSource - HikariPool-1 - Start completed.
2026-10-06 20:59:34.004 [restartedMain] WARN  [] org.hibernate.orm.deprecation - HHH90000025: H2Dialect does not need to be specified explicitly using 'hibernate.dialect' (remove the property setting and it will be selected by default)
2026-10-06 20:59:36.119 [restartedMain] INFO  [] o.s.o.j.LocalContainerEntityManagerFactoryBean - Initialized JPA EntityManagerFactory for persistence unit 'default'
2026-10-06 20:59:36.252 [restartedMain] INFO  [] o.s.d.j.r.q.QueryEnhancerFactories - Hibernate is in classpath; If applicable, HQL parser will be used.
2026-10-06 20:59:36.636 [restartedMain] DEBUG [] c.d.d.s.JwtAuthenticationFilter - Filter 'jwtAuthenticationFilter' configured for use
2026-10-06 20:59:36.636 [restartedMain] DEBUG [] o.s.w.f.ServerHttpObservationFilter - Filter 'webMvcObservationFilter' configured for use
2026-10-06 20:59:36.756 [restartedMain] INFO  [] o.s.s.c.a.a.c.InitializeAuthenticationProviderBeanManagerConfigurer$InitializeAuthenticationProviderManagerConfigurer - Global AuthenticationManager configured with AuthenticationProvider bean with name authenticationProvider
2026-10-06 20:59:36.768 [restartedMain] WARN  [] o.s.s.c.a.a.c.InitializeUserDetailsBeanManagerConfigurer$InitializeUserDetailsManagerConfigurer - Global AuthenticationManager configured with an AuthenticationProvider bean. UserDetailsService beans will not be used by Spring Security for automatically configuring username/password login. Consider removing the AuthenticationProvider bean. Alternatively, consider using the UserDetailsService in a manually instantiated DaoAuthenticationProvider. If the current configuration is intentional, to turn off this warning, increase the logging level of 'org.springframework.security.config.annotation.authentication.configuration.InitializeUserDetailsBeanManagerConfigurer' to ERROR
2026-10-06 20:59:39.419 [restartedMain] DEBUG [] o.s.s.web.DefaultSecurityFilterChain - Will secure any request with filters: DisableEncodeUrlFilter, WebAsyncManagerIntegrationFilter, SecurityContextHolderFilter, HeaderWriterFilter, CorsFilter, LogoutFilter, JwtAuthenticationFilter, RequestCacheAwareFilter, SecurityContextHolderAwareRequestFilter, AnonymousAuthenticationFilter, SessionManagementFilter, ExceptionTranslationFilter, AuthorizationFilter
2026-10-06 20:59:39.702 [restartedMain] DEBUG [] o.s.w.s.m.m.a.RequestMappingHandlerMapping - 43 mappings in 'requestMappingHandlerMapping'
2026-10-06 20:59:39.769 [restartedMain] DEBUG [] o.s.w.s.h.SimpleUrlHandlerMapping - Patterns [/webjars/**, /**, /swagger-ui*/*swagger-initializer.js, /swagger-ui*/**] in 'resourceHandlerMapping'
2026-10-06 20:59:39.827 [restartedMain] DEBUG [] o.s.w.s.m.m.a.RequestMappingHandlerAdapter - ControllerAdvice beans: 0 @ModelAttribute, 0 @InitBinder, 2 RequestBodyAdvice, 1 ResponseBodyAdvice
2026-10-06 20:59:39.951 [restartedMain] DEBUG [] o.s.w.s.m.m.a.ExceptionHandlerExceptionResolver - ControllerAdvice beans: 2 @ExceptionHandler, 1 ResponseBodyAdvice
2026-10-06 20:59:41.364 [restartedMain] INFO  [] o.s.b.h.a.H2ConsoleAutoConfiguration - H2 console available at '/h2-console'. Database available at 'jdbc:h2:mem:deliverydb'
2026-10-06 20:59:41.574 [restartedMain] INFO  [] o.s.b.a.e.web.EndpointLinksResolver - Exposing 14 endpoints beneath base path '/actuator'
2026-10-06 20:59:41.751 [restartedMain] INFO  [] o.a.coyote.http11.Http11NioProtocol - Starting ProtocolHandler ["http-nio-8080"]
2026-10-06 20:59:41.772 [restartedMain] INFO  [] o.s.boot.tomcat.TomcatWebServer - Tomcat started on port 8080 (http) with context path '/'
2026-10-06 20:59:41.790 [restartedMain] INFO  [] c.d.d.DeliveryApiApplication - Started DeliveryApiApplication in 13.871 seconds (process running for 14.405)
2026-10-06 21:00:40.288 [http-nio-8080-exec-1] INFO  [] o.a.c.c.C.[Tomcat].[localhost].[/] - Initializing Spring DispatcherServlet 'dispatcherServlet'
2026-10-06 21:00:40.288 [http-nio-8080-exec-1] INFO  [] o.s.web.servlet.DispatcherServlet - Initializing Servlet 'dispatcherServlet'
2026-10-06 21:00:40.288 [http-nio-8080-exec-1] DEBUG [] o.s.web.servlet.DispatcherServlet - Detected StandardServletMultipartResolver
2026-10-06 21:00:40.288 [http-nio-8080-exec-1] DEBUG [] o.s.web.servlet.DispatcherServlet - Detected AcceptHeaderLocaleResolver
2026-10-06 21:00:40.315 [http-nio-8080-exec-1] DEBUG [] o.s.web.servlet.DispatcherServlet - Detected org.springframework.web.servlet.view.DefaultRequestToViewNameTranslator@6f8019d3
2026-10-06 21:00:40.315 [http-nio-8080-exec-1] DEBUG [] o.s.web.servlet.DispatcherServlet - Detected org.springframework.web.servlet.support.SessionFlashMapManager@706d2299
2026-10-06 21:00:40.315 [http-nio-8080-exec-1] DEBUG [] o.s.web.servlet.DispatcherServlet - enableLoggingRequestDetails='false': request parameters and headers will be masked to prevent unsafe logging of potentially sensitive data
2026-10-06 21:00:40.315 [http-nio-8080-exec-1] INFO  [] o.s.web.servlet.DispatcherServlet - Completed initialization in 27 ms
2026-10-06 21:00:40.372 [http-nio-8080-exec-1] DEBUG [] o.s.security.web.FilterChainProxy - Securing GET /actuator/health
2026-10-06 21:00:40.404 [http-nio-8080-exec-1] WARN  [] c.d.d.s.JwtAuthenticationFilter - JWT Token não começa com Bearer String
2026-10-06 21:00:40.414 [http-nio-8080-exec-1] DEBUG [] o.s.s.w.a.AnonymousAuthenticationFilter - Set SecurityContextHolder to anonymous SecurityContext
2026-10-06 21:00:40.431 [http-nio-8080-exec-1] DEBUG [] o.s.security.web.FilterChainProxy - Secured GET /actuator/health
2026-10-06 21:00:40.457 [http-nio-8080-exec-1] DEBUG [297c91f4ca364c5e] o.s.web.servlet.DispatcherServlet - GET "/actuator/health", parameters={}
2026-10-06 21:00:40.497 [http-nio-8080-exec-1] DEBUG [297c91f4ca364c5e] o.s.w.s.m.m.a.RequestResponseBodyMethodProcessor - Read "application/octet-stream" to []
2026-10-06 21:00:40.549 [http-nio-8080-exec-1] DEBUG [297c91f4ca364c5e] o.s.web.client.RestTemplate - HTTP GET https://httpbin.org/status/200
2026-10-06 21:00:40.549 [http-nio-8080-exec-1] DEBUG [297c91f4ca364c5e] o.s.web.client.RestTemplate - Accept=[text/plain, application/json, application/yaml, application/*+json, */*]
2026-10-06 21:00:41.515 [AsyncReporter{ZipkinHttpClientSender{http://localhost:9411/api/v2/spans}}] WARN  [] z.r.i.AsyncReporter$BoundedAsyncReporter - Spans were dropped due to exceptions. All subsequent errors will be logged at FINE level.
2026-10-06 21:00:41.515 [AsyncReporter{ZipkinHttpClientSender{http://localhost:9411/api/v2/spans}}] WARN  [] z.r.i.AsyncReporter$BoundedAsyncReporter - Dropped 2 spans due to ConnectException()
java.net.ConnectException
	at java.net.http/jdk.internal.net.http.HttpClientImpl.send(HttpClientImpl.java:955)
	at java.net.http/jdk.internal.net.http.HttpClientFacade.send(HttpClientFacade.java:133)
	at org.springframework.boot.zipkin.autoconfigure.ZipkinHttpClientSender.postSpans(ZipkinHttpClientSender.java:59)
	at org.springframework.boot.zipkin.autoconfigure.HttpSender.postSpans(HttpSender.java:69)
	at org.springframework.boot.zipkin.autoconfigure.HttpSender.postSpans(HttpSender.java:41)
	at zipkin2.reporter.BaseHttpSender.send(BaseHttpSender.java:123)
	at zipkin2.reporter.internal.AsyncReporter$BoundedAsyncReporter.flush(AsyncReporter.java:266)
	at zipkin2.reporter.internal.AsyncReporter$Flusher.run(AsyncReporter.java:352)
	at java.base/java.lang.Thread.run(Thread.java:1583)
Caused by: java.net.ConnectException
	at java.net.http/jdk.internal.net.http.common.Utils.toConnectException(Utils.java:1065)
	at java.net.http/jdk.internal.net.http.PlainHttpConnection.connectAsync(PlainHttpConnection.java:227)
	at java.net.http/jdk.internal.net.http.PlainHttpConnection.checkRetryConnect(PlainHttpConnection.java:280)
	at java.net.http/jdk.internal.net.http.PlainHttpConnection.lambda$connectAsync$2(PlainHttpConnection.java:238)
	at java.base/java.util.concurrent.CompletableFuture.uniHandle(CompletableFuture.java:934)
	at java.base/java.util.concurrent.CompletableFuture$UniHandle.tryFire(CompletableFuture.java:911)
	at java.base/java.util.concurrent.CompletableFuture.postComplete(CompletableFuture.java:510)
	at java.base/java.util.concurrent.CompletableFuture$AsyncSupply.run(CompletableFuture.java:1773)
	at java.base/java.util.concurrent.ThreadPoolExecutor.runWorker(ThreadPoolExecutor.java:1144)
	at java.base/java.util.concurrent.ThreadPoolExecutor$Worker.run(ThreadPoolExecutor.java:642)
	... 1 common frames omitted
Caused by: java.nio.channels.ClosedChannelException
	at java.base/sun.nio.ch.SocketChannelImpl.ensureOpen(SocketChannelImpl.java:202)
	at java.base/sun.nio.ch.SocketChannelImpl.beginConnect(SocketChannelImpl.java:786)
	at java.base/sun.nio.ch.SocketChannelImpl.connect(SocketChannelImpl.java:874)
	at java.net.http/jdk.internal.net.http.PlainHttpConnection.lambda$connectAsync$1(PlainHttpConnection.java:210)
	at java.base/java.security.AccessController.doPrivileged(AccessController.java:571)
	at java.net.http/jdk.internal.net.http.PlainHttpConnection.connectAsync(PlainHttpConnection.java:212)
	... 9 common frames omitted
2026-10-06 21:00:41.599 [http-nio-8080-exec-1] DEBUG [297c91f4ca364c5e] o.s.web.client.RestTemplate - Response 200 OK
2026-10-06 21:00:41.632 [http-nio-8080-exec-1] DEBUG [297c91f4ca364c5e] o.s.w.s.m.m.a.HttpEntityMethodProcessor - Using 'application/vnd.spring-boot.actuator.v3+json', given [*/*] and supported [application/vnd.spring-boot.actuator.v3+json, application/vnd.spring-boot.actuator.v2+json, application/json]
2026-10-06 21:00:41.632 [http-nio-8080-exec-1] DEBUG [297c91f4ca364c5e] o.s.w.s.m.m.a.HttpEntityMethodProcessor - Writing [org.springframework.boot.health.actuate.endpoint.SystemHealthDescriptor@100f02e5]
2026-10-06 21:00:41.753 [http-nio-8080-exec-1] DEBUG [297c91f4ca364c5e] o.s.web.servlet.DispatcherServlet - Completed 200 OK
2026-10-06 21:05:13.718 [main] INFO  [] c.d.d.DeliveryApiApplicationTests - Starting DeliveryApiApplicationTests using Java 21.0.12 with PID 10200 (started by anama in C:\Marinho_Matheus\FAT\delivery_api)
2026-10-06 21:05:13.718 [main] DEBUG [] c.d.d.DeliveryApiApplicationTests - Running with Spring Boot v4.1.1, Spring v7.0.9
2026-10-06 21:05:13.718 [main] INFO  [] c.d.d.DeliveryApiApplicationTests - No active profile set, falling back to 1 default profile: "default"
2026-10-06 21:05:13.820 [main] DEBUG [] o.s.w.c.s.GenericWebApplicationContext - Refreshing org.springframework.web.context.support.GenericWebApplicationContext@34fc315d
2026-10-06 21:05:16.438 [main] INFO  [] o.s.d.r.c.RepositoryConfigurationDelegate - Multiple Spring Data modules found, entering strict repository configuration mode
2026-10-06 21:05:16.452 [main] INFO  [] o.s.d.r.c.RepositoryConfigurationDelegate - Bootstrapping Spring Data JPA repositories in DEFAULT mode.
2026-10-06 21:05:16.762 [main] INFO  [] o.s.d.r.c.RepositoryConfigurationDelegate - Finished Spring Data repository scanning in 293 ms. Found 5 JPA repository interfaces.
2026-10-06 21:05:19.367 [main] INFO  [] o.s.o.j.p.SpringPersistenceUnitInfo - No LoadTimeWeaver setup: ignoring JPA class transformer
2026-10-06 21:05:19.475 [main] INFO  [] com.zaxxer.hikari.HikariDataSource - HikariPool-1 - Starting...
2026-10-06 21:05:20.226 [main] INFO  [] com.zaxxer.hikari.pool.HikariPool - HikariPool-1 - Added connection conn0: url=jdbc:h2:mem:deliverydb user=SA
2026-10-06 21:05:20.226 [main] INFO  [] com.zaxxer.hikari.HikariDataSource - HikariPool-1 - Start completed.
2026-10-06 21:05:20.322 [main] WARN  [] org.hibernate.orm.deprecation - HHH90000025: H2Dialect does not need to be specified explicitly using 'hibernate.dialect' (remove the property setting and it will be selected by default)
2026-10-06 21:05:23.364 [main] INFO  [] o.s.o.j.LocalContainerEntityManagerFactoryBean - Initialized JPA EntityManagerFactory for persistence unit 'default'
2026-10-06 21:05:23.648 [main] INFO  [] o.s.d.j.r.q.QueryEnhancerFactories - Hibernate is in classpath; If applicable, HQL parser will be used.
2026-10-06 21:05:24.141 [main] INFO  [] o.s.s.c.a.a.c.InitializeAuthenticationProviderBeanManagerConfigurer$InitializeAuthenticationProviderManagerConfigurer - Global AuthenticationManager configured with AuthenticationProvider bean with name authenticationProvider
2026-10-06 21:05:24.142 [main] WARN  [] o.s.s.c.a.a.c.InitializeUserDetailsBeanManagerConfigurer$InitializeUserDetailsManagerConfigurer - Global AuthenticationManager configured with an AuthenticationProvider bean. UserDetailsService beans will not be used by Spring Security for automatically configuring username/password login. Consider removing the AuthenticationProvider bean. Alternatively, consider using the UserDetailsService in a manually instantiated DaoAuthenticationProvider. If the current configuration is intentional, to turn off this warning, increase the logging level of 'org.springframework.security.config.annotation.authentication.configuration.InitializeUserDetailsBeanManagerConfigurer' to ERROR
2026-10-06 21:05:28.131 [main] DEBUG [] o.s.s.web.DefaultSecurityFilterChain - Will secure any request with filters: DisableEncodeUrlFilter, WebAsyncManagerIntegrationFilter, SecurityContextHolderFilter, HeaderWriterFilter, CorsFilter, LogoutFilter, JwtAuthenticationFilter, RequestCacheAwareFilter, SecurityContextHolderAwareRequestFilter, AnonymousAuthenticationFilter, SessionManagementFilter, ExceptionTranslationFilter, AuthorizationFilter
2026-10-06 21:05:28.434 [main] DEBUG [] o.s.w.s.m.m.a.RequestMappingHandlerMapping - 43 mappings in 'requestMappingHandlerMapping'
2026-10-06 21:05:28.484 [main] DEBUG [] o.s.w.s.h.SimpleUrlHandlerMapping - Patterns [/webjars/**, /**, /swagger-ui*/*swagger-initializer.js, /swagger-ui*/**] in 'resourceHandlerMapping'
2026-10-06 21:05:28.549 [main] DEBUG [] o.s.w.s.m.m.a.RequestMappingHandlerAdapter - ControllerAdvice beans: 0 @ModelAttribute, 0 @InitBinder, 2 RequestBodyAdvice, 1 ResponseBodyAdvice
2026-10-06 21:05:28.701 [main] DEBUG [] o.s.w.s.m.m.a.ExceptionHandlerExceptionResolver - ControllerAdvice beans: 2 @ExceptionHandler, 1 ResponseBodyAdvice
2026-10-06 21:05:30.374 [main] INFO  [] o.s.b.h.a.H2ConsoleAutoConfiguration - H2 console available at '/h2-console'. Database available at 'jdbc:h2:mem:deliverydb'
2026-10-06 21:05:30.684 [main] INFO  [] o.s.b.a.e.web.EndpointLinksResolver - Exposing 14 endpoints beneath base path '/actuator'
2026-10-06 21:05:30.915 [main] INFO  [] c.d.d.DeliveryApiApplicationTests - Started DeliveryApiApplicationTests in 18.397 seconds (process running for 21.71)
2026-10-06 21:05:31.718 [SpringApplicationShutdownHook] DEBUG [] o.s.w.c.s.GenericWebApplicationContext - Closing org.springframework.web.context.support.GenericWebApplicationContext@34fc315d, started on Tue Oct 06 21:05:13 BRT 2026
2026-10-06 21:05:32.803 [SpringApplicationShutdownHook] INFO  [] o.s.o.j.LocalContainerEntityManagerFactoryBean - Closing JPA EntityManagerFactory for persistence unit 'default'
2026-10-06 21:05:32.803 [SpringApplicationShutdownHook] INFO  [] com.zaxxer.hikari.HikariDataSource - HikariPool-1 - Shutdown initiated...
2026-10-06 21:05:32.815 [SpringApplicationShutdownHook] INFO  [] com.zaxxer.hikari.HikariDataSource - HikariPool-1 - Shutdown completed.
2026-10-06 21:08:50.941 [File Watcher] INFO  [] o.s.b.d.a.LocalDevToolsAutoConfiguration$RestartingClassPathChangeChangedEventListener - Restarting due to 1 class path change (0 additions, 0 deletions, 1 modification)
2026-10-06 21:08:51.111 [Thread-1] INFO  [] o.s.boot.tomcat.GracefulShutdown - Commencing graceful shutdown. Waiting for active requests to complete
2026-10-06 21:08:51.121 [tomcat-shutdown] INFO  [] o.a.coyote.http11.Http11NioProtocol - Pausing ProtocolHandler ["http-nio-8080"]
2026-10-06 21:08:51.141 [tomcat-shutdown] INFO  [] o.s.boot.tomcat.GracefulShutdown - Graceful shutdown complete
2026-10-06 21:08:51.141 [Thread-1] INFO  [] o.a.coyote.http11.Http11NioProtocol - Stopping ProtocolHandler ["http-nio-8080"]
2026-10-06 21:08:51.291 [Thread-1] INFO  [] o.s.o.j.LocalContainerEntityManagerFactoryBean - Closing JPA EntityManagerFactory for persistence unit 'default'
2026-10-06 21:08:51.412 [Thread-1] WARN  [] o.s.b.f.s.DisposableBeanAdapter - Invocation of destroy method failed on bean with name 'inMemoryDatabaseShutdownExecutor': org.h2.jdbc.JdbcSQLNonTransientConnectionException: Database is already closed (to disable automatic closing at VM shutdown, add ";DB_CLOSE_ON_EXIT=FALSE" to the db URL) [90121-240]
2026-10-06 21:08:51.418 [Thread-1] INFO  [] com.zaxxer.hikari.HikariDataSource - HikariPool-1 - Shutdown initiated...
2026-10-06 21:08:51.421 [Thread-1] INFO  [] com.zaxxer.hikari.HikariDataSource - HikariPool-1 - Shutdown completed.
2026-10-06 21:08:52.372 [restartedMain] INFO  [] c.d.d.DeliveryApiApplication - Starting DeliveryApiApplication using Java 21.0.12 with PID 20352 (C:\Marinho_Matheus\FAT\delivery_api\target\classes started by anama in C:\Marinho_Matheus\FAT\delivery_api)
2026-10-06 21:08:52.372 [restartedMain] DEBUG [] c.d.d.DeliveryApiApplication - Running with Spring Boot v4.1.1, Spring v7.0.9
2026-10-06 21:08:52.372 [restartedMain] INFO  [] c.d.d.DeliveryApiApplication - No active profile set, falling back to 1 default profile: "default"
2026-10-06 21:08:53.120 [restartedMain] INFO  [] o.s.d.r.c.RepositoryConfigurationDelegate - Multiple Spring Data modules found, entering strict repository configuration mode
2026-10-06 21:08:53.122 [restartedMain] INFO  [] o.s.d.r.c.RepositoryConfigurationDelegate - Bootstrapping Spring Data JPA repositories in DEFAULT mode.
2026-10-06 21:08:53.173 [restartedMain] INFO  [] o.s.d.r.c.RepositoryConfigurationDelegate - Finished Spring Data repository scanning in 47 ms. Found 5 JPA repository interfaces.
2026-10-06 21:08:53.818 [restartedMain] INFO  [] o.s.boot.tomcat.TomcatWebServer - Tomcat initialized with port 8080 (http)
2026-10-06 21:08:53.821 [restartedMain] INFO  [] o.a.coyote.http11.Http11NioProtocol - Initializing ProtocolHandler ["http-nio-8080"]
2026-10-06 21:08:53.821 [restartedMain] INFO  [] o.a.catalina.core.StandardService - Starting service [Tomcat]
2026-10-06 21:08:53.821 [restartedMain] INFO  [] o.a.catalina.core.StandardEngine - Starting Servlet engine: [Apache Tomcat/11.0.24]
2026-10-06 21:08:53.885 [restartedMain] INFO  [] o.s.b.w.c.s.WebApplicationContextInitializer - Root WebApplicationContext: initialization completed in 1504 ms
2026-10-06 21:08:54.331 [restartedMain] INFO  [] o.s.o.j.p.SpringPersistenceUnitInfo - No LoadTimeWeaver setup: ignoring JPA class transformer
2026-10-06 21:08:54.333 [restartedMain] INFO  [] com.zaxxer.hikari.HikariDataSource - HikariPool-2 - Starting...
2026-10-06 21:08:54.337 [restartedMain] INFO  [] com.zaxxer.hikari.pool.HikariPool - HikariPool-2 - Added connection conn10: url=jdbc:h2:mem:deliverydb user=SA
2026-10-06 21:08:54.337 [restartedMain] INFO  [] com.zaxxer.hikari.HikariDataSource - HikariPool-2 - Start completed.
2026-10-06 21:08:54.339 [restartedMain] WARN  [] org.hibernate.orm.deprecation - HHH90000025: H2Dialect does not need to be specified explicitly using 'hibernate.dialect' (remove the property setting and it will be selected by default)
2026-10-06 21:08:54.654 [restartedMain] INFO  [] o.s.o.j.LocalContainerEntityManagerFactoryBean - Initialized JPA EntityManagerFactory for persistence unit 'default'
2026-10-06 21:08:54.911 [restartedMain] DEBUG [] c.d.d.s.JwtAuthenticationFilter - Filter 'jwtAuthenticationFilter' configured for use
2026-10-06 21:08:54.915 [restartedMain] DEBUG [] o.s.w.f.ServerHttpObservationFilter - Filter 'webMvcObservationFilter' configured for use
2026-10-06 21:08:54.985 [restartedMain] INFO  [] o.s.s.c.a.a.c.InitializeAuthenticationProviderBeanManagerConfigurer$InitializeAuthenticationProviderManagerConfigurer - Global AuthenticationManager configured with AuthenticationProvider bean with name authenticationProvider
2026-10-06 21:08:54.987 [restartedMain] WARN  [] o.s.s.c.a.a.c.InitializeUserDetailsBeanManagerConfigurer$InitializeUserDetailsManagerConfigurer - Global AuthenticationManager configured with an AuthenticationProvider bean. UserDetailsService beans will not be used by Spring Security for automatically configuring username/password login. Consider removing the AuthenticationProvider bean. Alternatively, consider using the UserDetailsService in a manually instantiated DaoAuthenticationProvider. If the current configuration is intentional, to turn off this warning, increase the logging level of 'org.springframework.security.config.annotation.authentication.configuration.InitializeUserDetailsBeanManagerConfigurer' to ERROR
2026-10-06 21:08:55.776 [restartedMain] DEBUG [] o.s.s.web.DefaultSecurityFilterChain - Will secure any request with filters: DisableEncodeUrlFilter, WebAsyncManagerIntegrationFilter, SecurityContextHolderFilter, HeaderWriterFilter, CorsFilter, LogoutFilter, JwtAuthenticationFilter, RequestCacheAwareFilter, SecurityContextHolderAwareRequestFilter, AnonymousAuthenticationFilter, SessionManagementFilter, ExceptionTranslationFilter, AuthorizationFilter
2026-10-06 21:08:55.944 [restartedMain] DEBUG [] o.s.w.s.m.m.a.RequestMappingHandlerMapping - 43 mappings in 'requestMappingHandlerMapping'
2026-10-06 21:08:55.988 [restartedMain] DEBUG [] o.s.w.s.h.SimpleUrlHandlerMapping - Patterns [/webjars/**, /**, /swagger-ui*/*swagger-initializer.js, /swagger-ui*/**] in 'resourceHandlerMapping'
2026-10-06 21:08:56.011 [restartedMain] DEBUG [] o.s.w.s.m.m.a.RequestMappingHandlerAdapter - ControllerAdvice beans: 0 @ModelAttribute, 0 @InitBinder, 2 RequestBodyAdvice, 1 ResponseBodyAdvice
2026-10-06 21:08:56.041 [restartedMain] DEBUG [] o.s.w.s.m.m.a.ExceptionHandlerExceptionResolver - ControllerAdvice beans: 2 @ExceptionHandler, 1 ResponseBodyAdvice
2026-10-06 21:08:56.487 [restartedMain] INFO  [] o.s.b.h.a.H2ConsoleAutoConfiguration - H2 console available at '/h2-console'. Database available at 'jdbc:h2:mem:deliverydb'
2026-10-06 21:08:56.587 [restartedMain] INFO  [] o.s.b.a.e.web.EndpointLinksResolver - Exposing 14 endpoints beneath base path '/actuator'
2026-10-06 21:08:56.670 [restartedMain] INFO  [] o.a.coyote.http11.Http11NioProtocol - Starting ProtocolHandler ["http-nio-8080"]
2026-10-06 21:08:56.689 [restartedMain] INFO  [] o.s.boot.tomcat.TomcatWebServer - Tomcat started on port 8080 (http) with context path '/'
2026-10-06 21:08:56.703 [restartedMain] INFO  [] c.d.d.DeliveryApiApplication - Started DeliveryApiApplication in 4.416 seconds (process running for 569.319)
2026-10-06 21:08:56.703 [restartedMain] INFO  [] o.s.b.d.a.ConditionEvaluationDeltaLoggingListener - Condition evaluation unchanged
2026-10-06 21:10:11.553 [main] INFO  [] c.d.d.DeliveryApiApplicationTests - Starting DeliveryApiApplicationTests using Java 21.0.12 with PID 6096 (started by anama in C:\Marinho_Matheus\FAT\delivery_api)
2026-10-06 21:10:11.555 [main] DEBUG [] c.d.d.DeliveryApiApplicationTests - Running with Spring Boot v4.1.1, Spring v7.0.9
2026-10-06 21:10:11.557 [main] INFO  [] c.d.d.DeliveryApiApplicationTests - No active profile set, falling back to 1 default profile: "default"
2026-10-06 21:10:11.642 [main] DEBUG [] o.s.w.c.s.GenericWebApplicationContext - Refreshing org.springframework.web.context.support.GenericWebApplicationContext@34fc315d
2026-10-06 21:10:14.394 [main] INFO  [] o.s.d.r.c.RepositoryConfigurationDelegate - Multiple Spring Data modules found, entering strict repository configuration mode
2026-10-06 21:10:14.403 [main] INFO  [] o.s.d.r.c.RepositoryConfigurationDelegate - Bootstrapping Spring Data JPA repositories in DEFAULT mode.
2026-10-06 21:10:14.756 [main] INFO  [] o.s.d.r.c.RepositoryConfigurationDelegate - Finished Spring Data repository scanning in 330 ms. Found 5 JPA repository interfaces.
2026-10-06 21:10:17.451 [main] INFO  [] o.s.o.j.p.SpringPersistenceUnitInfo - No LoadTimeWeaver setup: ignoring JPA class transformer
2026-10-06 21:10:17.571 [main] INFO  [] com.zaxxer.hikari.HikariDataSource - HikariPool-1 - Starting...
2026-10-06 21:10:18.270 [main] INFO  [] com.zaxxer.hikari.pool.HikariPool - HikariPool-1 - Added connection conn0: url=jdbc:h2:mem:deliverydb user=SA
2026-10-06 21:10:18.274 [main] INFO  [] com.zaxxer.hikari.HikariDataSource - HikariPool-1 - Start completed.
2026-10-06 21:10:18.344 [main] WARN  [] org.hibernate.orm.deprecation - HHH90000025: H2Dialect does not need to be specified explicitly using 'hibernate.dialect' (remove the property setting and it will be selected by default)
2026-10-06 21:10:20.817 [main] INFO  [] o.s.o.j.LocalContainerEntityManagerFactoryBean - Initialized JPA EntityManagerFactory for persistence unit 'default'
2026-10-06 21:10:21.084 [main] INFO  [] o.s.d.j.r.q.QueryEnhancerFactories - Hibernate is in classpath; If applicable, HQL parser will be used.
2026-10-06 21:10:21.436 [main] INFO  [] o.s.s.c.a.a.c.InitializeAuthenticationProviderBeanManagerConfigurer$InitializeAuthenticationProviderManagerConfigurer - Global AuthenticationManager configured with AuthenticationProvider bean with name authenticationProvider
2026-10-06 21:10:21.445 [main] WARN  [] o.s.s.c.a.a.c.InitializeUserDetailsBeanManagerConfigurer$InitializeUserDetailsManagerConfigurer - Global AuthenticationManager configured with an AuthenticationProvider bean. UserDetailsService beans will not be used by Spring Security for automatically configuring username/password login. Consider removing the AuthenticationProvider bean. Alternatively, consider using the UserDetailsService in a manually instantiated DaoAuthenticationProvider. If the current configuration is intentional, to turn off this warning, increase the logging level of 'org.springframework.security.config.annotation.authentication.configuration.InitializeUserDetailsBeanManagerConfigurer' to ERROR
2026-10-06 21:10:25.267 [main] DEBUG [] o.s.s.web.DefaultSecurityFilterChain - Will secure any request with filters: DisableEncodeUrlFilter, WebAsyncManagerIntegrationFilter, SecurityContextHolderFilter, HeaderWriterFilter, CorsFilter, LogoutFilter, JwtAuthenticationFilter, RequestCacheAwareFilter, SecurityContextHolderAwareRequestFilter, AnonymousAuthenticationFilter, SessionManagementFilter, ExceptionTranslationFilter, AuthorizationFilter
2026-10-06 21:10:25.568 [main] DEBUG [] o.s.w.s.m.m.a.RequestMappingHandlerMapping - 43 mappings in 'requestMappingHandlerMapping'
2026-10-06 21:10:25.619 [main] DEBUG [] o.s.w.s.h.SimpleUrlHandlerMapping - Patterns [/webjars/**, /**, /swagger-ui*/*swagger-initializer.js, /swagger-ui*/**] in 'resourceHandlerMapping'
2026-10-06 21:10:25.687 [main] DEBUG [] o.s.w.s.m.m.a.RequestMappingHandlerAdapter - ControllerAdvice beans: 0 @ModelAttribute, 0 @InitBinder, 2 RequestBodyAdvice, 1 ResponseBodyAdvice
2026-10-06 21:10:25.797 [main] DEBUG [] o.s.w.s.m.m.a.ExceptionHandlerExceptionResolver - ControllerAdvice beans: 2 @ExceptionHandler, 1 ResponseBodyAdvice
2026-10-06 21:10:27.101 [main] INFO  [] o.s.b.h.a.H2ConsoleAutoConfiguration - H2 console available at '/h2-console'. Database available at 'jdbc:h2:mem:deliverydb'
2026-10-06 21:10:27.351 [main] INFO  [] o.s.b.a.e.web.EndpointLinksResolver - Exposing 14 endpoints beneath base path '/actuator'
2026-10-06 21:10:27.511 [main] INFO  [] c.d.d.DeliveryApiApplicationTests - Started DeliveryApiApplicationTests in 17.046 seconds (process running for 20.189)
2026-10-06 21:10:28.312 [SpringApplicationShutdownHook] DEBUG [] o.s.w.c.s.GenericWebApplicationContext - Closing org.springframework.web.context.support.GenericWebApplicationContext@34fc315d, started on Tue Oct 06 21:10:11 BRT 2026
2026-10-06 21:10:29.400 [SpringApplicationShutdownHook] INFO  [] o.s.o.j.LocalContainerEntityManagerFactoryBean - Closing JPA EntityManagerFactory for persistence unit 'default'
2026-10-06 21:10:29.400 [SpringApplicationShutdownHook] INFO  [] com.zaxxer.hikari.HikariDataSource - HikariPool-1 - Shutdown initiated...
2026-10-06 21:10:29.415 [SpringApplicationShutdownHook] INFO  [] com.zaxxer.hikari.HikariDataSource - HikariPool-1 - Shutdown completed.
2026-10-06 21:11:12.575 [File Watcher] INFO  [] o.s.b.d.a.LocalDevToolsAutoConfiguration$RestartingClassPathChangeChangedEventListener - Restarting due to 2 class path changes (0 additions, 0 deletions, 2 modifications)
2026-10-06 21:11:12.602 [Thread-5] INFO  [] o.s.boot.tomcat.GracefulShutdown - Commencing graceful shutdown. Waiting for active requests to complete
2026-10-06 21:11:12.608 [tomcat-shutdown] INFO  [] o.a.coyote.http11.Http11NioProtocol - Pausing ProtocolHandler ["http-nio-8080"]
2026-10-06 21:11:12.619 [tomcat-shutdown] INFO  [] o.s.boot.tomcat.GracefulShutdown - Graceful shutdown complete
2026-10-06 21:11:12.619 [Thread-5] INFO  [] o.a.coyote.http11.Http11NioProtocol - Stopping ProtocolHandler ["http-nio-8080"]
2026-10-06 21:11:12.634 [Thread-5] INFO  [] o.s.o.j.LocalContainerEntityManagerFactoryBean - Closing JPA EntityManagerFactory for persistence unit 'default'
2026-10-06 21:11:12.664 [Thread-5] WARN  [] o.s.b.f.s.DisposableBeanAdapter - Invocation of destroy method failed on bean with name 'inMemoryDatabaseShutdownExecutor': org.h2.jdbc.JdbcSQLNonTransientConnectionException: Database is already closed (to disable automatic closing at VM shutdown, add ";DB_CLOSE_ON_EXIT=FALSE" to the db URL) [90121-240]
2026-10-06 21:11:12.667 [Thread-5] INFO  [] com.zaxxer.hikari.HikariDataSource - HikariPool-2 - Shutdown initiated...
2026-10-06 21:11:12.667 [Thread-5] INFO  [] com.zaxxer.hikari.HikariDataSource - HikariPool-2 - Shutdown completed.
2026-10-06 21:11:13.929 [restartedMain] INFO  [] c.d.d.DeliveryApiApplication - Starting DeliveryApiApplication using Java 21.0.12 with PID 20352 (C:\Marinho_Matheus\FAT\delivery_api\target\classes started by anama in C:\Marinho_Matheus\FAT\delivery_api)
2026-10-06 21:11:13.929 [restartedMain] DEBUG [] c.d.d.DeliveryApiApplication - Running with Spring Boot v4.1.1, Spring v7.0.9
2026-10-06 21:11:13.929 [restartedMain] INFO  [] c.d.d.DeliveryApiApplication - No active profile set, falling back to 1 default profile: "default"
2026-10-06 21:11:14.455 [restartedMain] INFO  [] o.s.d.r.c.RepositoryConfigurationDelegate - Multiple Spring Data modules found, entering strict repository configuration mode
2026-10-06 21:11:14.455 [restartedMain] INFO  [] o.s.d.r.c.RepositoryConfigurationDelegate - Bootstrapping Spring Data JPA repositories in DEFAULT mode.
2026-10-06 21:11:14.506 [restartedMain] INFO  [] o.s.d.r.c.RepositoryConfigurationDelegate - Finished Spring Data repository scanning in 44 ms. Found 5 JPA repository interfaces.
2026-10-06 21:11:14.912 [restartedMain] INFO  [] o.s.boot.tomcat.TomcatWebServer - Tomcat initialized with port 8080 (http)
2026-10-06 21:11:14.912 [restartedMain] INFO  [] o.a.coyote.http11.Http11NioProtocol - Initializing ProtocolHandler ["http-nio-8080"]
2026-10-06 21:11:14.914 [restartedMain] INFO  [] o.a.catalina.core.StandardService - Starting service [Tomcat]
2026-10-06 21:11:14.914 [restartedMain] INFO  [] o.a.catalina.core.StandardEngine - Starting Servlet engine: [Apache Tomcat/11.0.24]
2026-10-06 21:11:14.952 [restartedMain] INFO  [] o.s.b.w.c.s.WebApplicationContextInitializer - Root WebApplicationContext: initialization completed in 1023 ms
2026-10-06 21:11:15.257 [restartedMain] INFO  [] o.s.o.j.p.SpringPersistenceUnitInfo - No LoadTimeWeaver setup: ignoring JPA class transformer
2026-10-06 21:11:15.262 [restartedMain] INFO  [] com.zaxxer.hikari.HikariDataSource - HikariPool-3 - Starting...
2026-10-06 21:11:15.268 [restartedMain] INFO  [] com.zaxxer.hikari.pool.HikariPool - HikariPool-3 - Added connection conn20: url=jdbc:h2:mem:deliverydb user=SA
2026-10-06 21:11:15.270 [restartedMain] INFO  [] com.zaxxer.hikari.HikariDataSource - HikariPool-3 - Start completed.
2026-10-06 21:11:15.272 [restartedMain] WARN  [] org.hibernate.orm.deprecation - HHH90000025: H2Dialect does not need to be specified explicitly using 'hibernate.dialect' (remove the property setting and it will be selected by default)
2026-10-06 21:11:15.650 [restartedMain] INFO  [] o.s.o.j.LocalContainerEntityManagerFactoryBean - Initialized JPA EntityManagerFactory for persistence unit 'default'
2026-10-06 21:11:15.846 [restartedMain] DEBUG [] c.d.d.s.JwtAuthenticationFilter - Filter 'jwtAuthenticationFilter' configured for use
2026-10-06 21:11:15.846 [restartedMain] DEBUG [] o.s.w.f.ServerHttpObservationFilter - Filter 'webMvcObservationFilter' configured for use
2026-10-06 21:11:15.912 [restartedMain] INFO  [] o.s.s.c.a.a.c.InitializeAuthenticationProviderBeanManagerConfigurer$InitializeAuthenticationProviderManagerConfigurer - Global AuthenticationManager configured with AuthenticationProvider bean with name authenticationProvider
2026-10-06 21:11:15.912 [restartedMain] WARN  [] o.s.s.c.a.a.c.InitializeUserDetailsBeanManagerConfigurer$InitializeUserDetailsManagerConfigurer - Global AuthenticationManager configured with an AuthenticationProvider bean. UserDetailsService beans will not be used by Spring Security for automatically configuring username/password login. Consider removing the AuthenticationProvider bean. Alternatively, consider using the UserDetailsService in a manually instantiated DaoAuthenticationProvider. If the current configuration is intentional, to turn off this warning, increase the logging level of 'org.springframework.security.config.annotation.authentication.configuration.InitializeUserDetailsBeanManagerConfigurer' to ERROR
2026-10-06 21:11:16.512 [restartedMain] DEBUG [] o.s.s.web.DefaultSecurityFilterChain - Will secure any request with filters: DisableEncodeUrlFilter, WebAsyncManagerIntegrationFilter, SecurityContextHolderFilter, HeaderWriterFilter, CorsFilter, LogoutFilter, JwtAuthenticationFilter, RequestCacheAwareFilter, SecurityContextHolderAwareRequestFilter, AnonymousAuthenticationFilter, SessionManagementFilter, ExceptionTranslationFilter, AuthorizationFilter
2026-10-06 21:11:16.662 [restartedMain] DEBUG [] o.s.w.s.m.m.a.RequestMappingHandlerMapping - 43 mappings in 'requestMappingHandlerMapping'
2026-10-06 21:11:16.712 [restartedMain] DEBUG [] o.s.w.s.h.SimpleUrlHandlerMapping - Patterns [/webjars/**, /**, /swagger-ui*/*swagger-initializer.js, /swagger-ui*/**] in 'resourceHandlerMapping'
2026-10-06 21:11:16.745 [restartedMain] DEBUG [] o.s.w.s.m.m.a.RequestMappingHandlerAdapter - ControllerAdvice beans: 0 @ModelAttribute, 0 @InitBinder, 2 RequestBodyAdvice, 1 ResponseBodyAdvice
2026-10-06 21:11:16.778 [restartedMain] DEBUG [] o.s.w.s.m.m.a.ExceptionHandlerExceptionResolver - ControllerAdvice beans: 2 @ExceptionHandler, 1 ResponseBodyAdvice
2026-10-06 21:11:17.145 [restartedMain] INFO  [] o.s.b.h.a.H2ConsoleAutoConfiguration - H2 console available at '/h2-console'. Database available at 'jdbc:h2:mem:deliverydb'
2026-10-06 21:11:17.245 [restartedMain] INFO  [] o.s.b.a.e.web.EndpointLinksResolver - Exposing 14 endpoints beneath base path '/actuator'
2026-10-06 21:11:17.345 [restartedMain] INFO  [] o.a.coyote.http11.Http11NioProtocol - Starting ProtocolHandler ["http-nio-8080"]
2026-10-06 21:11:17.345 [restartedMain] INFO  [] o.s.boot.tomcat.TomcatWebServer - Tomcat started on port 8080 (http) with context path '/'
2026-10-06 21:11:17.355 [restartedMain] INFO  [] c.d.d.DeliveryApiApplication - Started DeliveryApiApplication in 3.506 seconds (process running for 709.972)
2026-10-06 21:11:17.355 [restartedMain] INFO  [] o.s.b.d.a.ConditionEvaluationDeltaLoggingListener - Condition evaluation unchanged
2026-10-06 21:11:40.201 [main] INFO  [] c.d.d.DeliveryApiApplicationTests - Starting DeliveryApiApplicationTests using Java 21.0.12 with PID 9248 (started by anama in C:\Marinho_Matheus\FAT\delivery_api)
2026-10-06 21:11:40.204 [main] DEBUG [] c.d.d.DeliveryApiApplicationTests - Running with Spring Boot v4.1.1, Spring v7.0.9
2026-10-06 21:11:40.206 [main] INFO  [] c.d.d.DeliveryApiApplicationTests - No active profile set, falling back to 1 default profile: "default"
2026-10-06 21:11:40.372 [main] DEBUG [] o.s.w.c.s.GenericWebApplicationContext - Refreshing org.springframework.web.context.support.GenericWebApplicationContext@36a1fd20
2026-10-06 21:11:44.100 [main] INFO  [] o.s.d.r.c.RepositoryConfigurationDelegate - Multiple Spring Data modules found, entering strict repository configuration mode
2026-10-06 21:11:44.104 [main] INFO  [] o.s.d.r.c.RepositoryConfigurationDelegate - Bootstrapping Spring Data JPA repositories in DEFAULT mode.
2026-10-06 21:11:44.463 [main] INFO  [] o.s.d.r.c.RepositoryConfigurationDelegate - Finished Spring Data repository scanning in 333 ms. Found 5 JPA repository interfaces.
2026-10-06 21:11:47.460 [main] INFO  [] o.s.o.j.p.SpringPersistenceUnitInfo - No LoadTimeWeaver setup: ignoring JPA class transformer
2026-10-06 21:11:47.562 [main] INFO  [] com.zaxxer.hikari.HikariDataSource - HikariPool-1 - Starting...
2026-10-06 21:11:48.226 [main] INFO  [] com.zaxxer.hikari.pool.HikariPool - HikariPool-1 - Added connection conn0: url=jdbc:h2:mem:deliverydb user=SA
2026-10-06 21:11:48.233 [main] INFO  [] com.zaxxer.hikari.HikariDataSource - HikariPool-1 - Start completed.
2026-10-06 21:11:48.331 [main] WARN  [] org.hibernate.orm.deprecation - HHH90000025: H2Dialect does not need to be specified explicitly using 'hibernate.dialect' (remove the property setting and it will be selected by default)
2026-10-06 21:11:50.929 [main] INFO  [] o.s.o.j.LocalContainerEntityManagerFactoryBean - Initialized JPA EntityManagerFactory for persistence unit 'default'
2026-10-06 21:11:51.240 [main] INFO  [] o.s.d.j.r.q.QueryEnhancerFactories - Hibernate is in classpath; If applicable, HQL parser will be used.
2026-10-06 21:11:51.642 [main] INFO  [] o.s.s.c.a.a.c.InitializeAuthenticationProviderBeanManagerConfigurer$InitializeAuthenticationProviderManagerConfigurer - Global AuthenticationManager configured with AuthenticationProvider bean with name authenticationProvider
2026-10-06 21:11:51.646 [main] WARN  [] o.s.s.c.a.a.c.InitializeUserDetailsBeanManagerConfigurer$InitializeUserDetailsManagerConfigurer - Global AuthenticationManager configured with an AuthenticationProvider bean. UserDetailsService beans will not be used by Spring Security for automatically configuring username/password login. Consider removing the AuthenticationProvider bean. Alternatively, consider using the UserDetailsService in a manually instantiated DaoAuthenticationProvider. If the current configuration is intentional, to turn off this warning, increase the logging level of 'org.springframework.security.config.annotation.authentication.configuration.InitializeUserDetailsBeanManagerConfigurer' to ERROR
2026-10-06 21:11:55.500 [main] DEBUG [] o.s.s.web.DefaultSecurityFilterChain - Will secure any request with filters: DisableEncodeUrlFilter, WebAsyncManagerIntegrationFilter, SecurityContextHolderFilter, HeaderWriterFilter, CorsFilter, LogoutFilter, JwtAuthenticationFilter, RequestCacheAwareFilter, SecurityContextHolderAwareRequestFilter, AnonymousAuthenticationFilter, SessionManagementFilter, ExceptionTranslationFilter, AuthorizationFilter
2026-10-06 21:11:55.903 [main] DEBUG [] o.s.w.s.m.m.a.RequestMappingHandlerMapping - 43 mappings in 'requestMappingHandlerMapping'
2026-10-06 21:11:55.998 [main] DEBUG [] o.s.w.s.h.SimpleUrlHandlerMapping - Patterns [/webjars/**, /**, /swagger-ui*/*swagger-initializer.js, /swagger-ui*/**] in 'resourceHandlerMapping'
2026-10-06 21:11:56.062 [main] DEBUG [] o.s.w.s.m.m.a.RequestMappingHandlerAdapter - ControllerAdvice beans: 0 @ModelAttribute, 0 @InitBinder, 2 RequestBodyAdvice, 1 ResponseBodyAdvice
2026-10-06 21:11:56.201 [main] DEBUG [] o.s.w.s.m.m.a.ExceptionHandlerExceptionResolver - ControllerAdvice beans: 2 @ExceptionHandler, 1 ResponseBodyAdvice
2026-10-06 21:11:57.866 [main] INFO  [] o.s.b.h.a.H2ConsoleAutoConfiguration - H2 console available at '/h2-console'. Database available at 'jdbc:h2:mem:deliverydb'
2026-10-06 21:11:58.606 [main] INFO  [] o.s.b.a.e.web.EndpointLinksResolver - Exposing 14 endpoints beneath base path '/actuator'
2026-10-06 21:11:58.922 [main] INFO  [] c.d.d.DeliveryApiApplicationTests - Started DeliveryApiApplicationTests in 20.409 seconds (process running for 23.386)
2026-10-06 21:12:00.095 [SpringApplicationShutdownHook] DEBUG [] o.s.w.c.s.GenericWebApplicationContext - Closing org.springframework.web.context.support.GenericWebApplicationContext@36a1fd20, started on Tue Oct 06 21:11:40 BRT 2026
2026-10-06 21:12:01.176 [SpringApplicationShutdownHook] INFO  [] o.s.o.j.LocalContainerEntityManagerFactoryBean - Closing JPA EntityManagerFactory for persistence unit 'default'
2026-10-06 21:12:01.193 [SpringApplicationShutdownHook] INFO  [] com.zaxxer.hikari.HikariDataSource - HikariPool-1 - Shutdown initiated...
2026-10-06 21:12:01.197 [SpringApplicationShutdownHook] INFO  [] com.zaxxer.hikari.HikariDataSource - HikariPool-1 - Shutdown completed.
2026-10-06 21:13:30.418 [http-nio-8080-exec-1] INFO  [] o.a.c.c.C.[Tomcat].[localhost].[/] - Initializing Spring DispatcherServlet 'dispatcherServlet'
2026-10-06 21:13:30.419 [http-nio-8080-exec-1] INFO  [] o.s.web.servlet.DispatcherServlet - Initializing Servlet 'dispatcherServlet'
2026-10-06 21:13:30.420 [http-nio-8080-exec-1] DEBUG [] o.s.web.servlet.DispatcherServlet - Detected StandardServletMultipartResolver
2026-10-06 21:13:30.420 [http-nio-8080-exec-1] DEBUG [] o.s.web.servlet.DispatcherServlet - Detected AcceptHeaderLocaleResolver
2026-10-06 21:13:30.424 [http-nio-8080-exec-1] DEBUG [] o.s.web.servlet.DispatcherServlet - Detected org.springframework.web.servlet.view.DefaultRequestToViewNameTranslator@77009938
2026-10-06 21:13:30.425 [http-nio-8080-exec-1] DEBUG [] o.s.web.servlet.DispatcherServlet - Detected org.springframework.web.servlet.support.SessionFlashMapManager@55fd56c2
2026-10-06 21:13:30.426 [http-nio-8080-exec-1] DEBUG [] o.s.web.servlet.DispatcherServlet - enableLoggingRequestDetails='false': request parameters and headers will be masked to prevent unsafe logging of potentially sensitive data
2026-10-06 21:13:30.426 [http-nio-8080-exec-1] INFO  [] o.s.web.servlet.DispatcherServlet - Completed initialization in 6 ms
2026-10-06 21:13:30.428 [http-nio-8080-exec-1] DEBUG [] o.s.security.web.FilterChainProxy - Securing GET /actuator/health
2026-10-06 21:13:30.432 [http-nio-8080-exec-1] WARN  [] c.d.d.s.JwtAuthenticationFilter - JWT Token não começa com Bearer String
2026-10-06 21:13:30.433 [http-nio-8080-exec-1] DEBUG [] o.s.s.w.a.AnonymousAuthenticationFilter - Set SecurityContextHolder to anonymous SecurityContext
2026-10-06 21:13:30.435 [http-nio-8080-exec-1] DEBUG [] o.s.security.web.FilterChainProxy - Secured GET /actuator/health
2026-10-06 21:13:30.437 [http-nio-8080-exec-1] DEBUG [6a8b2e29efb84f2c] o.s.web.servlet.DispatcherServlet - GET "/actuator/health", parameters={}
2026-10-06 21:13:30.441 [http-nio-8080-exec-1] DEBUG [6a8b2e29efb84f2c] o.s.w.s.m.m.a.RequestResponseBodyMethodProcessor - Read "application/octet-stream" to []
2026-10-06 21:13:30.445 [http-nio-8080-exec-1] DEBUG [6a8b2e29efb84f2c] o.s.web.client.RestTemplate - HTTP GET https://httpbin.org/status/200
2026-10-06 21:13:30.446 [http-nio-8080-exec-1] DEBUG [6a8b2e29efb84f2c] o.s.web.client.RestTemplate - Accept=[text/plain, application/json, application/yaml, application/*+json, */*]
2026-10-06 21:13:31.019 [http-nio-8080-exec-1] DEBUG [6a8b2e29efb84f2c] o.s.web.client.RestTemplate - Response 200 OK
2026-10-06 21:13:31.024 [http-nio-8080-exec-1] DEBUG [6a8b2e29efb84f2c] o.s.w.s.m.m.a.HttpEntityMethodProcessor - Using 'application/vnd.spring-boot.actuator.v3+json', given [*/*] and supported [application/vnd.spring-boot.actuator.v3+json, application/vnd.spring-boot.actuator.v2+json, application/json]
2026-10-06 21:13:31.025 [http-nio-8080-exec-1] DEBUG [6a8b2e29efb84f2c] o.s.w.s.m.m.a.HttpEntityMethodProcessor - Writing [org.springframework.boot.health.actuate.endpoint.SystemHealthDescriptor@6ca49427]
2026-10-06 21:13:31.037 [http-nio-8080-exec-1] DEBUG [6a8b2e29efb84f2c] o.s.web.servlet.DispatcherServlet - Completed 200 OK
2026-10-06 21:13:31.452 [AsyncReporter{ZipkinHttpClientSender{http://localhost:9411/api/v2/spans}}] WARN  [] z.r.i.AsyncReporter$BoundedAsyncReporter - Spans were dropped due to exceptions. All subsequent errors will be logged at FINE level.
2026-10-06 21:13:31.453 [AsyncReporter{ZipkinHttpClientSender{http://localhost:9411/api/v2/spans}}] WARN  [] z.r.i.AsyncReporter$BoundedAsyncReporter - Dropped 5 spans due to ConnectException()
java.net.ConnectException
	at java.net.http/jdk.internal.net.http.HttpClientImpl.send(HttpClientImpl.java:955)
	at java.net.http/jdk.internal.net.http.HttpClientFacade.send(HttpClientFacade.java:133)
	at org.springframework.boot.zipkin.autoconfigure.ZipkinHttpClientSender.postSpans(ZipkinHttpClientSender.java:59)
	at org.springframework.boot.zipkin.autoconfigure.HttpSender.postSpans(HttpSender.java:69)
	at org.springframework.boot.zipkin.autoconfigure.HttpSender.postSpans(HttpSender.java:41)
	at zipkin2.reporter.BaseHttpSender.send(BaseHttpSender.java:123)
	at zipkin2.reporter.internal.AsyncReporter$BoundedAsyncReporter.flush(AsyncReporter.java:266)
	at zipkin2.reporter.internal.AsyncReporter$Flusher.run(AsyncReporter.java:352)
	at java.base/java.lang.Thread.run(Thread.java:1583)
Caused by: java.net.ConnectException
	at java.net.http/jdk.internal.net.http.common.Utils.toConnectException(Utils.java:1065)
	at java.net.http/jdk.internal.net.http.PlainHttpConnection.connectAsync(PlainHttpConnection.java:227)
	at java.net.http/jdk.internal.net.http.PlainHttpConnection.checkRetryConnect(PlainHttpConnection.java:280)
	at java.net.http/jdk.internal.net.http.PlainHttpConnection.lambda$connectAsync$2(PlainHttpConnection.java:238)
	at java.base/java.util.concurrent.CompletableFuture.uniHandle(CompletableFuture.java:934)
	at java.base/java.util.concurrent.CompletableFuture$UniHandle.tryFire(CompletableFuture.java:911)
	at java.base/java.util.concurrent.CompletableFuture.postComplete(CompletableFuture.java:510)
	at java.base/java.util.concurrent.CompletableFuture$AsyncSupply.run(CompletableFuture.java:1773)
	at java.base/java.util.concurrent.ThreadPoolExecutor.runWorker(ThreadPoolExecutor.java:1144)
	at java.base/java.util.concurrent.ThreadPoolExecutor$Worker.run(ThreadPoolExecutor.java:642)
	... 1 common frames omitted
Caused by: java.nio.channels.ClosedChannelException
	at java.base/sun.nio.ch.SocketChannelImpl.ensureOpen(SocketChannelImpl.java:202)
	at java.base/sun.nio.ch.SocketChannelImpl.beginConnect(SocketChannelImpl.java:786)
	at java.base/sun.nio.ch.SocketChannelImpl.connect(SocketChannelImpl.java:874)
	at java.net.http/jdk.internal.net.http.PlainHttpConnection.lambda$connectAsync$1(PlainHttpConnection.java:210)
	at java.base/java.security.AccessController.doPrivileged(AccessController.java:571)
	at java.net.http/jdk.internal.net.http.PlainHttpConnection.connectAsync(PlainHttpConnection.java:212)
	... 9 common frames omitted
2026-10-06 21:13:45.501 [http-nio-8080-exec-6] DEBUG [] o.s.security.web.FilterChainProxy - Securing POST /api/auth/register
2026-10-06 21:13:45.503 [http-nio-8080-exec-6] WARN  [] c.d.d.s.JwtAuthenticationFilter - JWT Token não começa com Bearer String
2026-10-06 21:13:45.506 [http-nio-8080-exec-6] DEBUG [] o.s.s.w.a.AnonymousAuthenticationFilter - Set SecurityContextHolder to anonymous SecurityContext
2026-10-06 21:13:45.507 [http-nio-8080-exec-6] DEBUG [] o.s.security.web.FilterChainProxy - Secured POST /api/auth/register
2026-10-06 21:13:45.508 [http-nio-8080-exec-6] DEBUG [9998ee93a3f04105] o.s.web.servlet.DispatcherServlet - POST "/api/auth/register", parameters={}
2026-10-06 21:13:45.511 [http-nio-8080-exec-6] DEBUG [9998ee93a3f04105] o.s.w.s.m.m.a.RequestMappingHandlerMapping - Mapped to com.delivery.delivery_api.controller.AuthController#register(RegisterRequestDTO)
2026-10-06 21:13:45.643 [http-nio-8080-exec-6] DEBUG [9998ee93a3f04105] o.s.web.method.HandlerMethod - Could not resolve parameter [0] in public org.springframework.http.ResponseEntity<?> com.delivery.delivery_api.controller.AuthController.register(com.delivery.delivery_api.dto.RegisterRequestDTO): JSON parse error: Unexpected character ('n' (code 110)): was expecting double-quote to start property name
2026-10-06 21:13:45.646 [http-nio-8080-exec-6] DEBUG [9998ee93a3f04105] o.s.w.s.m.m.a.ExceptionHandlerExceptionResolver - Using @ExceptionHandler com.delivery.delivery_api.exception.GlobalExceptionHandler#handleGenericException(Exception, HttpServletRequest)
2026-10-06 21:13:45.733 [http-nio-8080-exec-6] DEBUG [9998ee93a3f04105] o.s.w.s.m.m.a.HttpEntityMethodProcessor - Using 'application/json', given [*/*] and supported [application/json, application/*+json, application/yaml]
2026-10-06 21:13:45.734 [http-nio-8080-exec-6] DEBUG [9998ee93a3f04105] o.s.w.s.m.m.a.HttpEntityMethodProcessor - Writing [com.delivery.delivery_api.dto.ErrorResponse@41cd6488]
2026-10-06 21:13:45.738 [http-nio-8080-exec-6] WARN  [9998ee93a3f04105] o.s.w.s.m.m.a.ExceptionHandlerExceptionResolver - Resolved [org.springframework.http.converter.HttpMessageNotReadableException: JSON parse error: Unexpected character ('n' (code 110)): was expecting double-quote to start property name]
2026-10-06 21:13:45.739 [http-nio-8080-exec-6] DEBUG [9998ee93a3f04105] o.s.web.servlet.DispatcherServlet - Completed 500 INTERNAL_SERVER_ERROR
2026-10-06 21:17:59.201 [main] INFO  [] c.d.d.DeliveryApiApplication - Starting DeliveryApiApplication v0.0.1-SNAPSHOT using Java 21.0.12 with PID 384 (C:\Marinho_Matheus\FAT\delivery_api\target\delivery-api-0.0.1-SNAPSHOT.jar started by anama in C:\Marinho_Matheus\FAT\delivery_api)
2026-10-06 21:17:59.213 [main] DEBUG [] c.d.d.DeliveryApiApplication - Running with Spring Boot v4.1.1, Spring v7.0.9
2026-10-06 21:17:59.213 [main] INFO  [] c.d.d.DeliveryApiApplication - No active profile set, falling back to 1 default profile: "default"
2026-10-06 21:18:01.265 [main] INFO  [] o.s.d.r.c.RepositoryConfigurationDelegate - Multiple Spring Data modules found, entering strict repository configuration mode
2026-10-06 21:18:01.267 [main] INFO  [] o.s.d.r.c.RepositoryConfigurationDelegate - Bootstrapping Spring Data JPA repositories in DEFAULT mode.
2026-10-06 21:18:01.487 [main] INFO  [] o.s.d.r.c.RepositoryConfigurationDelegate - Finished Spring Data repository scanning in 203 ms. Found 5 JPA repository interfaces.
2026-10-06 21:18:02.838 [main] INFO  [] o.s.boot.tomcat.TomcatWebServer - Tomcat initialized with port 8081 (http)
2026-10-06 21:18:02.864 [main] INFO  [] o.a.coyote.http11.Http11NioProtocol - Initializing ProtocolHandler ["http-nio-8081"]
2026-10-06 21:18:02.865 [main] INFO  [] o.a.catalina.core.StandardService - Starting service [Tomcat]
2026-10-06 21:18:02.865 [main] INFO  [] o.a.catalina.core.StandardEngine - Starting Servlet engine: [Apache Tomcat/11.0.24]
2026-10-06 21:18:02.905 [main] INFO  [] o.s.b.w.c.s.WebApplicationContextInitializer - Root WebApplicationContext: initialization completed in 3623 ms
2026-10-06 21:18:04.587 [main] INFO  [] o.s.o.j.p.SpringPersistenceUnitInfo - No LoadTimeWeaver setup: ignoring JPA class transformer
2026-10-06 21:18:04.631 [main] INFO  [] com.zaxxer.hikari.HikariDataSource - HikariPool-1 - Starting...
2026-10-06 21:18:04.864 [main] INFO  [] com.zaxxer.hikari.pool.HikariPool - HikariPool-1 - Added connection conn0: url=jdbc:h2:mem:deliverydb user=SA
2026-10-06 21:18:04.864 [main] INFO  [] com.zaxxer.hikari.HikariDataSource - HikariPool-1 - Start completed.
2026-10-06 21:18:04.897 [main] WARN  [] org.hibernate.orm.deprecation - HHH90000025: H2Dialect does not need to be specified explicitly using 'hibernate.dialect' (remove the property setting and it will be selected by default)
2026-10-06 21:18:06.240 [main] INFO  [] o.s.o.j.LocalContainerEntityManagerFactoryBean - Initialized JPA EntityManagerFactory for persistence unit 'default'
2026-10-06 21:18:06.356 [main] INFO  [] o.s.d.j.r.q.QueryEnhancerFactories - Hibernate is in classpath; If applicable, HQL parser will be used.
2026-10-06 21:18:06.759 [main] DEBUG [] c.d.d.s.JwtAuthenticationFilter - Filter 'jwtAuthenticationFilter' configured for use
2026-10-06 21:18:06.766 [main] DEBUG [] o.s.w.f.ServerHttpObservationFilter - Filter 'webMvcObservationFilter' configured for use
2026-10-06 21:18:06.888 [main] INFO  [] o.s.s.c.a.a.c.InitializeAuthenticationProviderBeanManagerConfigurer$InitializeAuthenticationProviderManagerConfigurer - Global AuthenticationManager configured with AuthenticationProvider bean with name authenticationProvider
2026-10-06 21:18:06.892 [main] WARN  [] o.s.s.c.a.a.c.InitializeUserDetailsBeanManagerConfigurer$InitializeUserDetailsManagerConfigurer - Global AuthenticationManager configured with an AuthenticationProvider bean. UserDetailsService beans will not be used by Spring Security for automatically configuring username/password login. Consider removing the AuthenticationProvider bean. Alternatively, consider using the UserDetailsService in a manually instantiated DaoAuthenticationProvider. If the current configuration is intentional, to turn off this warning, increase the logging level of 'org.springframework.security.config.annotation.authentication.configuration.InitializeUserDetailsBeanManagerConfigurer' to ERROR
2026-10-06 21:18:08.792 [main] DEBUG [] o.s.s.web.DefaultSecurityFilterChain - Will secure any request with filters: DisableEncodeUrlFilter, WebAsyncManagerIntegrationFilter, SecurityContextHolderFilter, HeaderWriterFilter, CorsFilter, LogoutFilter, JwtAuthenticationFilter, RequestCacheAwareFilter, SecurityContextHolderAwareRequestFilter, AnonymousAuthenticationFilter, SessionManagementFilter, ExceptionTranslationFilter, AuthorizationFilter
2026-10-06 21:18:09.255 [main] DEBUG [] o.s.w.s.m.m.a.RequestMappingHandlerMapping - 43 mappings in 'requestMappingHandlerMapping'
2026-10-06 21:18:09.322 [main] DEBUG [] o.s.w.s.h.SimpleUrlHandlerMapping - Patterns [/webjars/**, /**, /swagger-ui*/*swagger-initializer.js, /swagger-ui*/**] in 'resourceHandlerMapping'
2026-10-06 21:18:09.390 [main] DEBUG [] o.s.w.s.m.m.a.RequestMappingHandlerAdapter - ControllerAdvice beans: 0 @ModelAttribute, 0 @InitBinder, 2 RequestBodyAdvice, 1 ResponseBodyAdvice
2026-10-06 21:18:09.521 [main] DEBUG [] o.s.w.s.m.m.a.ExceptionHandlerExceptionResolver - ControllerAdvice beans: 2 @ExceptionHandler, 1 ResponseBodyAdvice
2026-10-06 21:18:10.913 [main] INFO  [] o.s.b.h.a.H2ConsoleAutoConfiguration - H2 console available at '/h2-console'. Database available at 'jdbc:h2:mem:deliverydb'
2026-10-06 21:18:11.169 [main] INFO  [] o.s.b.a.e.web.EndpointLinksResolver - Exposing 14 endpoints beneath base path '/actuator'
2026-10-06 21:18:11.353 [main] INFO  [] o.a.coyote.http11.Http11NioProtocol - Starting ProtocolHandler ["http-nio-8081"]
2026-10-06 21:18:11.372 [main] INFO  [] o.s.boot.tomcat.TomcatWebServer - Tomcat started on port 8081 (http) with context path '/'
2026-10-06 21:18:11.395 [main] INFO  [] c.d.d.DeliveryApiApplication - Started DeliveryApiApplication in 13.071 seconds (process running for 13.83)
2026-10-06 21:18:47.507 [http-nio-8081-exec-1] INFO  [] o.a.c.c.C.[Tomcat].[localhost].[/] - Initializing Spring DispatcherServlet 'dispatcherServlet'
2026-10-06 21:18:47.507 [http-nio-8081-exec-1] INFO  [] o.s.web.servlet.DispatcherServlet - Initializing Servlet 'dispatcherServlet'
2026-10-06 21:18:47.510 [http-nio-8081-exec-1] DEBUG [] o.s.web.servlet.DispatcherServlet - Detected StandardServletMultipartResolver
2026-10-06 21:18:47.510 [http-nio-8081-exec-1] DEBUG [] o.s.web.servlet.DispatcherServlet - Detected AcceptHeaderLocaleResolver
2026-10-06 21:18:47.510 [http-nio-8081-exec-1] DEBUG [] o.s.web.servlet.DispatcherServlet - Detected org.springframework.web.servlet.view.DefaultRequestToViewNameTranslator@3ae47f4f
2026-10-06 21:18:47.510 [http-nio-8081-exec-1] DEBUG [] o.s.web.servlet.DispatcherServlet - Detected org.springframework.web.servlet.support.SessionFlashMapManager@75c4cd19
2026-10-06 21:18:47.513 [http-nio-8081-exec-1] DEBUG [] o.s.web.servlet.DispatcherServlet - enableLoggingRequestDetails='false': request parameters and headers will be masked to prevent unsafe logging of potentially sensitive data
2026-10-06 21:18:47.513 [http-nio-8081-exec-1] INFO  [] o.s.web.servlet.DispatcherServlet - Completed initialization in 6 ms
2026-10-06 21:18:47.543 [http-nio-8081-exec-1] DEBUG [] o.s.security.web.FilterChainProxy - Securing POST /api/auth/register
2026-10-06 21:18:47.573 [http-nio-8081-exec-1] WARN  [] c.d.d.s.JwtAuthenticationFilter - JWT Token não começa com Bearer String
2026-10-06 21:18:47.583 [http-nio-8081-exec-1] DEBUG [] o.s.s.w.a.AnonymousAuthenticationFilter - Set SecurityContextHolder to anonymous SecurityContext
2026-10-06 21:18:47.599 [http-nio-8081-exec-1] DEBUG [] o.s.security.web.FilterChainProxy - Secured POST /api/auth/register
2026-10-06 21:18:47.613 [http-nio-8081-exec-1] DEBUG [a11e11e08dae4f38] o.s.web.servlet.DispatcherServlet - POST "/api/auth/register", parameters={}
2026-10-06 21:18:47.622 [http-nio-8081-exec-1] DEBUG [a11e11e08dae4f38] o.s.w.s.m.m.a.RequestMappingHandlerMapping - Mapped to com.delivery.delivery_api.controller.AuthController#register(RegisterRequestDTO)
2026-10-06 21:18:47.765 [http-nio-8081-exec-1] DEBUG [a11e11e08dae4f38] o.s.web.method.HandlerMethod - Could not resolve parameter [0] in public org.springframework.http.ResponseEntity<?> com.delivery.delivery_api.controller.AuthController.register(com.delivery.delivery_api.dto.RegisterRequestDTO): JSON parse error: Unexpected character ('n' (code 110)): was expecting double-quote to start property name
2026-10-06 21:18:47.767 [http-nio-8081-exec-1] DEBUG [a11e11e08dae4f38] o.s.w.s.m.m.a.ExceptionHandlerExceptionResolver - Using @ExceptionHandler com.delivery.delivery_api.exception.GlobalExceptionHandler#handleGenericException(Exception, HttpServletRequest)
2026-10-06 21:18:47.827 [http-nio-8081-exec-1] DEBUG [a11e11e08dae4f38] o.s.w.s.m.m.a.HttpEntityMethodProcessor - Using 'application/json', given [*/*] and supported [application/json, application/*+json, application/yaml]
2026-10-06 21:18:47.833 [http-nio-8081-exec-1] DEBUG [a11e11e08dae4f38] o.s.w.s.m.m.a.HttpEntityMethodProcessor - Writing [com.delivery.delivery_api.dto.ErrorResponse@d928d61]
2026-10-06 21:18:47.875 [http-nio-8081-exec-1] DEBUG [a11e11e08dae4f38] o.s.w.s.m.m.a.ExceptionHandlerExceptionResolver - Resolved [org.springframework.http.converter.HttpMessageNotReadableException: JSON parse error: Unexpected character ('n' (code 110)): was expecting double-quote to start property name]
2026-10-06 21:18:47.875 [http-nio-8081-exec-1] DEBUG [a11e11e08dae4f38] o.s.web.servlet.DispatcherServlet - Completed 500 INTERNAL_SERVER_ERROR
2026-10-06 21:18:48.760 [AsyncReporter{ZipkinHttpClientSender{http://localhost:9411/api/v2/spans}}] WARN  [] z.r.i.AsyncReporter$BoundedAsyncReporter - Spans were dropped due to exceptions. All subsequent errors will be logged at FINE level.
2026-10-06 21:18:48.760 [AsyncReporter{ZipkinHttpClientSender{http://localhost:9411/api/v2/spans}}] WARN  [] z.r.i.AsyncReporter$BoundedAsyncReporter - Dropped 5 spans due to ConnectException()
java.net.ConnectException
	at java.net.http/jdk.internal.net.http.HttpClientImpl.send(HttpClientImpl.java:955)
	at java.net.http/jdk.internal.net.http.HttpClientFacade.send(HttpClientFacade.java:133)
	at org.springframework.boot.zipkin.autoconfigure.ZipkinHttpClientSender.postSpans(ZipkinHttpClientSender.java:59)
	at org.springframework.boot.zipkin.autoconfigure.HttpSender.postSpans(HttpSender.java:69)
	at org.springframework.boot.zipkin.autoconfigure.HttpSender.postSpans(HttpSender.java:41)
	at zipkin2.reporter.BaseHttpSender.send(BaseHttpSender.java:123)
	at zipkin2.reporter.internal.AsyncReporter$BoundedAsyncReporter.flush(AsyncReporter.java:266)
	at zipkin2.reporter.internal.AsyncReporter$Flusher.run(AsyncReporter.java:352)
	at java.base/java.lang.Thread.run(Thread.java:1583)
Caused by: java.net.ConnectException
	at java.net.http/jdk.internal.net.http.common.Utils.toConnectException(Utils.java:1065)
	at java.net.http/jdk.internal.net.http.PlainHttpConnection.connectAsync(PlainHttpConnection.java:227)
	at java.net.http/jdk.internal.net.http.PlainHttpConnection.checkRetryConnect(PlainHttpConnection.java:280)
	at java.net.http/jdk.internal.net.http.PlainHttpConnection.lambda$connectAsync$2(PlainHttpConnection.java:238)
	at java.base/java.util.concurrent.CompletableFuture.uniHandle(CompletableFuture.java:934)
	at java.base/java.util.concurrent.CompletableFuture$UniHandle.tryFire(CompletableFuture.java:911)
	at java.base/java.util.concurrent.CompletableFuture.postComplete(CompletableFuture.java:510)
	at java.base/java.util.concurrent.CompletableFuture$AsyncSupply.run(CompletableFuture.java:1773)
	at java.base/java.util.concurrent.ThreadPoolExecutor.runWorker(ThreadPoolExecutor.java:1144)
	at java.base/java.util.concurrent.ThreadPoolExecutor$Worker.run(ThreadPoolExecutor.java:642)
	... 1 common frames omitted
Caused by: java.nio.channels.ClosedChannelException
	at java.base/sun.nio.ch.SocketChannelImpl.ensureOpen(SocketChannelImpl.java:202)
	at java.base/sun.nio.ch.SocketChannelImpl.beginConnect(SocketChannelImpl.java:786)
	at java.base/sun.nio.ch.SocketChannelImpl.connect(SocketChannelImpl.java:874)
	at java.net.http/jdk.internal.net.http.PlainHttpConnection.lambda$connectAsync$1(PlainHttpConnection.java:210)
	at java.base/java.security.AccessController.doPrivileged(AccessController.java:571)
	at java.net.http/jdk.internal.net.http.PlainHttpConnection.connectAsync(PlainHttpConnection.java:212)
	... 9 common frames omitted
2026-10-06 21:19:53.965 [http-nio-8081-exec-2] DEBUG [] o.s.security.web.FilterChainProxy - Securing POST /api/auth/register
2026-10-06 21:19:53.965 [http-nio-8081-exec-2] WARN  [] c.d.d.s.JwtAuthenticationFilter - JWT Token não começa com Bearer String
2026-10-06 21:19:53.965 [http-nio-8081-exec-2] DEBUG [] o.s.s.w.a.AnonymousAuthenticationFilter - Set SecurityContextHolder to anonymous SecurityContext
2026-10-06 21:19:53.965 [http-nio-8081-exec-2] DEBUG [] o.s.security.web.FilterChainProxy - Secured POST /api/auth/register
2026-10-06 21:19:53.965 [http-nio-8081-exec-2] DEBUG [b37d7be341d9456c] o.s.web.servlet.DispatcherServlet - POST "/api/auth/register", parameters={}
2026-10-06 21:19:53.965 [http-nio-8081-exec-2] DEBUG [b37d7be341d9456c] o.s.w.s.m.m.a.RequestMappingHandlerMapping - Mapped to com.delivery.delivery_api.controller.AuthController#register(RegisterRequestDTO)
2026-10-06 21:19:53.965 [http-nio-8081-exec-2] DEBUG [b37d7be341d9456c] o.s.w.s.m.m.a.RequestResponseBodyMethodProcessor - Read "application/json;charset=UTF-8" to [com.delivery.delivery_api.dto.RegisterRequestDTO@4cd71372]
2026-10-06 21:19:54.432 [http-nio-8081-exec-2] DEBUG [b37d7be341d9456c] o.s.w.s.m.m.a.HttpEntityMethodProcessor - Using 'application/json', given [*/*] and supported [application/json, application/*+json, application/yaml]
2026-10-06 21:19:54.432 [http-nio-8081-exec-2] DEBUG [b37d7be341d9456c] o.s.w.s.m.m.a.HttpEntityMethodProcessor - Writing [com.delivery.delivery_api.dto.UserResponseDTO@60fde741]
2026-10-06 21:19:54.434 [http-nio-8081-exec-2] DEBUG [b37d7be341d9456c] o.s.web.servlet.DispatcherServlet - Completed 201 CREATED
2026-10-06 21:20:29.763 [http-nio-8081-exec-3] DEBUG [] o.s.security.web.FilterChainProxy - Securing POST /api/auth/login
2026-10-06 21:20:29.763 [http-nio-8081-exec-3] WARN  [] c.d.d.s.JwtAuthenticationFilter - JWT Token não começa com Bearer String
2026-10-06 21:20:29.763 [http-nio-8081-exec-3] DEBUG [] o.s.s.w.a.AnonymousAuthenticationFilter - Set SecurityContextHolder to anonymous SecurityContext
2026-10-06 21:20:29.763 [http-nio-8081-exec-3] DEBUG [] o.s.security.web.FilterChainProxy - Secured POST /api/auth/login
2026-10-06 21:20:29.763 [http-nio-8081-exec-3] DEBUG [36e865ca86ac448d] o.s.web.servlet.DispatcherServlet - POST "/api/auth/login", parameters={}
2026-10-06 21:20:29.763 [http-nio-8081-exec-3] DEBUG [36e865ca86ac448d] o.s.w.s.m.m.a.RequestMappingHandlerMapping - Mapped to com.delivery.delivery_api.controller.AuthController#login(LoginRequestDTO)
2026-10-06 21:20:29.763 [http-nio-8081-exec-3] DEBUG [36e865ca86ac448d] o.s.w.s.m.m.a.RequestResponseBodyMethodProcessor - Read "application/json;charset=UTF-8" to [com.delivery.delivery_api.dto.LoginRequestDTO@319e013b]
2026-10-06 21:20:29.945 [http-nio-8081-exec-3] DEBUG [36e865ca86ac448d] o.s.s.a.d.DaoAuthenticationProvider - Authenticated user
2026-10-06 21:20:30.018 [http-nio-8081-exec-3] DEBUG [36e865ca86ac448d] o.s.w.s.m.m.a.HttpEntityMethodProcessor - Using 'application/json', given [*/*] and supported [application/json, application/*+json, application/yaml]
2026-10-06 21:20:30.018 [http-nio-8081-exec-3] DEBUG [36e865ca86ac448d] o.s.w.s.m.m.a.HttpEntityMethodProcessor - Writing [com.delivery.delivery_api.dto.LoginResponseDTO@7f3f4e32]
2026-10-06 21:20:30.020 [http-nio-8081-exec-3] DEBUG [36e865ca86ac448d] o.s.web.servlet.DispatcherServlet - Completed 200 OK
