{"timestamp":"2026-10-06 20:48:45.004","level":"INFO","thread":"restartedMain","correlationId":"","logger":"c.d.d.DeliveryApiApplication","message":"Starting DeliveryApiApplication using Java 21.0.12 with PID 16432 (C:\Marinho_Matheus\FAT\delivery_api\target\classes started by anama in C:\Marinho_Matheus\FAT\delivery_api)","exception":""}
{"timestamp":"2026-10-06 20:48:45.008","level":"DEBUG","thread":"restartedMain","correlationId":"","logger":"c.d.d.DeliveryApiApplication","message":"Running with Spring Boot v4.1.1, Spring v7.0.9","exception":""}
{"timestamp":"2026-10-06 20:48:45.009","level":"INFO","thread":"restartedMain","correlationId":"","logger":"c.d.d.DeliveryApiApplication","message":"No active profile set, falling back to 1 default profile: "default"","exception":""}
{"timestamp":"2026-10-06 20:48:45.067","level":"INFO","thread":"restartedMain","correlationId":"","logger":"o.s.b.d.e.DevToolsPropertyDefaultsPostProcessor","message":"Devtools property defaults active! Set 'spring.devtools.add-properties' to 'false' to disable","exception":""}
{"timestamp":"2026-10-06 20:48:45.068","level":"INFO","thread":"restartedMain","correlationId":"","logger":"o.s.b.d.e.DevToolsPropertyDefaultsPostProcessor","message":"For additional web related logging consider setting the 'logging.level.web' property to 'DEBUG'","exception":""}
{"timestamp":"2026-10-06 20:48:46.868","level":"INFO","thread":"restartedMain","correlationId":"","logger":"o.s.d.r.c.RepositoryConfigurationDelegate","message":"Multiple Spring Data modules found, entering strict repository configuration mode","exception":""}
{"timestamp":"2026-10-06 20:48:46.868","level":"INFO","thread":"restartedMain","correlationId":"","logger":"o.s.d.r.c.RepositoryConfigurationDelegate","message":"Bootstrapping Spring Data JPA repositories in DEFAULT mode.","exception":""}
{"timestamp":"2026-10-06 20:48:47.213","level":"INFO","thread":"restartedMain","correlationId":"","logger":"o.s.d.r.c.RepositoryConfigurationDelegate","message":"Finished Spring Data repository scanning in 316 ms. Found 5 JPA repository interfaces.","exception":""}
{"timestamp":"2026-10-06 20:48:47.249","level":"INFO","thread":"restartedMain","correlationId":"","logger":"o.s.d.r.c.RepositoryConfigurationDelegate","message":"Multiple Spring Data modules found, entering strict repository configuration mode","exception":""}
{"timestamp":"2026-10-06 20:48:47.251","level":"INFO","thread":"restartedMain","correlationId":"","logger":"o.s.d.r.c.RepositoryConfigurationDelegate","message":"Bootstrapping Spring Data Redis repositories in DEFAULT mode.","exception":""}
{"timestamp":"2026-10-06 20:48:47.299","level":"INFO","thread":"restartedMain","correlationId":"","logger":"o.s.d.r.c.RepositoryConfigurationExtensionSupport","message":"Spring Data Redis - Could not safely identify store assignment for repository candidate interface com.delivery.delivery_api.repository.ClienteRepository; If you want this repository to be a Redis repository, consider annotating your entities with one of these annotations: org.springframework.data.redis.core.RedisHash (preferred), or consider extending one of the following types with your repository: org.springframework.data.keyvalue.repository.KeyValueRepository","exception":""}
{"timestamp":"2026-10-06 20:48:47.301","level":"INFO","thread":"restartedMain","correlationId":"","logger":"o.s.d.r.c.RepositoryConfigurationExtensionSupport","message":"Spring Data Redis - Could not safely identify store assignment for repository candidate interface com.delivery.delivery_api.repository.PedidoRepository; If you want this repository to be a Redis repository, consider annotating your entities with one of these annotations: org.springframework.data.redis.core.RedisHash (preferred), or consider extending one of the following types with your repository: org.springframework.data.keyvalue.repository.KeyValueRepository","exception":""}
{"timestamp":"2026-10-06 20:48:47.301","level":"INFO","thread":"restartedMain","correlationId":"","logger":"o.s.d.r.c.RepositoryConfigurationExtensionSupport","message":"Spring Data Redis - Could not safely identify store assignment for repository candidate interface com.delivery.delivery_api.repository.ProdutoRepository; If you want this repository to be a Redis repository, consider annotating your entities with one of these annotations: org.springframework.data.redis.core.RedisHash (preferred), or consider extending one of the following types with your repository: org.springframework.data.keyvalue.repository.KeyValueRepository","exception":""}
{"timestamp":"2026-10-06 20:48:47.302","level":"INFO","thread":"restartedMain","correlationId":"","logger":"o.s.d.r.c.RepositoryConfigurationExtensionSupport","message":"Spring Data Redis - Could not safely identify store assignment for repository candidate interface com.delivery.delivery_api.repository.RestauranteRepository; If you want this repository to be a Redis repository, consider annotating your entities with one of these annotations: org.springframework.data.redis.core.RedisHash (preferred), or consider extending one of the following types with your repository: org.springframework.data.keyvalue.repository.KeyValueRepository","exception":""}
{"timestamp":"2026-10-06 20:48:47.304","level":"INFO","thread":"restartedMain","correlationId":"","logger":"o.s.d.r.c.RepositoryConfigurationExtensionSupport","message":"Spring Data Redis - Could not safely identify store assignment for repository candidate interface com.delivery.delivery_api.repository.UsuarioRepository; If you want this repository to be a Redis repository, consider annotating your entities with one of these annotations: org.springframework.data.redis.core.RedisHash (preferred), or consider extending one of the following types with your repository: org.springframework.data.keyvalue.repository.KeyValueRepository","exception":""}
{"timestamp":"2026-10-06 20:48:47.305","level":"INFO","thread":"restartedMain","correlationId":"","logger":"o.s.d.r.c.RepositoryConfigurationDelegate","message":"Finished Spring Data repository scanning in 22 ms. Found 0 Redis repository interfaces.","exception":""}
{"timestamp":"2026-10-06 20:48:49.256","level":"INFO","thread":"restartedMain","correlationId":"","logger":"o.s.boot.tomcat.TomcatWebServer","message":"Tomcat initialized with port 8080 (http)","exception":""}
{"timestamp":"2026-10-06 20:48:49.296","level":"INFO","thread":"restartedMain","correlationId":"","logger":"o.a.coyote.http11.Http11NioProtocol","message":"Initializing ProtocolHandler ["http-nio-8080"]","exception":""}
{"timestamp":"2026-10-06 20:48:49.306","level":"INFO","thread":"restartedMain","correlationId":"","logger":"o.a.catalina.core.StandardService","message":"Starting service [Tomcat]","exception":""}
{"timestamp":"2026-10-06 20:48:49.308","level":"INFO","thread":"restartedMain","correlationId":"","logger":"o.a.catalina.core.StandardEngine","message":"Starting Servlet engine: [Apache Tomcat/11.0.24]","exception":""}
{"timestamp":"2026-10-06 20:48:49.452","level":"INFO","thread":"restartedMain","correlationId":"","logger":"o.s.b.w.c.s.WebApplicationContextInitializer","message":"Root WebApplicationContext: initialization completed in 4382 ms","exception":""}
{"timestamp":"2026-10-06 20:48:50.478","level":"ERROR","thread":"restartedMain","correlationId":"","logger":"o.s.b.t.s.DeferredServletContainerInitializers","message":"Error starting Tomcat context. Exception: org.springframework.beans.factory.BeanCreationException. Message: Error creating bean with name 'correlationIdFilter' defined in file [C:\Marinho_Matheus\FAT\delivery_api\target\classes\com\delivery\delivery_api\config\monitoring\teste\CorrelationIdFilter.class]: Failed to instantiate [com.delivery.delivery_api.config.monitoring.teste.CorrelationIdFilter]: Constructor threw exception","exception":""}
{"timestamp":"2026-10-06 20:48:50.541","level":"INFO","thread":"restartedMain","correlationId":"","logger":"o.a.catalina.core.StandardService","message":"Stopping service [Tomcat]","exception":""}
{"timestamp":"2026-10-06 20:48:50.575","level":"WARN","thread":"restartedMain","correlationId":"","logger":"o.s.b.w.s.s.c.AnnotationConfigServletWebServerApplicationContext","message":"Exception encountered during context initialization - cancelling refresh attempt: org.springframework.context.ApplicationContextException: Unable to start web server","exception":""}
{"timestamp":"2026-10-06 20:48:51.588","level":"WARN","thread":"restartedMain","correlationId":"","logger":"z.r.i.AsyncReporter$BoundedAsyncReporter","message":"Timed out waiting for in-flight spans to send","exception":""}
{"timestamp":"2026-10-06 20:48:51.599","level":"INFO","thread":"restartedMain","correlationId":"","logger":"o.s.b.a.l.ConditionEvaluationReportLogger","message":"

Error starting ApplicationContext. To display the condition evaluation report re-run your application with 'debug' enabled.","exception":""}
{"timestamp":"2026-10-06 20:48:51.621","level":"ERROR","thread":"restartedMain","correlationId":"","logger":"o.s.boot.SpringApplication","message":"Application run failed","exception":"org.springframework.context.ApplicationContextException: Unable to start web server
	at org.springframework.boot.web.server.servlet.context.ServletWebServerApplicationContext.onRefresh(ServletWebServerApplicationContext.java:167)
	at org.springframework.context.support.AbstractApplicationContext.refresh(AbstractApplicationContext.java:615)
	at org.springframework.boot.web.server.servlet.context.ServletWebServerApplicationContext.refresh(ServletWebServerApplicationContext.java:143)
	at org.springframework.boot.SpringApplication.refresh(SpringApplication.java:756)
	at org.springframework.boot.SpringApplication.refreshContext(SpringApplication.java:445)
	at org.springframework.boot.SpringApplication.run(SpringApplication.java:321)
	at org.springframework.boot.SpringApplication.run(SpringApplication.java:1365)
	at org.springframework.boot.SpringApplication.run(SpringApplication.java:1354)
	at com.delivery.delivery_api.DeliveryApiApplication.main(DeliveryApiApplication.java:12)
	at java.base/jdk.internal.reflect.DirectMethodHandleAccessor.invoke(DirectMethodHandleAccessor.java:103)
	at java.base/java.lang.reflect.Method.invoke(Method.java:580)
	at org.springframework.boot.devtools.restart.RestartLauncher.run(RestartLauncher.java:52)
Caused by: org.springframework.boot.web.server.WebServerException: Unable to start embedded Tomcat
	at org.springframework.boot.tomcat.TomcatWebServer.initialize(TomcatWebServer.java:150)
	at org.springframework.boot.tomcat.TomcatWebServer.<init>(TomcatWebServer.java:110)
	at org.springframework.boot.tomcat.servlet.TomcatServletWebServerFactory.getTomcatWebServer(TomcatServletWebServerFactory.java:429)
	at org.springframework.boot.tomcat.servlet.TomcatServletWebServerFactory.getWebServer(TomcatServletWebServerFactory.java:167)
	at org.springframework.boot.web.server.servlet.context.ServletWebServerApplicationContext.createWebServer(ServletWebServerApplicationContext.java:190)
	at org.springframework.boot.web.server.servlet.context.ServletWebServerApplicationContext.onRefresh(ServletWebServerApplicationContext.java:164)
	... 11 common frames omitted
Caused by: org.springframework.beans.factory.BeanCreationException: Error creating bean with name 'correlationIdFilter' defined in file [C:\Marinho_Matheus\FAT\delivery_api\target\classes\com\delivery\delivery_api\config\monitoring\teste\CorrelationIdFilter.class]: Failed to instantiate [com.delivery.delivery_api.config.monitoring.teste.CorrelationIdFilter]: Constructor threw exception
	at org.springframework.beans.factory.support.AbstractAutowireCapableBeanFactory.instantiateBean(AbstractAutowireCapableBeanFactory.java:1342)
	at org.springframework.beans.factory.support.AbstractAutowireCapableBeanFactory.createBeanInstance(AbstractAutowireCapableBeanFactory.java:1229)
	at org.springframework.beans.factory.support.AbstractAutowireCapableBeanFactory.doCreateBean(AbstractAutowireCapableBeanFactory.java:565)
	at org.springframework.beans.factory.support.AbstractAutowireCapableBeanFactory.createBean(AbstractAutowireCapableBeanFactory.java:525)
	at org.springframework.beans.factory.support.AbstractBeanFactory.lambda$doGetBean$0(AbstractBeanFactory.java:333)
	at org.springframework.beans.factory.support.DefaultSingletonBeanRegistry.getSingleton(DefaultSingletonBeanRegistry.java:371)
	at org.springframework.beans.factory.support.AbstractBeanFactory.doGetBean(AbstractBeanFactory.java:331)
	at org.springframework.beans.factory.support.AbstractBeanFactory.getBean(AbstractBeanFactory.java:201)
	at org.springframework.boot.web.servlet.ServletContextInitializerBeans.getOrderedBeansOfType(ServletContextInitializerBeans.java:231)
	at org.springframework.boot.web.servlet.ServletContextInitializerBeans.addAsRegistrationBean(ServletContextInitializerBeans.java:185)
	at org.springframework.boot.web.servlet.ServletContextInitializerBeans.addAsRegistrationBean(ServletContextInitializerBeans.java:180)
	at org.springframework.boot.web.servlet.ServletContextInitializerBeans.addAdaptableBeans(ServletContextInitializerBeans.java:165)
	at org.springframework.boot.web.servlet.ServletContextInitializerBeans.<init>(ServletContextInitializerBeans.java:97)
	at org.springframework.boot.web.context.servlet.WebApplicationContextInitializer.initialize(WebApplicationContextInitializer.java:53)
	at org.springframework.boot.tomcat.servlet.DeferredServletContainerInitializers.onStartup(DeferredServletContainerInitializers.java:55)
	at org.apache.catalina.core.StandardContext.startInternal(StandardContext.java:4573)
	at org.apache.catalina.util.LifecycleBase.start(LifecycleBase.java:170)
	at org.apache.catalina.core.ContainerBase$StartChild.call(ContainerBase.java:1204)
	at org.apache.catalina.core.ContainerBase$StartChild.call(ContainerBase.java:1200)
	at java.base/java.util.concurrent.FutureTask.run(FutureTask.java:317)
	at org.apache.tomcat.util.threads.InlineExecutorService.execute(InlineExecutorService.java:92)
	at java.base/java.util.concurrent.AbstractExecutorService.submit(AbstractExecutorService.java:145)
	at org.apache.catalina.core.ContainerBase.startInternal(ContainerBase.java:732)
	at org.apache.catalina.core.StandardHost.startInternal(StandardHost.java:794)
	at org.apache.catalina.util.LifecycleBase.start(LifecycleBase.java:170)
	at org.apache.catalina.core.ContainerBase$StartChild.call(ContainerBase.java:1204)
	at org.apache.catalina.core.ContainerBase$StartChild.call(ContainerBase.java:1200)
	at java.base/java.util.concurrent.FutureTask.run(FutureTask.java:317)
	at org.apache.tomcat.util.threads.InlineExecutorService.execute(InlineExecutorService.java:92)
	at java.base/java.util.concurrent.AbstractExecutorService.submit(AbstractExecutorService.java:145)
	at org.apache.catalina.core.ContainerBase.startInternal(ContainerBase.java:732)
	at org.apache.catalina.core.StandardEngine.startInternal(StandardEngine.java:201)
	at org.apache.catalina.util.LifecycleBase.start(LifecycleBase.java:170)
	at org.apache.catalina.core.StandardService.startInternal(StandardService.java:433)
	at org.apache.catalina.util.LifecycleBase.start(LifecycleBase.java:170)
	at org.apache.catalina.core.StandardServer.startInternal(StandardServer.java:871)
	at org.apache.catalina.util.LifecycleBase.start(LifecycleBase.java:170)
	at org.apache.catalina.startup.Tomcat.start(Tomcat.java:452)
	at org.springframework.boot.tomcat.TomcatWebServer.initialize(TomcatWebServer.java:131)
	... 16 common frames omitted
Caused by: org.springframework.beans.BeanInstantiationException: Failed to instantiate [com.delivery.delivery_api.config.monitoring.teste.CorrelationIdFilter]: Constructor threw exception
	at org.springframework.beans.BeanUtils.instantiateClass(BeanUtils.java:220)
	at org.springframework.beans.factory.support.SimpleInstantiationStrategy.instantiate(SimpleInstantiationStrategy.java:106)
	at org.springframework.beans.factory.support.AbstractAutowireCapableBeanFactory.instantiateBean(AbstractAutowireCapableBeanFactory.java:1336)
	... 54 common frames omitted
Caused by: java.lang.Error: Unresolved compilation problem: 
	The declared package "com.delivery.delivery_api.config.monitoring.audit" does not match the expected package "com.delivery.delivery_api.config.monitoring.teste"

	at com.delivery.delivery_api.config.monitoring.teste.CorrelationIdFilter.<init>(CorrelationIdFilter.java:1)
	at java.base/jdk.internal.reflect.DirectConstructorHandleAccessor.newInstance(DirectConstructorHandleAccessor.java:62)
	at java.base/java.lang.reflect.Constructor.newInstanceWithCaller(Constructor.java:502)
	at java.base/java.lang.reflect.Constructor.newInstance(Constructor.java:486)
	at org.springframework.beans.BeanUtils.instantiateClass(BeanUtils.java:194)
	... 56 common frames omitted
"}
{"timestamp":"2026-10-06 20:49:59.896","level":"INFO","thread":"restartedMain","correlationId":"","logger":"c.d.d.DeliveryApiApplication","message":"Starting DeliveryApiApplication using Java 21.0.12 with PID 8252 (C:\Marinho_Matheus\FAT\delivery_api\target\classes started by anama in C:\Marinho_Matheus\FAT\delivery_api)","exception":""}
{"timestamp":"2026-10-06 20:49:59.898","level":"DEBUG","thread":"restartedMain","correlationId":"","logger":"c.d.d.DeliveryApiApplication","message":"Running with Spring Boot v4.1.1, Spring v7.0.9","exception":""}
{"timestamp":"2026-10-06 20:49:59.898","level":"INFO","thread":"restartedMain","correlationId":"","logger":"c.d.d.DeliveryApiApplication","message":"No active profile set, falling back to 1 default profile: "default"","exception":""}
{"timestamp":"2026-10-06 20:49:59.951","level":"INFO","thread":"restartedMain","correlationId":"","logger":"o.s.b.d.e.DevToolsPropertyDefaultsPostProcessor","message":"Devtools property defaults active! Set 'spring.devtools.add-properties' to 'false' to disable","exception":""}
{"timestamp":"2026-10-06 20:49:59.952","level":"INFO","thread":"restartedMain","correlationId":"","logger":"o.s.b.d.e.DevToolsPropertyDefaultsPostProcessor","message":"For additional web related logging consider setting the 'logging.level.web' property to 'DEBUG'","exception":""}
{"timestamp":"2026-10-06 20:50:01.413","level":"INFO","thread":"restartedMain","correlationId":"","logger":"o.s.d.r.c.RepositoryConfigurationDelegate","message":"Multiple Spring Data modules found, entering strict repository configuration mode","exception":""}
{"timestamp":"2026-10-06 20:50:01.415","level":"INFO","thread":"restartedMain","correlationId":"","logger":"o.s.d.r.c.RepositoryConfigurationDelegate","message":"Bootstrapping Spring Data JPA repositories in DEFAULT mode.","exception":""}
{"timestamp":"2026-10-06 20:50:01.639","level":"INFO","thread":"restartedMain","correlationId":"","logger":"o.s.d.r.c.RepositoryConfigurationDelegate","message":"Finished Spring Data repository scanning in 211 ms. Found 5 JPA repository interfaces.","exception":""}
{"timestamp":"2026-10-06 20:50:01.675","level":"INFO","thread":"restartedMain","correlationId":"","logger":"o.s.d.r.c.RepositoryConfigurationDelegate","message":"Multiple Spring Data modules found, entering strict repository configuration mode","exception":""}
{"timestamp":"2026-10-06 20:50:01.675","level":"INFO","thread":"restartedMain","correlationId":"","logger":"o.s.d.r.c.RepositoryConfigurationDelegate","message":"Bootstrapping Spring Data Redis repositories in DEFAULT mode.","exception":""}
{"timestamp":"2026-10-06 20:50:01.705","level":"INFO","thread":"restartedMain","correlationId":"","logger":"o.s.d.r.c.RepositoryConfigurationExtensionSupport","message":"Spring Data Redis - Could not safely identify store assignment for repository candidate interface com.delivery.delivery_api.repository.ClienteRepository; If you want this repository to be a Redis repository, consider annotating your entities with one of these annotations: org.springframework.data.redis.core.RedisHash (preferred), or consider extending one of the following types with your repository: org.springframework.data.keyvalue.repository.KeyValueRepository","exception":""}
{"timestamp":"2026-10-06 20:50:01.705","level":"INFO","thread":"restartedMain","correlationId":"","logger":"o.s.d.r.c.RepositoryConfigurationExtensionSupport","message":"Spring Data Redis - Could not safely identify store assignment for repository candidate interface com.delivery.delivery_api.repository.PedidoRepository; If you want this repository to be a Redis repository, consider annotating your entities with one of these annotations: org.springframework.data.redis.core.RedisHash (preferred), or consider extending one of the following types with your repository: org.springframework.data.keyvalue.repository.KeyValueRepository","exception":""}
{"timestamp":"2026-10-06 20:50:01.705","level":"INFO","thread":"restartedMain","correlationId":"","logger":"o.s.d.r.c.RepositoryConfigurationExtensionSupport","message":"Spring Data Redis - Could not safely identify store assignment for repository candidate interface com.delivery.delivery_api.repository.ProdutoRepository; If you want this repository to be a Redis repository, consider annotating your entities with one of these annotations: org.springframework.data.redis.core.RedisHash (preferred), or consider extending one of the following types with your repository: org.springframework.data.keyvalue.repository.KeyValueRepository","exception":""}
{"timestamp":"2026-10-06 20:50:01.705","level":"INFO","thread":"restartedMain","correlationId":"","logger":"o.s.d.r.c.RepositoryConfigurationExtensionSupport","message":"Spring Data Redis - Could not safely identify store assignment for repository candidate interface com.delivery.delivery_api.repository.RestauranteRepository; If you want this repository to be a Redis repository, consider annotating your entities with one of these annotations: org.springframework.data.redis.core.RedisHash (preferred), or consider extending one of the following types with your repository: org.springframework.data.keyvalue.repository.KeyValueRepository","exception":""}
{"timestamp":"2026-10-06 20:50:01.705","level":"INFO","thread":"restartedMain","correlationId":"","logger":"o.s.d.r.c.RepositoryConfigurationExtensionSupport","message":"Spring Data Redis - Could not safely identify store assignment for repository candidate interface com.delivery.delivery_api.repository.UsuarioRepository; If you want this repository to be a Redis repository, consider annotating your entities with one of these annotations: org.springframework.data.redis.core.RedisHash (preferred), or consider extending one of the following types with your repository: org.springframework.data.keyvalue.repository.KeyValueRepository","exception":""}
{"timestamp":"2026-10-06 20:50:01.705","level":"INFO","thread":"restartedMain","correlationId":"","logger":"o.s.d.r.c.RepositoryConfigurationDelegate","message":"Finished Spring Data repository scanning in 13 ms. Found 0 Redis repository interfaces.","exception":""}
{"timestamp":"2026-10-06 20:50:02.614","level":"INFO","thread":"restartedMain","correlationId":"","logger":"o.s.boot.tomcat.TomcatWebServer","message":"Tomcat initialized with port 8080 (http)","exception":""}
{"timestamp":"2026-10-06 20:50:02.632","level":"INFO","thread":"restartedMain","correlationId":"","logger":"o.a.coyote.http11.Http11NioProtocol","message":"Initializing ProtocolHandler ["http-nio-8080"]","exception":""}
{"timestamp":"2026-10-06 20:50:02.635","level":"INFO","thread":"restartedMain","correlationId":"","logger":"o.a.catalina.core.StandardService","message":"Starting service [Tomcat]","exception":""}
{"timestamp":"2026-10-06 20:50:02.635","level":"INFO","thread":"restartedMain","correlationId":"","logger":"o.a.catalina.core.StandardEngine","message":"Starting Servlet engine: [Apache Tomcat/11.0.24]","exception":""}
{"timestamp":"2026-10-06 20:50:02.708","level":"INFO","thread":"restartedMain","correlationId":"","logger":"o.s.b.w.c.s.WebApplicationContextInitializer","message":"Root WebApplicationContext: initialization completed in 2756 ms","exception":""}
{"timestamp":"2026-10-06 20:50:03.985","level":"INFO","thread":"restartedMain","correlationId":"","logger":"o.s.o.j.p.SpringPersistenceUnitInfo","message":"No LoadTimeWeaver setup: ignoring JPA class transformer","exception":""}
{"timestamp":"2026-10-06 20:50:04.019","level":"INFO","thread":"restartedMain","correlationId":"","logger":"com.zaxxer.hikari.HikariDataSource","message":"HikariPool-1 - Starting...","exception":""}
{"timestamp":"2026-10-06 20:50:04.272","level":"INFO","thread":"restartedMain","correlationId":"","logger":"com.zaxxer.hikari.pool.HikariPool","message":"HikariPool-1 - Added connection conn0: url=jdbc:h2:mem:deliverydb user=SA","exception":""}
{"timestamp":"2026-10-06 20:50:04.272","level":"INFO","thread":"restartedMain","correlationId":"","logger":"com.zaxxer.hikari.HikariDataSource","message":"HikariPool-1 - Start completed.","exception":""}
{"timestamp":"2026-10-06 20:50:04.303","level":"WARN","thread":"restartedMain","correlationId":"","logger":"org.hibernate.orm.deprecation","message":"HHH90000025: H2Dialect does not need to be specified explicitly using 'hibernate.dialect' (remove the property setting and it will be selected by default)","exception":""}
{"timestamp":"2026-10-06 20:50:05.635","level":"INFO","thread":"restartedMain","correlationId":"","logger":"o.s.o.j.LocalContainerEntityManagerFactoryBean","message":"Initialized JPA EntityManagerFactory for persistence unit 'default'","exception":""}
{"timestamp":"2026-10-06 20:50:05.735","level":"INFO","thread":"restartedMain","correlationId":"","logger":"o.s.d.j.r.q.QueryEnhancerFactories","message":"Hibernate is in classpath; If applicable, HQL parser will be used.","exception":""}
{"timestamp":"2026-10-06 20:50:05.935","level":"ERROR","thread":"restartedMain","correlationId":"","logger":"o.s.b.t.s.DeferredServletContainerInitializers","message":"Error starting Tomcat context. Exception: org.springframework.beans.factory.UnsatisfiedDependencyException. Message: Error creating bean with name 'jwtAuthenticationFilter': Unsatisfied dependency expressed through field 'authService': Error creating bean with name 'authService': Unsatisfied dependency expressed through field 'passwordEncoder': No qualifying bean of type 'org.springframework.security.crypto.password.PasswordEncoder' available: expected at least 1 bean which qualifies as autowire candidate. Dependency annotations: {@org.springframework.beans.factory.annotation.Autowired(required=true)}","exception":""}
{"timestamp":"2026-10-06 20:50:05.968","level":"INFO","thread":"restartedMain","correlationId":"","logger":"o.a.catalina.core.StandardService","message":"Stopping service [Tomcat]","exception":""}
{"timestamp":"2026-10-06 20:50:05.968","level":"WARN","thread":"restartedMain","correlationId":"","logger":"o.a.c.loader.WebappClassLoaderBase","message":"The web application [ROOT] appears to have started a thread named [HikariPool-1:housekeeper] but has failed to stop it. This is very likely to create a memory leak. Stack trace of thread:
 java.base/jdk.internal.misc.Unsafe.park(Native Method)
 java.base/java.util.concurrent.locks.LockSupport.parkNanos(LockSupport.java:269)
 java.base/java.util.concurrent.locks.AbstractQueuedSynchronizer$ConditionObject.awaitNanos(AbstractQueuedSynchronizer.java:1763)
 java.base/java.util.concurrent.ScheduledThreadPoolExecutor$DelayedWorkQueue.take(ScheduledThreadPoolExecutor.java:1182)
 java.base/java.util.concurrent.ScheduledThreadPoolExecutor$DelayedWorkQueue.take(ScheduledThreadPoolExecutor.java:899)
 java.base/java.util.concurrent.ThreadPoolExecutor.getTask(ThreadPoolExecutor.java:1070)
 java.base/java.util.concurrent.ThreadPoolExecutor.runWorker(ThreadPoolExecutor.java:1130)
 java.base/java.util.concurrent.ThreadPoolExecutor$Worker.run(ThreadPoolExecutor.java:642)
 java.base/java.lang.Thread.run(Thread.java:1583)","exception":""}
{"timestamp":"2026-10-06 20:50:05.968","level":"WARN","thread":"restartedMain","correlationId":"","logger":"o.a.c.loader.WebappClassLoaderBase","message":"The web application [ROOT] appears to have started a thread named [HikariPool-1:connection-adder] but has failed to stop it. This is very likely to create a memory leak. Stack trace of thread:
 java.base/jdk.internal.misc.Unsafe.park(Native Method)
 java.base/java.util.concurrent.locks.LockSupport.parkNanos(LockSupport.java:269)
 java.base/java.util.concurrent.locks.AbstractQueuedSynchronizer$ConditionObject.awaitNanos(AbstractQueuedSynchronizer.java:1763)
 java.base/java.util.concurrent.LinkedBlockingQueue.poll(LinkedBlockingQueue.java:460)
 java.base/java.util.concurrent.ThreadPoolExecutor.getTask(ThreadPoolExecutor.java:1069)
 java.base/java.util.concurrent.ThreadPoolExecutor.runWorker(ThreadPoolExecutor.java:1130)
 java.base/java.util.concurrent.ThreadPoolExecutor$Worker.run(ThreadPoolExecutor.java:642)
 java.base/java.lang.Thread.run(Thread.java:1583)","exception":""}
{"timestamp":"2026-10-06 20:50:05.985","level":"WARN","thread":"restartedMain","correlationId":"","logger":"o.s.b.w.s.s.c.AnnotationConfigServletWebServerApplicationContext","message":"Exception encountered during context initialization - cancelling refresh attempt: org.springframework.context.ApplicationContextException: Unable to start web server","exception":""}
{"timestamp":"2026-10-06 20:50:05.985","level":"INFO","thread":"restartedMain","correlationId":"","logger":"o.s.o.j.LocalContainerEntityManagerFactoryBean","message":"Closing JPA EntityManagerFactory for persistence unit 'default'","exception":""}
{"timestamp":"2026-10-06 20:50:05.996","level":"WARN","thread":"restartedMain","correlationId":"","logger":"o.s.b.f.s.DisposableBeanAdapter","message":"Invocation of destroy method failed on bean with name 'inMemoryDatabaseShutdownExecutor': org.h2.jdbc.JdbcSQLNonTransientConnectionException: Database is already closed (to disable automatic closing at VM shutdown, add ";DB_CLOSE_ON_EXIT=FALSE" to the db URL) [90121-240]","exception":""}
{"timestamp":"2026-10-06 20:50:06.000","level":"INFO","thread":"restartedMain","correlationId":"","logger":"com.zaxxer.hikari.HikariDataSource","message":"HikariPool-1 - Shutdown initiated...","exception":""}
{"timestamp":"2026-10-06 20:50:06.002","level":"INFO","thread":"restartedMain","correlationId":"","logger":"com.zaxxer.hikari.HikariDataSource","message":"HikariPool-1 - Shutdown completed.","exception":""}
{"timestamp":"2026-10-06 20:50:07.017","level":"WARN","thread":"restartedMain","correlationId":"","logger":"z.r.i.AsyncReporter$BoundedAsyncReporter","message":"Timed out waiting for in-flight spans to send","exception":""}
{"timestamp":"2026-10-06 20:50:07.021","level":"INFO","thread":"restartedMain","correlationId":"","logger":"o.s.b.a.l.ConditionEvaluationReportLogger","message":"

Error starting ApplicationContext. To display the condition evaluation report re-run your application with 'debug' enabled.","exception":""}
{"timestamp":"2026-10-06 20:50:07.049","level":"ERROR","thread":"restartedMain","correlationId":"","logger":"o.s.b.d.LoggingFailureAnalysisReporter","message":"

***************************
APPLICATION FAILED TO START
***************************

Description:

Field passwordEncoder in com.delivery.delivery_api.service.AuthService required a bean of type 'org.springframework.security.crypto.password.PasswordEncoder' that could not be found.

The injection point has the following annotations:
	- @org.springframework.beans.factory.annotation.Autowired(required=true)


Action:

Consider defining a bean of type 'org.springframework.security.crypto.password.PasswordEncoder' in your configuration.
","exception":""}
{"timestamp":"2026-10-06 20:51:03.065","level":"INFO","thread":"restartedMain","correlationId":"","logger":"c.d.d.DeliveryApiApplication","message":"Starting DeliveryApiApplication using Java 21.0.12 with PID 6916 (C:\Marinho_Matheus\FAT\delivery_api\target\classes started by anama in C:\Marinho_Matheus\FAT\delivery_api)","exception":""}
{"timestamp":"2026-10-06 20:51:03.071","level":"DEBUG","thread":"restartedMain","correlationId":"","logger":"c.d.d.DeliveryApiApplication","message":"Running with Spring Boot v4.1.1, Spring v7.0.9","exception":""}
{"timestamp":"2026-10-06 20:51:03.073","level":"INFO","thread":"restartedMain","correlationId":"","logger":"c.d.d.DeliveryApiApplication","message":"No active profile set, falling back to 1 default profile: "default"","exception":""}
{"timestamp":"2026-10-06 20:51:03.160","level":"INFO","thread":"restartedMain","correlationId":"","logger":"o.s.b.d.e.DevToolsPropertyDefaultsPostProcessor","message":"Devtools property defaults active! Set 'spring.devtools.add-properties' to 'false' to disable","exception":""}
{"timestamp":"2026-10-06 20:51:03.160","level":"INFO","thread":"restartedMain","correlationId":"","logger":"o.s.b.d.e.DevToolsPropertyDefaultsPostProcessor","message":"For additional web related logging consider setting the 'logging.level.web' property to 'DEBUG'","exception":""}
{"timestamp":"2026-10-06 20:51:06.482","level":"INFO","thread":"restartedMain","correlationId":"","logger":"o.s.d.r.c.RepositoryConfigurationDelegate","message":"Multiple Spring Data modules found, entering strict repository configuration mode","exception":""}
{"timestamp":"2026-10-06 20:51:06.492","level":"INFO","thread":"restartedMain","correlationId":"","logger":"o.s.d.r.c.RepositoryConfigurationDelegate","message":"Bootstrapping Spring Data JPA repositories in DEFAULT mode.","exception":""}
{"timestamp":"2026-10-06 20:51:07.056","level":"INFO","thread":"restartedMain","correlationId":"","logger":"o.s.d.r.c.RepositoryConfigurationDelegate","message":"Finished Spring Data repository scanning in 532 ms. Found 5 JPA repository interfaces.","exception":""}
{"timestamp":"2026-10-06 20:51:07.125","level":"INFO","thread":"restartedMain","correlationId":"","logger":"o.s.d.r.c.RepositoryConfigurationDelegate","message":"Multiple Spring Data modules found, entering strict repository configuration mode","exception":""}
{"timestamp":"2026-10-06 20:51:07.128","level":"INFO","thread":"restartedMain","correlationId":"","logger":"o.s.d.r.c.RepositoryConfigurationDelegate","message":"Bootstrapping Spring Data Redis repositories in DEFAULT mode.","exception":""}
{"timestamp":"2026-10-06 20:51:07.185","level":"INFO","thread":"restartedMain","correlationId":"","logger":"o.s.d.r.c.RepositoryConfigurationExtensionSupport","message":"Spring Data Redis - Could not safely identify store assignment for repository candidate interface com.delivery.delivery_api.repository.ClienteRepository; If you want this repository to be a Redis repository, consider annotating your entities with one of these annotations: org.springframework.data.redis.core.RedisHash (preferred), or consider extending one of the following types with your repository: org.springframework.data.keyvalue.repository.KeyValueRepository","exception":""}
{"timestamp":"2026-10-06 20:51:07.187","level":"INFO","thread":"restartedMain","correlationId":"","logger":"o.s.d.r.c.RepositoryConfigurationExtensionSupport","message":"Spring Data Redis - Could not safely identify store assignment for repository candidate interface com.delivery.delivery_api.repository.PedidoRepository; If you want this repository to be a Redis repository, consider annotating your entities with one of these annotations: org.springframework.data.redis.core.RedisHash (preferred), or consider extending one of the following types with your repository: org.springframework.data.keyvalue.repository.KeyValueRepository","exception":""}
{"timestamp":"2026-10-06 20:51:07.188","level":"INFO","thread":"restartedMain","correlationId":"","logger":"o.s.d.r.c.RepositoryConfigurationExtensionSupport","message":"Spring Data Redis - Could not safely identify store assignment for repository candidate interface com.delivery.delivery_api.repository.ProdutoRepository; If you want this repository to be a Redis repository, consider annotating your entities with one of these annotations: org.springframework.data.redis.core.RedisHash (preferred), or consider extending one of the following types with your repository: org.springframework.data.keyvalue.repository.KeyValueRepository","exception":""}
{"timestamp":"2026-10-06 20:51:07.188","level":"INFO","thread":"restartedMain","correlationId":"","logger":"o.s.d.r.c.RepositoryConfigurationExtensionSupport","message":"Spring Data Redis - Could not safely identify store assignment for repository candidate interface com.delivery.delivery_api.repository.RestauranteRepository; If you want this repository to be a Redis repository, consider annotating your entities with one of these annotations: org.springframework.data.redis.core.RedisHash (preferred), or consider extending one of the following types with your repository: org.springframework.data.keyvalue.repository.KeyValueRepository","exception":""}
{"timestamp":"2026-10-06 20:51:07.188","level":"INFO","thread":"restartedMain","correlationId":"","logger":"o.s.d.r.c.RepositoryConfigurationExtensionSupport","message":"Spring Data Redis - Could not safely identify store assignment for repository candidate interface com.delivery.delivery_api.repository.UsuarioRepository; If you want this repository to be a Redis repository, consider annotating your entities with one of these annotations: org.springframework.data.redis.core.RedisHash (preferred), or consider extending one of the following types with your repository: org.springframework.data.keyvalue.repository.KeyValueRepository","exception":""}
{"timestamp":"2026-10-06 20:51:07.191","level":"INFO","thread":"restartedMain","correlationId":"","logger":"o.s.d.r.c.RepositoryConfigurationDelegate","message":"Finished Spring Data repository scanning in 30 ms. Found 0 Redis repository interfaces.","exception":""}
{"timestamp":"2026-10-06 20:51:09.777","level":"INFO","thread":"restartedMain","correlationId":"","logger":"o.s.boot.tomcat.TomcatWebServer","message":"Tomcat initialized with port 8080 (http)","exception":""}
{"timestamp":"2026-10-06 20:51:09.832","level":"INFO","thread":"restartedMain","correlationId":"","logger":"o.a.coyote.http11.Http11NioProtocol","message":"Initializing ProtocolHandler ["http-nio-8080"]","exception":""}
{"timestamp":"2026-10-06 20:51:09.834","level":"INFO","thread":"restartedMain","correlationId":"","logger":"o.a.catalina.core.StandardService","message":"Starting service [Tomcat]","exception":""}
{"timestamp":"2026-10-06 20:51:09.834","level":"INFO","thread":"restartedMain","correlationId":"","logger":"o.a.catalina.core.StandardEngine","message":"Starting Servlet engine: [Apache Tomcat/11.0.24]","exception":""}
{"timestamp":"2026-10-06 20:51:09.986","level":"INFO","thread":"restartedMain","correlationId":"","logger":"o.s.b.w.c.s.WebApplicationContextInitializer","message":"Root WebApplicationContext: initialization completed in 6822 ms","exception":""}
{"timestamp":"2026-10-06 20:51:12.921","level":"INFO","thread":"restartedMain","correlationId":"","logger":"o.s.o.j.p.SpringPersistenceUnitInfo","message":"No LoadTimeWeaver setup: ignoring JPA class transformer","exception":""}
{"timestamp":"2026-10-06 20:51:13.015","level":"INFO","thread":"restartedMain","correlationId":"","logger":"com.zaxxer.hikari.HikariDataSource","message":"HikariPool-1 - Starting...","exception":""}
{"timestamp":"2026-10-06 20:51:13.550","level":"INFO","thread":"restartedMain","correlationId":"","logger":"com.zaxxer.hikari.pool.HikariPool","message":"HikariPool-1 - Added connection conn0: url=jdbc:h2:mem:deliverydb user=SA","exception":""}
{"timestamp":"2026-10-06 20:51:13.552","level":"INFO","thread":"restartedMain","correlationId":"","logger":"com.zaxxer.hikari.HikariDataSource","message":"HikariPool-1 - Start completed.","exception":""}
{"timestamp":"2026-10-06 20:51:13.744","level":"WARN","thread":"restartedMain","correlationId":"","logger":"org.hibernate.orm.deprecation","message":"HHH90000025: H2Dialect does not need to be specified explicitly using 'hibernate.dialect' (remove the property setting and it will be selected by default)","exception":""}
{"timestamp":"2026-10-06 20:51:16.287","level":"INFO","thread":"restartedMain","correlationId":"","logger":"o.s.o.j.LocalContainerEntityManagerFactoryBean","message":"Initialized JPA EntityManagerFactory for persistence unit 'default'","exception":""}
{"timestamp":"2026-10-06 20:51:16.463","level":"INFO","thread":"restartedMain","correlationId":"","logger":"o.s.d.j.r.q.QueryEnhancerFactories","message":"Hibernate is in classpath; If applicable, HQL parser will be used.","exception":""}
{"timestamp":"2026-10-06 20:51:16.871","level":"ERROR","thread":"restartedMain","correlationId":"","logger":"o.s.b.t.s.DeferredServletContainerInitializers","message":"Error starting Tomcat context. Exception: org.springframework.beans.factory.UnsatisfiedDependencyException. Message: Error creating bean with name 'jwtAuthenticationFilter': Unsatisfied dependency expressed through field 'authService': Error creating bean with name 'authService': Unsatisfied dependency expressed through field 'passwordEncoder': Error creating bean with name 'securityConfig': Unsatisfied dependency expressed through field 'authService': Error creating bean with name 'authService': Requested bean is currently in creation: Is there an unresolvable circular reference or an asynchronous initialization dependency?","exception":""}
{"timestamp":"2026-10-06 20:51:16.919","level":"INFO","thread":"restartedMain","correlationId":"","logger":"o.a.catalina.core.StandardService","message":"Stopping service [Tomcat]","exception":""}
{"timestamp":"2026-10-06 20:51:16.922","level":"WARN","thread":"restartedMain","correlationId":"","logger":"o.a.c.loader.WebappClassLoaderBase","message":"The web application [ROOT] appears to have started a thread named [HikariPool-1:housekeeper] but has failed to stop it. This is very likely to create a memory leak. Stack trace of thread:
 java.base/jdk.internal.misc.Unsafe.park(Native Method)
 java.base/java.util.concurrent.locks.LockSupport.parkNanos(LockSupport.java:269)
 java.base/java.util.concurrent.locks.AbstractQueuedSynchronizer$ConditionObject.awaitNanos(AbstractQueuedSynchronizer.java:1763)
 java.base/java.util.concurrent.ScheduledThreadPoolExecutor$DelayedWorkQueue.take(ScheduledThreadPoolExecutor.java:1182)
 java.base/java.util.concurrent.ScheduledThreadPoolExecutor$DelayedWorkQueue.take(ScheduledThreadPoolExecutor.java:899)
 java.base/java.util.concurrent.ThreadPoolExecutor.getTask(ThreadPoolExecutor.java:1070)
 java.base/java.util.concurrent.ThreadPoolExecutor.runWorker(ThreadPoolExecutor.java:1130)
 java.base/java.util.concurrent.ThreadPoolExecutor$Worker.run(ThreadPoolExecutor.java:642)
 java.base/java.lang.Thread.run(Thread.java:1583)","exception":""}
{"timestamp":"2026-10-06 20:51:16.922","level":"WARN","thread":"restartedMain","correlationId":"","logger":"o.a.c.loader.WebappClassLoaderBase","message":"The web application [ROOT] appears to have started a thread named [HikariPool-1:connection-adder] but has failed to stop it. This is very likely to create a memory leak. Stack trace of thread:
 java.base/jdk.internal.misc.Unsafe.park(Native Method)
 java.base/java.util.concurrent.locks.LockSupport.parkNanos(LockSupport.java:269)
 java.base/java.util.concurrent.locks.AbstractQueuedSynchronizer$ConditionObject.awaitNanos(AbstractQueuedSynchronizer.java:1763)
 java.base/java.util.concurrent.LinkedBlockingQueue.poll(LinkedBlockingQueue.java:460)
 java.base/java.util.concurrent.ThreadPoolExecutor.getTask(ThreadPoolExecutor.java:1069)
 java.base/java.util.concurrent.ThreadPoolExecutor.runWorker(ThreadPoolExecutor.java:1130)
 java.base/java.util.concurrent.ThreadPoolExecutor$Worker.run(ThreadPoolExecutor.java:642)
 java.base/java.lang.Thread.run(Thread.java:1583)","exception":""}
{"timestamp":"2026-10-06 20:51:16.937","level":"WARN","thread":"restartedMain","correlationId":"","logger":"o.s.b.w.s.s.c.AnnotationConfigServletWebServerApplicationContext","message":"Exception encountered during context initialization - cancelling refresh attempt: org.springframework.context.ApplicationContextException: Unable to start web server","exception":""}
{"timestamp":"2026-10-06 20:51:16.937","level":"INFO","thread":"restartedMain","correlationId":"","logger":"o.s.o.j.LocalContainerEntityManagerFactoryBean","message":"Closing JPA EntityManagerFactory for persistence unit 'default'","exception":""}
{"timestamp":"2026-10-06 20:51:16.957","level":"WARN","thread":"restartedMain","correlationId":"","logger":"o.s.b.f.s.DisposableBeanAdapter","message":"Invocation of destroy method failed on bean with name 'inMemoryDatabaseShutdownExecutor': org.h2.jdbc.JdbcSQLNonTransientConnectionException: Database is already closed (to disable automatic closing at VM shutdown, add ";DB_CLOSE_ON_EXIT=FALSE" to the db URL) [90121-240]","exception":""}
{"timestamp":"2026-10-06 20:51:16.958","level":"INFO","thread":"restartedMain","correlationId":"","logger":"com.zaxxer.hikari.HikariDataSource","message":"HikariPool-1 - Shutdown initiated...","exception":""}
{"timestamp":"2026-10-06 20:51:16.960","level":"INFO","thread":"restartedMain","correlationId":"","logger":"com.zaxxer.hikari.HikariDataSource","message":"HikariPool-1 - Shutdown completed.","exception":""}
{"timestamp":"2026-10-06 20:51:17.965","level":"WARN","thread":"restartedMain","correlationId":"","logger":"z.r.i.AsyncReporter$BoundedAsyncReporter","message":"Timed out waiting for in-flight spans to send","exception":""}
{"timestamp":"2026-10-06 20:51:17.977","level":"INFO","thread":"restartedMain","correlationId":"","logger":"o.s.b.a.l.ConditionEvaluationReportLogger","message":"

Error starting ApplicationContext. To display the condition evaluation report re-run your application with 'debug' enabled.","exception":""}
{"timestamp":"2026-10-06 20:51:18.039","level":"ERROR","thread":"restartedMain","correlationId":"","logger":"o.s.b.d.LoggingFailureAnalysisReporter","message":"

***************************
APPLICATION FAILED TO START
***************************

Description:

The dependencies of some of the beans in the application context form a cycle:

   jwtAuthenticationFilter (field private com.delivery.delivery_api.service.AuthService com.delivery.delivery_api.security.JwtAuthenticationFilter.authService)
┌─────┐
|  authService (field private org.springframework.security.crypto.password.PasswordEncoder com.delivery.delivery_api.service.AuthService.passwordEncoder)
↑     ↓
|  securityConfig (field private com.delivery.delivery_api.service.AuthService com.delivery.delivery_api.config.SecurityConfig.authService)
└─────┘


Action:

Relying upon circular references is discouraged and they are prohibited by default. Update your application to remove the dependency cycle between beans. As a last resort, it may be possible to break the cycle automatically by setting spring.main.allow-circular-references to true.
","exception":""}
{"timestamp":"2026-10-06 20:52:46.956","level":"INFO","thread":"restartedMain","correlationId":"","logger":"c.d.d.DeliveryApiApplication","message":"Starting DeliveryApiApplication using Java 21.0.12 with PID 13004 (C:\Marinho_Matheus\FAT\delivery_api\target\classes started by anama in C:\Marinho_Matheus\FAT\delivery_api)","exception":""}
{"timestamp":"2026-10-06 20:52:46.960","level":"DEBUG","thread":"restartedMain","correlationId":"","logger":"c.d.d.DeliveryApiApplication","message":"Running with Spring Boot v4.1.1, Spring v7.0.9","exception":""}
{"timestamp":"2026-10-06 20:52:46.964","level":"INFO","thread":"restartedMain","correlationId":"","logger":"c.d.d.DeliveryApiApplication","message":"No active profile set, falling back to 1 default profile: "default"","exception":""}
{"timestamp":"2026-10-06 20:52:47.048","level":"INFO","thread":"restartedMain","correlationId":"","logger":"o.s.b.d.e.DevToolsPropertyDefaultsPostProcessor","message":"Devtools property defaults active! Set 'spring.devtools.add-properties' to 'false' to disable","exception":""}
{"timestamp":"2026-10-06 20:52:47.050","level":"INFO","thread":"restartedMain","correlationId":"","logger":"o.s.b.d.e.DevToolsPropertyDefaultsPostProcessor","message":"For additional web related logging consider setting the 'logging.level.web' property to 'DEBUG'","exception":""}
{"timestamp":"2026-10-06 20:52:49.024","level":"INFO","thread":"restartedMain","correlationId":"","logger":"o.s.d.r.c.RepositoryConfigurationDelegate","message":"Multiple Spring Data modules found, entering strict repository configuration mode","exception":""}
{"timestamp":"2026-10-06 20:52:49.026","level":"INFO","thread":"restartedMain","correlationId":"","logger":"o.s.d.r.c.RepositoryConfigurationDelegate","message":"Bootstrapping Spring Data JPA repositories in DEFAULT mode.","exception":""}
{"timestamp":"2026-10-06 20:52:49.258","level":"INFO","thread":"restartedMain","correlationId":"","logger":"o.s.d.r.c.RepositoryConfigurationDelegate","message":"Finished Spring Data repository scanning in 217 ms. Found 5 JPA repository interfaces.","exception":""}
{"timestamp":"2026-10-06 20:52:49.311","level":"INFO","thread":"restartedMain","correlationId":"","logger":"o.s.d.r.c.RepositoryConfigurationDelegate","message":"Multiple Spring Data modules found, entering strict repository configuration mode","exception":""}
{"timestamp":"2026-10-06 20:52:49.311","level":"INFO","thread":"restartedMain","correlationId":"","logger":"o.s.d.r.c.RepositoryConfigurationDelegate","message":"Bootstrapping Spring Data Redis repositories in DEFAULT mode.","exception":""}
{"timestamp":"2026-10-06 20:52:49.341","level":"INFO","thread":"restartedMain","correlationId":"","logger":"o.s.d.r.c.RepositoryConfigurationExtensionSupport","message":"Spring Data Redis - Could not safely identify store assignment for repository candidate interface com.delivery.delivery_api.repository.ClienteRepository; If you want this repository to be a Redis repository, consider annotating your entities with one of these annotations: org.springframework.data.redis.core.RedisHash (preferred), or consider extending one of the following types with your repository: org.springframework.data.keyvalue.repository.KeyValueRepository","exception":""}
{"timestamp":"2026-10-06 20:52:49.343","level":"INFO","thread":"restartedMain","correlationId":"","logger":"o.s.d.r.c.RepositoryConfigurationExtensionSupport","message":"Spring Data Redis - Could not safely identify store assignment for repository candidate interface com.delivery.delivery_api.repository.PedidoRepository; If you want this repository to be a Redis repository, consider annotating your entities with one of these annotations: org.springframework.data.redis.core.RedisHash (preferred), or consider extending one of the following types with your repository: org.springframework.data.keyvalue.repository.KeyValueRepository","exception":""}
{"timestamp":"2026-10-06 20:52:49.343","level":"INFO","thread":"restartedMain","correlationId":"","logger":"o.s.d.r.c.RepositoryConfigurationExtensionSupport","message":"Spring Data Redis - Could not safely identify store assignment for repository candidate interface com.delivery.delivery_api.repository.ProdutoRepository; If you want this repository to be a Redis repository, consider annotating your entities with one of these annotations: org.springframework.data.redis.core.RedisHash (preferred), or consider extending one of the following types with your repository: org.springframework.data.keyvalue.repository.KeyValueRepository","exception":""}
{"timestamp":"2026-10-06 20:52:49.343","level":"INFO","thread":"restartedMain","correlationId":"","logger":"o.s.d.r.c.RepositoryConfigurationExtensionSupport","message":"Spring Data Redis - Could not safely identify store assignment for repository candidate interface com.delivery.delivery_api.repository.RestauranteRepository; If you want this repository to be a Redis repository, consider annotating your entities with one of these annotations: org.springframework.data.redis.core.RedisHash (preferred), or consider extending one of the following types with your repository: org.springframework.data.keyvalue.repository.KeyValueRepository","exception":""}
{"timestamp":"2026-10-06 20:52:49.343","level":"INFO","thread":"restartedMain","correlationId":"","logger":"o.s.d.r.c.RepositoryConfigurationExtensionSupport","message":"Spring Data Redis - Could not safely identify store assignment for repository candidate interface com.delivery.delivery_api.repository.UsuarioRepository; If you want this repository to be a Redis repository, consider annotating your entities with one of these annotations: org.springframework.data.redis.core.RedisHash (preferred), or consider extending one of the following types with your repository: org.springframework.data.keyvalue.repository.KeyValueRepository","exception":""}
{"timestamp":"2026-10-06 20:52:49.346","level":"INFO","thread":"restartedMain","correlationId":"","logger":"o.s.d.r.c.RepositoryConfigurationDelegate","message":"Finished Spring Data repository scanning in 17 ms. Found 0 Redis repository interfaces.","exception":""}
{"timestamp":"2026-10-06 20:52:50.442","level":"INFO","thread":"restartedMain","correlationId":"","logger":"o.s.boot.tomcat.TomcatWebServer","message":"Tomcat initialized with port 8080 (http)","exception":""}
{"timestamp":"2026-10-06 20:52:50.459","level":"INFO","thread":"restartedMain","correlationId":"","logger":"o.a.coyote.http11.Http11NioProtocol","message":"Initializing ProtocolHandler ["http-nio-8080"]","exception":""}
{"timestamp":"2026-10-06 20:52:50.459","level":"INFO","thread":"restartedMain","correlationId":"","logger":"o.a.catalina.core.StandardService","message":"Starting service [Tomcat]","exception":""}
{"timestamp":"2026-10-06 20:52:50.459","level":"INFO","thread":"restartedMain","correlationId":"","logger":"o.a.catalina.core.StandardEngine","message":"Starting Servlet engine: [Apache Tomcat/11.0.24]","exception":""}
{"timestamp":"2026-10-06 20:52:50.526","level":"INFO","thread":"restartedMain","correlationId":"","logger":"o.s.b.w.c.s.WebApplicationContextInitializer","message":"Root WebApplicationContext: initialization completed in 3475 ms","exception":""}
{"timestamp":"2026-10-06 20:52:51.942","level":"INFO","thread":"restartedMain","correlationId":"","logger":"o.s.o.j.p.SpringPersistenceUnitInfo","message":"No LoadTimeWeaver setup: ignoring JPA class transformer","exception":""}
{"timestamp":"2026-10-06 20:52:52.001","level":"INFO","thread":"restartedMain","correlationId":"","logger":"com.zaxxer.hikari.HikariDataSource","message":"HikariPool-1 - Starting...","exception":""}
{"timestamp":"2026-10-06 20:52:52.352","level":"INFO","thread":"restartedMain","correlationId":"","logger":"com.zaxxer.hikari.pool.HikariPool","message":"HikariPool-1 - Added connection conn0: url=jdbc:h2:mem:deliverydb user=SA","exception":""}
{"timestamp":"2026-10-06 20:52:52.354","level":"INFO","thread":"restartedMain","correlationId":"","logger":"com.zaxxer.hikari.HikariDataSource","message":"HikariPool-1 - Start completed.","exception":""}
{"timestamp":"2026-10-06 20:52:52.398","level":"WARN","thread":"restartedMain","correlationId":"","logger":"org.hibernate.orm.deprecation","message":"HHH90000025: H2Dialect does not need to be specified explicitly using 'hibernate.dialect' (remove the property setting and it will be selected by default)","exception":""}
{"timestamp":"2026-10-06 20:52:54.015","level":"INFO","thread":"restartedMain","correlationId":"","logger":"o.s.o.j.LocalContainerEntityManagerFactoryBean","message":"Initialized JPA EntityManagerFactory for persistence unit 'default'","exception":""}
{"timestamp":"2026-10-06 20:52:54.154","level":"INFO","thread":"restartedMain","correlationId":"","logger":"o.s.d.j.r.q.QueryEnhancerFactories","message":"Hibernate is in classpath; If applicable, HQL parser will be used.","exception":""}
{"timestamp":"2026-10-06 20:52:54.473","level":"ERROR","thread":"restartedMain","correlationId":"","logger":"o.s.b.t.s.DeferredServletContainerInitializers","message":"Error starting Tomcat context. Exception: org.springframework.beans.factory.UnsatisfiedDependencyException. Message: Error creating bean with name 'jwtAuthenticationFilter': Unsatisfied dependency expressed through field 'jwtUtil': Error creating bean with name 'jwtUtil': Injection of autowired dependencies failed","exception":""}
{"timestamp":"2026-10-06 20:52:54.520","level":"INFO","thread":"restartedMain","correlationId":"","logger":"o.a.catalina.core.StandardService","message":"Stopping service [Tomcat]","exception":""}
{"timestamp":"2026-10-06 20:52:54.520","level":"WARN","thread":"restartedMain","correlationId":"","logger":"o.a.c.loader.WebappClassLoaderBase","message":"The web application [ROOT] appears to have started a thread named [HikariPool-1:housekeeper] but has failed to stop it. This is very likely to create a memory leak. Stack trace of thread:
 java.base/jdk.internal.misc.Unsafe.park(Native Method)
 java.base/java.util.concurrent.locks.LockSupport.parkNanos(LockSupport.java:269)
 java.base/java.util.concurrent.locks.AbstractQueuedSynchronizer$ConditionObject.awaitNanos(AbstractQueuedSynchronizer.java:1763)
 java.base/java.util.concurrent.ScheduledThreadPoolExecutor$DelayedWorkQueue.take(ScheduledThreadPoolExecutor.java:1182)
 java.base/java.util.concurrent.ScheduledThreadPoolExecutor$DelayedWorkQueue.take(ScheduledThreadPoolExecutor.java:899)
 java.base/java.util.concurrent.ThreadPoolExecutor.getTask(ThreadPoolExecutor.java:1070)
 java.base/java.util.concurrent.ThreadPoolExecutor.runWorker(ThreadPoolExecutor.java:1130)
 java.base/java.util.concurrent.ThreadPoolExecutor$Worker.run(ThreadPoolExecutor.java:642)
 java.base/java.lang.Thread.run(Thread.java:1583)","exception":""}
{"timestamp":"2026-10-06 20:52:54.520","level":"WARN","thread":"restartedMain","correlationId":"","logger":"o.a.c.loader.WebappClassLoaderBase","message":"The web application [ROOT] appears to have started a thread named [HikariPool-1:connection-adder] but has failed to stop it. This is very likely to create a memory leak. Stack trace of thread:
 java.base/jdk.internal.misc.Unsafe.park(Native Method)
 java.base/java.util.concurrent.locks.LockSupport.parkNanos(LockSupport.java:269)
 java.base/java.util.concurrent.locks.AbstractQueuedSynchronizer$ConditionObject.awaitNanos(AbstractQueuedSynchronizer.java:1763)
 java.base/java.util.concurrent.LinkedBlockingQueue.poll(LinkedBlockingQueue.java:460)
 java.base/java.util.concurrent.ThreadPoolExecutor.getTask(ThreadPoolExecutor.java:1069)
 java.base/java.util.concurrent.ThreadPoolExecutor.runWorker(ThreadPoolExecutor.java:1130)
 java.base/java.util.concurrent.ThreadPoolExecutor$Worker.run(ThreadPoolExecutor.java:642)
 java.base/java.lang.Thread.run(Thread.java:1583)","exception":""}
{"timestamp":"2026-10-06 20:52:54.533","level":"WARN","thread":"restartedMain","correlationId":"","logger":"o.s.b.w.s.s.c.AnnotationConfigServletWebServerApplicationContext","message":"Exception encountered during context initialization - cancelling refresh attempt: org.springframework.context.ApplicationContextException: Unable to start web server","exception":""}
{"timestamp":"2026-10-06 20:52:54.533","level":"INFO","thread":"restartedMain","correlationId":"","logger":"o.s.o.j.LocalContainerEntityManagerFactoryBean","message":"Closing JPA EntityManagerFactory for persistence unit 'default'","exception":""}
{"timestamp":"2026-10-06 20:52:54.542","level":"WARN","thread":"restartedMain","correlationId":"","logger":"o.s.b.f.s.DisposableBeanAdapter","message":"Invocation of destroy method failed on bean with name 'inMemoryDatabaseShutdownExecutor': org.h2.jdbc.JdbcSQLNonTransientConnectionException: Database is already closed (to disable automatic closing at VM shutdown, add ";DB_CLOSE_ON_EXIT=FALSE" to the db URL) [90121-240]","exception":""}
{"timestamp":"2026-10-06 20:52:54.542","level":"INFO","thread":"restartedMain","correlationId":"","logger":"com.zaxxer.hikari.HikariDataSource","message":"HikariPool-1 - Shutdown initiated...","exception":""}
{"timestamp":"2026-10-06 20:52:54.542","level":"INFO","thread":"restartedMain","correlationId":"","logger":"com.zaxxer.hikari.HikariDataSource","message":"HikariPool-1 - Shutdown completed.","exception":""}
{"timestamp":"2026-10-06 20:52:55.556","level":"WARN","thread":"restartedMain","correlationId":"","logger":"z.r.i.AsyncReporter$BoundedAsyncReporter","message":"Timed out waiting for in-flight spans to send","exception":""}
{"timestamp":"2026-10-06 20:52:55.565","level":"INFO","thread":"restartedMain","correlationId":"","logger":"o.s.b.a.l.ConditionEvaluationReportLogger","message":"

Error starting ApplicationContext. To display the condition evaluation report re-run your application with 'debug' enabled.","exception":""}
{"timestamp":"2026-10-06 20:52:55.594","level":"ERROR","thread":"restartedMain","correlationId":"","logger":"o.s.boot.SpringApplication","message":"Application run failed","exception":"org.springframework.context.ApplicationContextException: Unable to start web server
	at org.springframework.boot.web.server.servlet.context.ServletWebServerApplicationContext.onRefresh(ServletWebServerApplicationContext.java:167)
	at org.springframework.context.support.AbstractApplicationContext.refresh(AbstractApplicationContext.java:615)
	at org.springframework.boot.web.server.servlet.context.ServletWebServerApplicationContext.refresh(ServletWebServerApplicationContext.java:143)
	at org.springframework.boot.SpringApplication.refresh(SpringApplication.java:756)
	at org.springframework.boot.SpringApplication.refreshContext(SpringApplication.java:445)
	at org.springframework.boot.SpringApplication.run(SpringApplication.java:321)
	at org.springframework.boot.SpringApplication.run(SpringApplication.java:1365)
	at org.springframework.boot.SpringApplication.run(SpringApplication.java:1354)
	at com.delivery.delivery_api.DeliveryApiApplication.main(DeliveryApiApplication.java:12)
	at java.base/jdk.internal.reflect.DirectMethodHandleAccessor.invoke(DirectMethodHandleAccessor.java:103)
	at java.base/java.lang.reflect.Method.invoke(Method.java:580)
	at org.springframework.boot.devtools.restart.RestartLauncher.run(RestartLauncher.java:52)
Caused by: org.springframework.boot.web.server.WebServerException: Unable to start embedded Tomcat
	at org.springframework.boot.tomcat.TomcatWebServer.initialize(TomcatWebServer.java:150)
	at org.springframework.boot.tomcat.TomcatWebServer.<init>(TomcatWebServer.java:110)
	at org.springframework.boot.tomcat.servlet.TomcatServletWebServerFactory.getTomcatWebServer(TomcatServletWebServerFactory.java:429)
	at org.springframework.boot.tomcat.servlet.TomcatServletWebServerFactory.getWebServer(TomcatServletWebServerFactory.java:167)
	at org.springframework.boot.web.server.servlet.context.ServletWebServerApplicationContext.createWebServer(ServletWebServerApplicationContext.java:190)
	at org.springframework.boot.web.server.servlet.context.ServletWebServerApplicationContext.onRefresh(ServletWebServerApplicationContext.java:164)
	... 11 common frames omitted
Caused by: org.springframework.beans.factory.UnsatisfiedDependencyException: Error creating bean with name 'jwtAuthenticationFilter': Unsatisfied dependency expressed through field 'jwtUtil': Error creating bean with name 'jwtUtil': Injection of autowired dependencies failed
	at org.springframework.beans.factory.annotation.AutowiredAnnotationBeanPostProcessor$AutowiredFieldElement.resolveFieldValue(AutowiredAnnotationBeanPostProcessor.java:767)
	at org.springframework.beans.factory.annotation.AutowiredAnnotationBeanPostProcessor$AutowiredFieldElement.inject(AutowiredAnnotationBeanPostProcessor.java:748)
	at org.springframework.beans.factory.annotation.InjectionMetadata.inject(InjectionMetadata.java:146)
	at org.springframework.beans.factory.annotation.AutowiredAnnotationBeanPostProcessor.postProcessProperties(AutowiredAnnotationBeanPostProcessor.java:493)
	at org.springframework.beans.factory.support.AbstractAutowireCapableBeanFactory.populateBean(AbstractAutowireCapableBeanFactory.java:1444)
	at org.springframework.beans.factory.support.AbstractAutowireCapableBeanFactory.doCreateBean(AbstractAutowireCapableBeanFactory.java:602)
	at org.springframework.beans.factory.support.AbstractAutowireCapableBeanFactory.createBean(AbstractAutowireCapableBeanFactory.java:525)
	at org.springframework.beans.factory.support.AbstractBeanFactory.lambda$doGetBean$0(AbstractBeanFactory.java:333)
	at org.springframework.beans.factory.support.DefaultSingletonBeanRegistry.getSingleton(DefaultSingletonBeanRegistry.java:371)
	at org.springframework.beans.factory.support.AbstractBeanFactory.doGetBean(AbstractBeanFactory.java:331)
	at org.springframework.beans.factory.support.AbstractBeanFactory.getBean(AbstractBeanFactory.java:201)
	at org.springframework.boot.web.servlet.ServletContextInitializerBeans.getOrderedBeansOfType(ServletContextInitializerBeans.java:231)
	at org.springframework.boot.web.servlet.ServletContextInitializerBeans.addAsRegistrationBean(ServletContextInitializerBeans.java:185)
	at org.springframework.boot.web.servlet.ServletContextInitializerBeans.addAsRegistrationBean(ServletContextInitializerBeans.java:180)
	at org.springframework.boot.web.servlet.ServletContextInitializerBeans.addAdaptableBeans(ServletContextInitializerBeans.java:165)
	at org.springframework.boot.web.servlet.ServletContextInitializerBeans.<init>(ServletContextInitializerBeans.java:97)
	at org.springframework.boot.web.context.servlet.WebApplicationContextInitializer.initialize(WebApplicationContextInitializer.java:53)
	at org.springframework.boot.tomcat.servlet.DeferredServletContainerInitializers.onStartup(DeferredServletContainerInitializers.java:55)
	at org.apache.catalina.core.StandardContext.startInternal(StandardContext.java:4573)
	at org.apache.catalina.util.LifecycleBase.start(LifecycleBase.java:170)
	at org.apache.catalina.core.ContainerBase$StartChild.call(ContainerBase.java:1204)
	at org.apache.catalina.core.ContainerBase$StartChild.call(ContainerBase.java:1200)
	at java.base/java.util.concurrent.FutureTask.run(FutureTask.java:317)
	at org.apache.tomcat.util.threads.InlineExecutorService.execute(InlineExecutorService.java:92)
	at java.base/java.util.concurrent.AbstractExecutorService.submit(AbstractExecutorService.java:145)
	at org.apache.catalina.core.ContainerBase.startInternal(ContainerBase.java:732)
	at org.apache.catalina.core.StandardHost.startInternal(StandardHost.java:794)
	at org.apache.catalina.util.LifecycleBase.start(LifecycleBase.java:170)
	at org.apache.catalina.core.ContainerBase$StartChild.call(ContainerBase.java:1204)
	at org.apache.catalina.core.ContainerBase$StartChild.call(ContainerBase.java:1200)
	at java.base/java.util.concurrent.FutureTask.run(FutureTask.java:317)
	at org.apache.tomcat.util.threads.InlineExecutorService.execute(InlineExecutorService.java:92)
	at java.base/java.util.concurrent.AbstractExecutorService.submit(AbstractExecutorService.java:145)
	at org.apache.catalina.core.ContainerBase.startInternal(ContainerBase.java:732)
	at org.apache.catalina.core.StandardEngine.startInternal(StandardEngine.java:201)
	at org.apache.catalina.util.LifecycleBase.start(LifecycleBase.java:170)
	at org.apache.catalina.core.StandardService.startInternal(StandardService.java:433)
	at org.apache.catalina.util.LifecycleBase.start(LifecycleBase.java:170)
	at org.apache.catalina.core.StandardServer.startInternal(StandardServer.java:871)
	at org.apache.catalina.util.LifecycleBase.start(LifecycleBase.java:170)
	at org.apache.catalina.startup.Tomcat.start(Tomcat.java:452)
	at org.springframework.boot.tomcat.TomcatWebServer.initialize(TomcatWebServer.java:131)
	... 16 common frames omitted
Caused by: org.springframework.beans.factory.BeanCreationException: Error creating bean with name 'jwtUtil': Injection of autowired dependencies failed
	at org.springframework.beans.factory.annotation.AutowiredAnnotationBeanPostProcessor.postProcessProperties(AutowiredAnnotationBeanPostProcessor.java:499)
	at org.springframework.beans.factory.support.AbstractAutowireCapableBeanFactory.populateBean(AbstractAutowireCapableBeanFactory.java:1444)
	at org.springframework.beans.factory.support.AbstractAutowireCapableBeanFactory.doCreateBean(AbstractAutowireCapableBeanFactory.java:602)
	at org.springframework.beans.factory.support.AbstractAutowireCapableBeanFactory.createBean(AbstractAutowireCapableBeanFactory.java:525)
	at org.springframework.beans.factory.support.AbstractBeanFactory.lambda$doGetBean$0(AbstractBeanFactory.java:333)
	at org.springframework.beans.factory.support.DefaultSingletonBeanRegistry.getSingleton(DefaultSingletonBeanRegistry.java:371)
	at org.springframework.beans.factory.support.AbstractBeanFactory.doGetBean(AbstractBeanFactory.java:331)
	at org.springframework.beans.factory.support.AbstractBeanFactory.getBean(AbstractBeanFactory.java:201)
	at org.springframework.beans.factory.support.DefaultListableBeanFactory.resolveBean(DefaultListableBeanFactory.java:1232)
	at org.springframework.beans.factory.support.DefaultListableBeanFactory.doResolveDependency(DefaultListableBeanFactory.java:1711)
	at org.springframework.beans.factory.support.DefaultListableBeanFactory.resolveDependency(DefaultListableBeanFactory.java:1658)
	at org.springframework.beans.factory.annotation.AutowiredAnnotationBeanPostProcessor$AutowiredFieldElement.resolveFieldValue(AutowiredAnnotationBeanPostProcessor.java:764)
	... 57 common frames omitted
Caused by: org.springframework.util.PlaceholderResolutionException: Could not resolve placeholder 'JWT_SECRET' in value "${JWT_SECRET}" <-- "${jwt.secret}"
	at org.springframework.util.PlaceholderResolutionException.withValue(PlaceholderResolutionException.java:81)
	at org.springframework.util.PlaceholderParser$ParsedValue.resolve(PlaceholderParser.java:296)
	at org.springframework.util.PlaceholderParser.replacePlaceholders(PlaceholderParser.java:129)
	at org.springframework.util.PropertyPlaceholderHelper.replacePlaceholders(PropertyPlaceholderHelper.java:96)
	at org.springframework.core.env.AbstractPropertyResolver.doResolvePlaceholders(AbstractPropertyResolver.java:286)
	at org.springframework.core.env.AbstractPropertyResolver.resolveRequiredPlaceholders(AbstractPropertyResolver.java:257)
	at org.springframework.context.support.PropertySourcesPlaceholderConfigurer.lambda$processProperties$0(PropertySourcesPlaceholderConfigurer.java:184)
	at org.springframework.beans.factory.support.AbstractBeanFactory.resolveEmbeddedValue(AbstractBeanFactory.java:959)
	at org.springframework.beans.factory.support.DefaultListableBeanFactory.doResolveDependency(DefaultListableBeanFactory.java:1679)
	at org.springframework.beans.factory.support.DefaultListableBeanFactory.resolveDependency(DefaultListableBeanFactory.java:1658)
	at org.springframework.beans.factory.annotation.AutowiredAnnotationBeanPostProcessor$AutowiredFieldElement.resolveFieldValue(AutowiredAnnotationBeanPostProcessor.java:764)
	at org.springframework.beans.factory.annotation.AutowiredAnnotationBeanPostProcessor$AutowiredFieldElement.inject(AutowiredAnnotationBeanPostProcessor.java:748)
	at org.springframework.beans.factory.annotation.InjectionMetadata.inject(InjectionMetadata.java:146)
	at org.springframework.beans.factory.annotation.AutowiredAnnotationBeanPostProcessor.postProcessProperties(AutowiredAnnotationBeanPostProcessor.java:493)
	... 68 common frames omitted
"}
{"timestamp":"2026-10-06 20:54:14.690","level":"INFO","thread":"restartedMain","correlationId":"","logger":"c.d.d.DeliveryApiApplication","message":"Starting DeliveryApiApplication using Java 21.0.12 with PID 11424 (C:\Marinho_Matheus\FAT\delivery_api\target\classes started by anama in C:\Marinho_Matheus\FAT\delivery_api)","exception":""}
{"timestamp":"2026-10-06 20:54:14.690","level":"DEBUG","thread":"restartedMain","correlationId":"","logger":"c.d.d.DeliveryApiApplication","message":"Running with Spring Boot v4.1.1, Spring v7.0.9","exception":""}
{"timestamp":"2026-10-06 20:54:14.690","level":"INFO","thread":"restartedMain","correlationId":"","logger":"c.d.d.DeliveryApiApplication","message":"No active profile set, falling back to 1 default profile: "default"","exception":""}
{"timestamp":"2026-10-06 20:54:14.738","level":"INFO","thread":"restartedMain","correlationId":"","logger":"o.s.b.d.e.DevToolsPropertyDefaultsPostProcessor","message":"Devtools property defaults active! Set 'spring.devtools.add-properties' to 'false' to disable","exception":""}
{"timestamp":"2026-10-06 20:54:14.738","level":"INFO","thread":"restartedMain","correlationId":"","logger":"o.s.b.d.e.DevToolsPropertyDefaultsPostProcessor","message":"For additional web related logging consider setting the 'logging.level.web' property to 'DEBUG'","exception":""}
{"timestamp":"2026-10-06 20:54:15.992","level":"INFO","thread":"restartedMain","correlationId":"","logger":"o.s.d.r.c.RepositoryConfigurationDelegate","message":"Multiple Spring Data modules found, entering strict repository configuration mode","exception":""}
{"timestamp":"2026-10-06 20:54:15.992","level":"INFO","thread":"restartedMain","correlationId":"","logger":"o.s.d.r.c.RepositoryConfigurationDelegate","message":"Bootstrapping Spring Data JPA repositories in DEFAULT mode.","exception":""}
{"timestamp":"2026-10-06 20:54:16.160","level":"INFO","thread":"restartedMain","correlationId":"","logger":"o.s.d.r.c.RepositoryConfigurationDelegate","message":"Finished Spring Data repository scanning in 151 ms. Found 5 JPA repository interfaces.","exception":""}
{"timestamp":"2026-10-06 20:54:16.187","level":"INFO","thread":"restartedMain","correlationId":"","logger":"o.s.d.r.c.RepositoryConfigurationDelegate","message":"Multiple Spring Data modules found, entering strict repository configuration mode","exception":""}
{"timestamp":"2026-10-06 20:54:16.190","level":"INFO","thread":"restartedMain","correlationId":"","logger":"o.s.d.r.c.RepositoryConfigurationDelegate","message":"Bootstrapping Spring Data Redis repositories in DEFAULT mode.","exception":""}
{"timestamp":"2026-10-06 20:54:16.212","level":"INFO","thread":"restartedMain","correlationId":"","logger":"o.s.d.r.c.RepositoryConfigurationExtensionSupport","message":"Spring Data Redis - Could not safely identify store assignment for repository candidate interface com.delivery.delivery_api.repository.ClienteRepository; If you want this repository to be a Redis repository, consider annotating your entities with one of these annotations: org.springframework.data.redis.core.RedisHash (preferred), or consider extending one of the following types with your repository: org.springframework.data.keyvalue.repository.KeyValueRepository","exception":""}
{"timestamp":"2026-10-06 20:54:16.212","level":"INFO","thread":"restartedMain","correlationId":"","logger":"o.s.d.r.c.RepositoryConfigurationExtensionSupport","message":"Spring Data Redis - Could not safely identify store assignment for repository candidate interface com.delivery.delivery_api.repository.PedidoRepository; If you want this repository to be a Redis repository, consider annotating your entities with one of these annotations: org.springframework.data.redis.core.RedisHash (preferred), or consider extending one of the following types with your repository: org.springframework.data.keyvalue.repository.KeyValueRepository","exception":""}
{"timestamp":"2026-10-06 20:54:16.212","level":"INFO","thread":"restartedMain","correlationId":"","logger":"o.s.d.r.c.RepositoryConfigurationExtensionSupport","message":"Spring Data Redis - Could not safely identify store assignment for repository candidate interface com.delivery.delivery_api.repository.ProdutoRepository; If you want this repository to be a Redis repository, consider annotating your entities with one of these annotations: org.springframework.data.redis.core.RedisHash (preferred), or consider extending one of the following types with your repository: org.springframework.data.keyvalue.repository.KeyValueRepository","exception":""}
{"timestamp":"2026-10-06 20:54:16.212","level":"INFO","thread":"restartedMain","correlationId":"","logger":"o.s.d.r.c.RepositoryConfigurationExtensionSupport","message":"Spring Data Redis - Could not safely identify store assignment for repository candidate interface com.delivery.delivery_api.repository.RestauranteRepository; If you want this repository to be a Redis repository, consider annotating your entities with one of these annotations: org.springframework.data.redis.core.RedisHash (preferred), or consider extending one of the following types with your repository: org.springframework.data.keyvalue.repository.KeyValueRepository","exception":""}
{"timestamp":"2026-10-06 20:54:16.212","level":"INFO","thread":"restartedMain","correlationId":"","logger":"o.s.d.r.c.RepositoryConfigurationExtensionSupport","message":"Spring Data Redis - Could not safely identify store assignment for repository candidate interface com.delivery.delivery_api.repository.UsuarioRepository; If you want this repository to be a Redis repository, consider annotating your entities with one of these annotations: org.springframework.data.redis.core.RedisHash (preferred), or consider extending one of the following types with your repository: org.springframework.data.keyvalue.repository.KeyValueRepository","exception":""}
{"timestamp":"2026-10-06 20:54:16.218","level":"INFO","thread":"restartedMain","correlationId":"","logger":"o.s.d.r.c.RepositoryConfigurationDelegate","message":"Finished Spring Data repository scanning in 12 ms. Found 0 Redis repository interfaces.","exception":""}
{"timestamp":"2026-10-06 20:54:17.054","level":"INFO","thread":"restartedMain","correlationId":"","logger":"o.s.boot.tomcat.TomcatWebServer","message":"Tomcat initialized with port 8080 (http)","exception":""}
{"timestamp":"2026-10-06 20:54:17.083","level":"INFO","thread":"restartedMain","correlationId":"","logger":"o.a.coyote.http11.Http11NioProtocol","message":"Initializing ProtocolHandler ["http-nio-8080"]","exception":""}
{"timestamp":"2026-10-06 20:54:17.087","level":"INFO","thread":"restartedMain","correlationId":"","logger":"o.a.catalina.core.StandardService","message":"Starting service [Tomcat]","exception":""}
{"timestamp":"2026-10-06 20:54:17.087","level":"INFO","thread":"restartedMain","correlationId":"","logger":"o.a.catalina.core.StandardEngine","message":"Starting Servlet engine: [Apache Tomcat/11.0.24]","exception":""}
{"timestamp":"2026-10-06 20:54:17.143","level":"INFO","thread":"restartedMain","correlationId":"","logger":"o.s.b.w.c.s.WebApplicationContextInitializer","message":"Root WebApplicationContext: initialization completed in 2399 ms","exception":""}
{"timestamp":"2026-10-06 20:54:18.304","level":"INFO","thread":"restartedMain","correlationId":"","logger":"o.s.o.j.p.SpringPersistenceUnitInfo","message":"No LoadTimeWeaver setup: ignoring JPA class transformer","exception":""}
{"timestamp":"2026-10-06 20:54:18.358","level":"INFO","thread":"restartedMain","correlationId":"","logger":"com.zaxxer.hikari.HikariDataSource","message":"HikariPool-1 - Starting...","exception":""}
{"timestamp":"2026-10-06 20:54:18.596","level":"INFO","thread":"restartedMain","correlationId":"","logger":"com.zaxxer.hikari.pool.HikariPool","message":"HikariPool-1 - Added connection conn0: url=jdbc:h2:mem:deliverydb user=SA","exception":""}
{"timestamp":"2026-10-06 20:54:18.596","level":"INFO","thread":"restartedMain","correlationId":"","logger":"com.zaxxer.hikari.HikariDataSource","message":"HikariPool-1 - Start completed.","exception":""}
{"timestamp":"2026-10-06 20:54:18.637","level":"WARN","thread":"restartedMain","correlationId":"","logger":"org.hibernate.orm.deprecation","message":"HHH90000025: H2Dialect does not need to be specified explicitly using 'hibernate.dialect' (remove the property setting and it will be selected by default)","exception":""}
{"timestamp":"2026-10-06 20:54:19.998","level":"INFO","thread":"restartedMain","correlationId":"","logger":"o.s.o.j.LocalContainerEntityManagerFactoryBean","message":"Initialized JPA EntityManagerFactory for persistence unit 'default'","exception":""}
{"timestamp":"2026-10-06 20:54:20.094","level":"INFO","thread":"restartedMain","correlationId":"","logger":"o.s.d.j.r.q.QueryEnhancerFactories","message":"Hibernate is in classpath; If applicable, HQL parser will be used.","exception":""}
{"timestamp":"2026-10-06 20:54:20.363","level":"DEBUG","thread":"restartedMain","correlationId":"","logger":"c.d.d.s.JwtAuthenticationFilter","message":"Filter 'jwtAuthenticationFilter' configured for use","exception":""}
{"timestamp":"2026-10-06 20:54:20.369","level":"DEBUG","thread":"restartedMain","correlationId":"","logger":"o.s.w.f.ServerHttpObservationFilter","message":"Filter 'webMvcObservationFilter' configured for use","exception":""}
{"timestamp":"2026-10-06 20:54:20.478","level":"INFO","thread":"restartedMain","correlationId":"","logger":"o.s.s.c.a.a.c.InitializeAuthenticationProviderBeanManagerConfigurer$InitializeAuthenticationProviderManagerConfigurer","message":"Global AuthenticationManager configured with AuthenticationProvider bean with name authenticationProvider","exception":""}
{"timestamp":"2026-10-06 20:54:20.485","level":"WARN","thread":"restartedMain","correlationId":"","logger":"o.s.s.c.a.a.c.InitializeUserDetailsBeanManagerConfigurer$InitializeUserDetailsManagerConfigurer","message":"Global AuthenticationManager configured with an AuthenticationProvider bean. UserDetailsService beans will not be used by Spring Security for automatically configuring username/password login. Consider removing the AuthenticationProvider bean. Alternatively, consider using the UserDetailsService in a manually instantiated DaoAuthenticationProvider. If the current configuration is intentional, to turn off this warning, increase the logging level of 'org.springframework.security.config.annotation.authentication.configuration.InitializeUserDetailsBeanManagerConfigurer' to ERROR","exception":""}
{"timestamp":"2026-10-06 20:54:22.260","level":"DEBUG","thread":"restartedMain","correlationId":"","logger":"o.s.s.web.DefaultSecurityFilterChain","message":"Will secure any request with filters: DisableEncodeUrlFilter, WebAsyncManagerIntegrationFilter, SecurityContextHolderFilter, HeaderWriterFilter, CorsFilter, LogoutFilter, JwtAuthenticationFilter, RequestCacheAwareFilter, SecurityContextHolderAwareRequestFilter, AnonymousAuthenticationFilter, SessionManagementFilter, ExceptionTranslationFilter, AuthorizationFilter","exception":""}
{"timestamp":"2026-10-06 20:54:22.470","level":"DEBUG","thread":"restartedMain","correlationId":"","logger":"o.s.w.s.m.m.a.RequestMappingHandlerMapping","message":"43 mappings in 'requestMappingHandlerMapping'","exception":""}
{"timestamp":"2026-10-06 20:54:22.521","level":"DEBUG","thread":"restartedMain","correlationId":"","logger":"o.s.w.s.h.SimpleUrlHandlerMapping","message":"Patterns [/webjars/**, /**, /swagger-ui*/*swagger-initializer.js, /swagger-ui*/**] in 'resourceHandlerMapping'","exception":""}
{"timestamp":"2026-10-06 20:54:22.574","level":"DEBUG","thread":"restartedMain","correlationId":"","logger":"o.s.w.s.m.m.a.RequestMappingHandlerAdapter","message":"ControllerAdvice beans: 0 @ModelAttribute, 0 @InitBinder, 2 RequestBodyAdvice, 1 ResponseBodyAdvice","exception":""}
{"timestamp":"2026-10-06 20:54:22.639","level":"DEBUG","thread":"restartedMain","correlationId":"","logger":"o.s.w.s.m.m.a.ExceptionHandlerExceptionResolver","message":"ControllerAdvice beans: 2 @ExceptionHandler, 1 ResponseBodyAdvice","exception":""}
{"timestamp":"2026-10-06 20:54:23.737","level":"INFO","thread":"restartedMain","correlationId":"","logger":"o.s.b.h.a.H2ConsoleAutoConfiguration","message":"H2 console available at '/h2-console'. Database available at 'jdbc:h2:mem:deliverydb'","exception":""}
{"timestamp":"2026-10-06 20:54:23.920","level":"INFO","thread":"restartedMain","correlationId":"","logger":"o.s.b.a.e.web.EndpointLinksResolver","message":"Exposing 14 endpoints beneath base path '/actuator'","exception":""}
{"timestamp":"2026-10-06 20:54:24.041","level":"INFO","thread":"restartedMain","correlationId":"","logger":"o.a.coyote.http11.Http11NioProtocol","message":"Starting ProtocolHandler ["http-nio-8080"]","exception":""}
{"timestamp":"2026-10-06 20:54:24.057","level":"INFO","thread":"restartedMain","correlationId":"","logger":"o.s.boot.tomcat.TomcatWebServer","message":"Tomcat started on port 8080 (http) with context path '/'","exception":""}
{"timestamp":"2026-10-06 20:54:24.070","level":"INFO","thread":"restartedMain","correlationId":"","logger":"c.d.d.DeliveryApiApplication","message":"Started DeliveryApiApplication in 10.072 seconds (process running for 10.649)","exception":""}
{"timestamp":"2026-10-06 20:54:35.530","level":"INFO","thread":"http-nio-8080-exec-2","correlationId":"","logger":"o.a.c.c.C.[Tomcat].[localhost].[/]","message":"Initializing Spring DispatcherServlet 'dispatcherServlet'","exception":""}
{"timestamp":"2026-10-06 20:54:35.530","level":"INFO","thread":"http-nio-8080-exec-2","correlationId":"","logger":"o.s.web.servlet.DispatcherServlet","message":"Initializing Servlet 'dispatcherServlet'","exception":""}
{"timestamp":"2026-10-06 20:54:35.530","level":"DEBUG","thread":"http-nio-8080-exec-2","correlationId":"","logger":"o.s.web.servlet.DispatcherServlet","message":"Detected StandardServletMultipartResolver","exception":""}
{"timestamp":"2026-10-06 20:54:35.530","level":"DEBUG","thread":"http-nio-8080-exec-2","correlationId":"","logger":"o.s.web.servlet.DispatcherServlet","message":"Detected AcceptHeaderLocaleResolver","exception":""}
{"timestamp":"2026-10-06 20:54:35.532","level":"DEBUG","thread":"http-nio-8080-exec-2","correlationId":"","logger":"o.s.web.servlet.DispatcherServlet","message":"Detected org.springframework.web.servlet.view.DefaultRequestToViewNameTranslator@3d07cdaa","exception":""}
{"timestamp":"2026-10-06 20:54:35.534","level":"DEBUG","thread":"http-nio-8080-exec-2","correlationId":"","logger":"o.s.web.servlet.DispatcherServlet","message":"Detected org.springframework.web.servlet.support.SessionFlashMapManager@4b5bfb45","exception":""}
{"timestamp":"2026-10-06 20:54:35.534","level":"DEBUG","thread":"http-nio-8080-exec-2","correlationId":"","logger":"o.s.web.servlet.DispatcherServlet","message":"enableLoggingRequestDetails='false': request parameters and headers will be masked to prevent unsafe logging of potentially sensitive data","exception":""}
{"timestamp":"2026-10-06 20:54:35.534","level":"INFO","thread":"http-nio-8080-exec-2","correlationId":"","logger":"o.s.web.servlet.DispatcherServlet","message":"Completed initialization in 4 ms","exception":""}
{"timestamp":"2026-10-06 20:54:35.571","level":"DEBUG","thread":"http-nio-8080-exec-2","correlationId":"","logger":"o.s.security.web.FilterChainProxy","message":"Securing GET /actuator/health","exception":""}
{"timestamp":"2026-10-06 20:54:35.597","level":"WARN","thread":"http-nio-8080-exec-2","correlationId":"","logger":"c.d.d.s.JwtAuthenticationFilter","message":"JWT Token não começa com Bearer String","exception":""}
{"timestamp":"2026-10-06 20:54:35.605","level":"DEBUG","thread":"http-nio-8080-exec-2","correlationId":"","logger":"o.s.s.w.a.AnonymousAuthenticationFilter","message":"Set SecurityContextHolder to anonymous SecurityContext","exception":""}
{"timestamp":"2026-10-06 20:54:35.621","level":"DEBUG","thread":"http-nio-8080-exec-2","correlationId":"","logger":"o.s.security.web.FilterChainProxy","message":"Secured GET /actuator/health","exception":""}
{"timestamp":"2026-10-06 20:54:35.638","level":"DEBUG","thread":"http-nio-8080-exec-2","correlationId":"eb2665bb4dd44616","logger":"o.s.web.servlet.DispatcherServlet","message":"GET "/actuator/health", parameters={}","exception":""}
{"timestamp":"2026-10-06 20:54:35.659","level":"DEBUG","thread":"http-nio-8080-exec-2","correlationId":"eb2665bb4dd44616","logger":"o.s.w.s.m.m.a.RequestResponseBodyMethodProcessor","message":"Read "application/octet-stream" to []","exception":""}
{"timestamp":"2026-10-06 20:54:35.703","level":"DEBUG","thread":"http-nio-8080-exec-2","correlationId":"eb2665bb4dd44616","logger":"o.s.web.client.RestTemplate","message":"HTTP GET https://httpbin.org/status/200","exception":""}
{"timestamp":"2026-10-06 20:54:35.712","level":"DEBUG","thread":"http-nio-8080-exec-2","correlationId":"eb2665bb4dd44616","logger":"o.s.web.client.RestTemplate","message":"Accept=[text/plain, application/json, application/yaml, application/*+json, */*]","exception":""}
{"timestamp":"2026-10-06 20:54:36.453","level":"DEBUG","thread":"http-nio-8080-exec-2","correlationId":"eb2665bb4dd44616","logger":"o.s.web.client.RestTemplate","message":"Response 200 OK","exception":""}
{"timestamp":"2026-10-06 20:54:36.678","level":"WARN","thread":"AsyncReporter{ZipkinHttpClientSender{http://localhost:9411/api/v2/spans}}","correlationId":"","logger":"z.r.i.AsyncReporter$BoundedAsyncReporter","message":"Spans were dropped due to exceptions. All subsequent errors will be logged at FINE level.","exception":""}
{"timestamp":"2026-10-06 20:54:36.678","level":"WARN","thread":"AsyncReporter{ZipkinHttpClientSender{http://localhost:9411/api/v2/spans}}","correlationId":"","logger":"z.r.i.AsyncReporter$BoundedAsyncReporter","message":"Dropped 2 spans due to ConnectException()","exception":"java.net.ConnectException
	at java.net.http/jdk.internal.net.http.HttpClientImpl.send(HttpClientImpl.java:955)
	at java.net.http/jdk.internal.net.http.HttpClientFacade.send(HttpClientFacade.java:133)
	at org.springframework.boot.zipkin.autoconfigure.ZipkinHttpClientSender.postSpans(ZipkinHttpClientSender.java:59)
	at org.springframework.boot.zipkin.autoconfigure.HttpSender.postSpans(HttpSender.java:69)
	at org.springframework.boot.zipkin.autoconfigure.HttpSender.postSpans(HttpSender.java:41)
	at zipkin2.reporter.BaseHttpSender.send(BaseHttpSender.java:123)
	at zipkin2.reporter.internal.AsyncReporter$BoundedAsyncReporter.flush(AsyncReporter.java:266)
	at zipkin2.reporter.internal.AsyncReporter$Flusher.run(AsyncReporter.java:352)
	at java.base/java.lang.Thread.run(Thread.java:1583)
Caused by: java.net.ConnectException
	at java.net.http/jdk.internal.net.http.common.Utils.toConnectException(Utils.java:1065)
	at java.net.http/jdk.internal.net.http.PlainHttpConnection.connectAsync(PlainHttpConnection.java:227)
	at java.net.http/jdk.internal.net.http.PlainHttpConnection.checkRetryConnect(PlainHttpConnection.java:280)
	at java.net.http/jdk.internal.net.http.PlainHttpConnection.lambda$connectAsync$2(PlainHttpConnection.java:238)
	at java.base/java.util.concurrent.CompletableFuture.uniHandle(CompletableFuture.java:934)
	at java.base/java.util.concurrent.CompletableFuture$UniHandle.tryFire(CompletableFuture.java:911)
	at java.base/java.util.concurrent.CompletableFuture.postComplete(CompletableFuture.java:510)
	at java.base/java.util.concurrent.CompletableFuture$AsyncSupply.run(CompletableFuture.java:1773)
	at java.base/java.util.concurrent.ThreadPoolExecutor.runWorker(ThreadPoolExecutor.java:1144)
	at java.base/java.util.concurrent.ThreadPoolExecutor$Worker.run(ThreadPoolExecutor.java:642)
	... 1 common frames omitted
Caused by: java.nio.channels.ClosedChannelException
	at java.base/sun.nio.ch.SocketChannelImpl.ensureOpen(SocketChannelImpl.java:202)
	at java.base/sun.nio.ch.SocketChannelImpl.beginConnect(SocketChannelImpl.java:786)
	at java.base/sun.nio.ch.SocketChannelImpl.connect(SocketChannelImpl.java:874)
	at java.net.http/jdk.internal.net.http.PlainHttpConnection.lambda$connectAsync$1(PlainHttpConnection.java:210)
	at java.base/java.security.AccessController.doPrivileged(AccessController.java:571)
	at java.net.http/jdk.internal.net.http.PlainHttpConnection.connectAsync(PlainHttpConnection.java:212)
	... 9 common frames omitted
"}
{"timestamp":"2026-10-06 20:54:36.965","level":"WARN","thread":"boundedElastic-1","correlationId":"","logger":"o.s.b.d.r.h.DataRedisReactiveHealthIndicator","message":"Redis health check failed","exception":"org.springframework.data.redis.RedisConnectionFailureException: Unable to connect to Redis
	at org.springframework.data.redis.connection.lettuce.LettuceConnectionFactory$ExceptionTranslatingConnectionProvider.translateException(LettuceConnectionFactory.java:1873)
	at org.springframework.data.redis.connection.lettuce.LettuceConnectionFactory$ExceptionTranslatingConnectionProvider.getConnection(LettuceConnectionFactory.java:1804)
	at org.springframework.data.redis.connection.lettuce.LettuceConnectionFactory$SharedConnection.getNativeConnection(LettuceConnectionFactory.java:1601)
	at org.springframework.data.redis.connection.lettuce.LettuceConnectionFactory$SharedConnection.lambda$getConnection$0(LettuceConnectionFactory.java:1581)
	at org.springframework.data.redis.connection.lettuce.LettuceConnectionFactory.doInLock(LettuceConnectionFactory.java:1542)
	at org.springframework.data.redis.connection.lettuce.LettuceConnectionFactory$SharedConnection.getConnection(LettuceConnectionFactory.java:1578)
	at org.springframework.data.redis.connection.lettuce.LettuceConnectionFactory.getSharedReactiveConnection(LettuceConnectionFactory.java:1283)
	at org.springframework.data.redis.connection.lettuce.LettuceConnectionFactory.getReactiveConnection(LettuceConnectionFactory.java:1153)
	at org.springframework.data.redis.connection.lettuce.LettuceConnectionFactory.getReactiveConnection(LettuceConnectionFactory.java:122)
	at reactor.core.publisher.MonoSupplier.call(MonoSupplier.java:63)
	at reactor.core.publisher.FluxSubscribeOnCallable$CallableSubscribeOnSubscription.run(FluxSubscribeOnCallable.java:228)
	at reactor.core.scheduler.SchedulerTask.call(SchedulerTask.java:72)
	at reactor.core.scheduler.SchedulerTask.call(SchedulerTask.java:28)
	at java.base/java.util.concurrent.FutureTask.run(FutureTask.java:317)
	at java.base/java.util.concurrent.ScheduledThreadPoolExecutor$ScheduledFutureTask.run(ScheduledThreadPoolExecutor.java:304)
	at java.base/java.util.concurrent.ThreadPoolExecutor.runWorker(ThreadPoolExecutor.java:1144)
	at java.base/java.util.concurrent.ThreadPoolExecutor$Worker.run(ThreadPoolExecutor.java:642)
	at java.base/java.lang.Thread.run(Thread.java:1583)
Caused by: io.lettuce.core.RedisConnectionException: Unable to connect to localhost/<unresolved>:6379
	at io.lettuce.core.RedisConnectionException.create(RedisConnectionException.java:63)
	at io.lettuce.core.RedisConnectionException.create(RedisConnectionException.java:41)
	at io.lettuce.core.AbstractRedisClient.getConnection(AbstractRedisClient.java:315)
	at io.lettuce.core.RedisClient.connect(RedisClient.java:220)
	at org.springframework.data.redis.connection.lettuce.StandaloneConnectionProvider.lambda$getConnection$1(StandaloneConnectionProvider.java:113)
	at java.base/java.util.Optional.orElseGet(Optional.java:364)
	at org.springframework.data.redis.connection.lettuce.StandaloneConnectionProvider.getConnection(StandaloneConnectionProvider.java:113)
	at org.springframework.data.redis.connection.lettuce.LettuceConnectionFactory$ExceptionTranslatingConnectionProvider.getConnection(LettuceConnectionFactory.java:1802)
	... 16 common frames omitted
Caused by: io.netty.channel.AbstractChannel$AnnotatedConnectException: Connection refused: getsockopt: localhost/127.0.0.1:6379
Caused by: java.net.ConnectException: Connection refused: getsockopt
	at java.base/sun.nio.ch.Net.pollConnect(Native Method)
	at java.base/sun.nio.ch.Net.pollConnectNow(Net.java:690)
	at java.base/sun.nio.ch.SocketChannelImpl.finishConnect(SocketChannelImpl.java:973)
	at io.netty.channel.socket.nio.NioSocketChannel.doFinishConnect(NioSocketChannel.java:330)
	at io.netty.channel.nio.AbstractNioChannel$AbstractNioUnsafe.finishConnect(AbstractNioChannel.java:384)
	at io.netty.channel.nio.AbstractNioChannel$AbstractNioUnsafe.handle(AbstractNioChannel.java:432)
	at io.netty.channel.nio.NioIoHandler$DefaultNioRegistration.handle(NioIoHandler.java:388)
	at io.netty.channel.nio.NioIoHandler.processSelectedKey(NioIoHandler.java:596)
	at io.netty.channel.nio.NioIoHandler.processSelectedKeysOptimized(NioIoHandler.java:571)
	at io.netty.channel.nio.NioIoHandler.processSelectedKeys(NioIoHandler.java:512)
	at io.netty.channel.nio.NioIoHandler.run(NioIoHandler.java:484)
	at io.netty.channel.SingleThreadIoEventLoop.runIo(SingleThreadIoEventLoop.java:225)
	at io.netty.channel.SingleThreadIoEventLoop.run(SingleThreadIoEventLoop.java:196)
	at io.netty.util.concurrent.SingleThreadEventExecutor$5.run(SingleThreadEventExecutor.java:1204)
	at io.netty.util.internal.ThreadExecutorMap$2.run(ThreadExecutorMap.java:74)
	at io.netty.util.concurrent.FastThreadLocalRunnable.run(FastThreadLocalRunnable.java:30)
	at java.base/java.lang.Thread.run(Thread.java:1583)
"}
{"timestamp":"2026-10-06 20:54:36.973","level":"DEBUG","thread":"http-nio-8080-exec-2","correlationId":"eb2665bb4dd44616","logger":"o.s.w.s.m.m.a.HttpEntityMethodProcessor","message":"Using 'application/vnd.spring-boot.actuator.v3+json', given [*/*] and supported [application/vnd.spring-boot.actuator.v3+json, application/vnd.spring-boot.actuator.v2+json, application/json]","exception":""}
{"timestamp":"2026-10-06 20:54:36.973","level":"DEBUG","thread":"http-nio-8080-exec-2","correlationId":"eb2665bb4dd44616","logger":"o.s.w.s.m.m.a.HttpEntityMethodProcessor","message":"Writing [org.springframework.boot.health.actuate.endpoint.SystemHealthDescriptor@18355c74]","exception":""}
{"timestamp":"2026-10-06 20:54:37.080","level":"DEBUG","thread":"http-nio-8080-exec-2","correlationId":"eb2665bb4dd44616","logger":"o.s.web.servlet.DispatcherServlet","message":"Completed 503 SERVICE_UNAVAILABLE","exception":""}
{"timestamp":"2026-10-06 20:55:25.905","level":"DEBUG","thread":"http-nio-8080-exec-3","correlationId":"","logger":"o.s.security.web.FilterChainProxy","message":"Securing GET /actuator/health","exception":""}
{"timestamp":"2026-10-06 20:55:25.914","level":"WARN","thread":"http-nio-8080-exec-3","correlationId":"","logger":"c.d.d.s.JwtAuthenticationFilter","message":"JWT Token não começa com Bearer String","exception":""}
{"timestamp":"2026-10-06 20:55:25.915","level":"DEBUG","thread":"http-nio-8080-exec-3","correlationId":"","logger":"o.s.s.w.a.AnonymousAuthenticationFilter","message":"Set SecurityContextHolder to anonymous SecurityContext","exception":""}
{"timestamp":"2026-10-06 20:55:25.917","level":"DEBUG","thread":"http-nio-8080-exec-3","correlationId":"","logger":"o.s.security.web.FilterChainProxy","message":"Secured GET /actuator/health","exception":""}
{"timestamp":"2026-10-06 20:55:25.917","level":"DEBUG","thread":"http-nio-8080-exec-3","correlationId":"f22cdb06cd4540f5","logger":"o.s.web.servlet.DispatcherServlet","message":"GET "/actuator/health", parameters={}","exception":""}
{"timestamp":"2026-10-06 20:55:25.917","level":"DEBUG","thread":"http-nio-8080-exec-3","correlationId":"f22cdb06cd4540f5","logger":"o.s.w.s.m.m.a.RequestResponseBodyMethodProcessor","message":"Read "application/octet-stream" to []","exception":""}
{"timestamp":"2026-10-06 20:55:25.917","level":"DEBUG","thread":"http-nio-8080-exec-3","correlationId":"f22cdb06cd4540f5","logger":"o.s.web.client.RestTemplate","message":"HTTP GET https://httpbin.org/status/200","exception":""}
{"timestamp":"2026-10-06 20:55:25.917","level":"DEBUG","thread":"http-nio-8080-exec-3","correlationId":"f22cdb06cd4540f5","logger":"o.s.web.client.RestTemplate","message":"Accept=[text/plain, application/json, application/yaml, application/*+json, */*]","exception":""}
{"timestamp":"2026-10-06 20:55:26.386","level":"DEBUG","thread":"http-nio-8080-exec-3","correlationId":"f22cdb06cd4540f5","logger":"o.s.web.client.RestTemplate","message":"Response 200 OK","exception":""}
{"timestamp":"2026-10-06 20:55:26.391","level":"WARN","thread":"boundedElastic-1","correlationId":"","logger":"o.s.b.d.r.h.DataRedisReactiveHealthIndicator","message":"Redis health check failed","exception":"org.springframework.data.redis.RedisConnectionFailureException: Unable to connect to Redis
	at org.springframework.data.redis.connection.lettuce.LettuceConnectionFactory$ExceptionTranslatingConnectionProvider.translateException(LettuceConnectionFactory.java:1873)
	at org.springframework.data.redis.connection.lettuce.LettuceConnectionFactory$ExceptionTranslatingConnectionProvider.getConnection(LettuceConnectionFactory.java:1804)
	at org.springframework.data.redis.connection.lettuce.LettuceConnectionFactory$SharedConnection.getNativeConnection(LettuceConnectionFactory.java:1601)
	at org.springframework.data.redis.connection.lettuce.LettuceConnectionFactory$SharedConnection.lambda$getConnection$0(LettuceConnectionFactory.java:1581)
	at org.springframework.data.redis.connection.lettuce.LettuceConnectionFactory.doInLock(LettuceConnectionFactory.java:1542)
	at org.springframework.data.redis.connection.lettuce.LettuceConnectionFactory$SharedConnection.getConnection(LettuceConnectionFactory.java:1578)
	at org.springframework.data.redis.connection.lettuce.LettuceConnectionFactory.getSharedReactiveConnection(LettuceConnectionFactory.java:1283)
	at org.springframework.data.redis.connection.lettuce.LettuceConnectionFactory.getReactiveConnection(LettuceConnectionFactory.java:1153)
	at org.springframework.data.redis.connection.lettuce.LettuceConnectionFactory.getReactiveConnection(LettuceConnectionFactory.java:122)
	at reactor.core.publisher.MonoSupplier.call(MonoSupplier.java:63)
	at reactor.core.publisher.FluxSubscribeOnCallable$CallableSubscribeOnSubscription.run(FluxSubscribeOnCallable.java:228)
	at reactor.core.scheduler.SchedulerTask.call(SchedulerTask.java:72)
	at reactor.core.scheduler.SchedulerTask.call(SchedulerTask.java:28)
	at java.base/java.util.concurrent.FutureTask.run(FutureTask.java:317)
	at java.base/java.util.concurrent.ScheduledThreadPoolExecutor$ScheduledFutureTask.run(ScheduledThreadPoolExecutor.java:304)
	at java.base/java.util.concurrent.ThreadPoolExecutor.runWorker(ThreadPoolExecutor.java:1144)
	at java.base/java.util.concurrent.ThreadPoolExecutor$Worker.run(ThreadPoolExecutor.java:642)
	at java.base/java.lang.Thread.run(Thread.java:1583)
Caused by: io.lettuce.core.RedisConnectionException: Unable to connect to localhost/<unresolved>:6379
	at io.lettuce.core.RedisConnectionException.create(RedisConnectionException.java:63)
	at io.lettuce.core.RedisConnectionException.create(RedisConnectionException.java:41)
	at io.lettuce.core.AbstractRedisClient.getConnection(AbstractRedisClient.java:315)
	at io.lettuce.core.RedisClient.connect(RedisClient.java:220)
	at org.springframework.data.redis.connection.lettuce.StandaloneConnectionProvider.lambda$getConnection$1(StandaloneConnectionProvider.java:113)
	at java.base/java.util.Optional.orElseGet(Optional.java:364)
	at org.springframework.data.redis.connection.lettuce.StandaloneConnectionProvider.getConnection(StandaloneConnectionProvider.java:113)
	at org.springframework.data.redis.connection.lettuce.LettuceConnectionFactory$ExceptionTranslatingConnectionProvider.getConnection(LettuceConnectionFactory.java:1802)
	... 16 common frames omitted
Caused by: io.netty.channel.AbstractChannel$AnnotatedConnectException: Connection refused: getsockopt: localhost/127.0.0.1:6379
Caused by: java.net.ConnectException: Connection refused: getsockopt
	at java.base/sun.nio.ch.Net.pollConnect(Native Method)
	at java.base/sun.nio.ch.Net.pollConnectNow(Net.java:690)
	at java.base/sun.nio.ch.SocketChannelImpl.finishConnect(SocketChannelImpl.java:973)
	at io.netty.channel.socket.nio.NioSocketChannel.doFinishConnect(NioSocketChannel.java:330)
	at io.netty.channel.nio.AbstractNioChannel$AbstractNioUnsafe.finishConnect(AbstractNioChannel.java:384)
	at io.netty.channel.nio.AbstractNioChannel$AbstractNioUnsafe.handle(AbstractNioChannel.java:432)
	at io.netty.channel.nio.NioIoHandler$DefaultNioRegistration.handle(NioIoHandler.java:388)
	at io.netty.channel.nio.NioIoHandler.processSelectedKey(NioIoHandler.java:596)
	at io.netty.channel.nio.NioIoHandler.processSelectedKeysOptimized(NioIoHandler.java:571)
	at io.netty.channel.nio.NioIoHandler.processSelectedKeys(NioIoHandler.java:512)
	at io.netty.channel.nio.NioIoHandler.run(NioIoHandler.java:484)
	at io.netty.channel.SingleThreadIoEventLoop.runIo(SingleThreadIoEventLoop.java:225)
	at io.netty.channel.SingleThreadIoEventLoop.run(SingleThreadIoEventLoop.java:196)
	at io.netty.util.concurrent.SingleThreadEventExecutor$5.run(SingleThreadEventExecutor.java:1204)
	at io.netty.util.internal.ThreadExecutorMap$2.run(ThreadExecutorMap.java:74)
	at io.netty.util.concurrent.FastThreadLocalRunnable.run(FastThreadLocalRunnable.java:30)
	at java.base/java.lang.Thread.run(Thread.java:1583)
"}
{"timestamp":"2026-10-06 20:55:26.391","level":"DEBUG","thread":"http-nio-8080-exec-3","correlationId":"f22cdb06cd4540f5","logger":"o.s.w.s.m.m.a.HttpEntityMethodProcessor","message":"Using 'application/vnd.spring-boot.actuator.v3+json', given [*/*] and supported [application/vnd.spring-boot.actuator.v3+json, application/vnd.spring-boot.actuator.v2+json, application/json]","exception":""}
{"timestamp":"2026-10-06 20:55:26.391","level":"DEBUG","thread":"http-nio-8080-exec-3","correlationId":"f22cdb06cd4540f5","logger":"o.s.w.s.m.m.a.HttpEntityMethodProcessor","message":"Writing [org.springframework.boot.health.actuate.endpoint.SystemHealthDescriptor@7be2d9f1]","exception":""}
{"timestamp":"2026-10-06 20:55:26.391","level":"DEBUG","thread":"http-nio-8080-exec-3","correlationId":"f22cdb06cd4540f5","logger":"o.s.web.servlet.DispatcherServlet","message":"Completed 503 SERVICE_UNAVAILABLE","exception":""}
{"timestamp":"2026-10-06 20:55:44.115","level":"INFO","thread":"File Watcher","correlationId":"","logger":"o.s.b.d.a.LocalDevToolsAutoConfiguration$RestartingClassPathChangeChangedEventListener","message":"Restarting due to 1 class path change (0 additions, 0 deletions, 1 modification)","exception":""}
{"timestamp":"2026-10-06 20:55:44.115","level":"INFO","thread":"Thread-1","correlationId":"","logger":"o.s.boot.tomcat.GracefulShutdown","message":"Commencing graceful shutdown. Waiting for active requests to complete","exception":""}
{"timestamp":"2026-10-06 20:55:44.115","level":"INFO","thread":"tomcat-shutdown","correlationId":"","logger":"o.a.coyote.http11.Http11NioProtocol","message":"Pausing ProtocolHandler ["http-nio-8080"]","exception":""}
{"timestamp":"2026-10-06 20:55:44.131","level":"INFO","thread":"tomcat-shutdown","correlationId":"","logger":"o.s.boot.tomcat.GracefulShutdown","message":"Graceful shutdown complete","exception":""}
{"timestamp":"2026-10-06 20:55:44.132","level":"INFO","thread":"Thread-1","correlationId":"","logger":"o.a.coyote.http11.Http11NioProtocol","message":"Stopping ProtocolHandler ["http-nio-8080"]","exception":""}
{"timestamp":"2026-10-06 20:55:44.148","level":"INFO","thread":"Thread-1","correlationId":"","logger":"o.s.o.j.LocalContainerEntityManagerFactoryBean","message":"Closing JPA EntityManagerFactory for persistence unit 'default'","exception":""}
{"timestamp":"2026-10-06 20:55:44.165","level":"WARN","thread":"Thread-1","correlationId":"","logger":"o.s.b.f.s.DisposableBeanAdapter","message":"Invocation of destroy method failed on bean with name 'inMemoryDatabaseShutdownExecutor': org.h2.jdbc.JdbcSQLNonTransientConnectionException: Database is already closed (to disable automatic closing at VM shutdown, add ";DB_CLOSE_ON_EXIT=FALSE" to the db URL) [90121-240]","exception":""}
{"timestamp":"2026-10-06 20:55:44.167","level":"INFO","thread":"Thread-1","correlationId":"","logger":"com.zaxxer.hikari.HikariDataSource","message":"HikariPool-1 - Shutdown initiated...","exception":""}
{"timestamp":"2026-10-06 20:55:44.167","level":"INFO","thread":"Thread-1","correlationId":"","logger":"com.zaxxer.hikari.HikariDataSource","message":"HikariPool-1 - Shutdown completed.","exception":""}
{"timestamp":"2026-10-06 20:55:44.432","level":"ERROR","thread":"restartedMain","correlationId":"","logger":"o.s.boot.SpringApplication","message":"Application run failed","exception":"while constructing a mapping
 in 'reader', line 16, column 3:
      health:
      ^
found duplicate key health
 in 'reader', line 37, column 3:
      health:
      ^

	at org.yaml.snakeyaml.constructor.SafeConstructor.processDuplicateKeys(SafeConstructor.java:119)
	at org.yaml.snakeyaml.constructor.SafeConstructor.flattenMapping(SafeConstructor.java:71)
	at org.yaml.snakeyaml.constructor.SafeConstructor.flattenMapping(SafeConstructor.java:66)
	at org.yaml.snakeyaml.constructor.SafeConstructor.constructMapping2ndStep(SafeConstructor.java:204)
	at org.yaml.snakeyaml.constructor.BaseConstructor.constructMapping(BaseConstructor.java:553)
	at org.yaml.snakeyaml.constructor.SafeConstructor$ConstructYamlMap.construct(SafeConstructor.java:592)
	at org.yaml.snakeyaml.constructor.BaseConstructor.constructObjectNoCheck(BaseConstructor.java:265)
	at org.yaml.snakeyaml.constructor.BaseConstructor.constructObject(BaseConstructor.java:248)
	at org.springframework.boot.env.OriginTrackedYamlLoader$OriginTrackingConstructor.constructObject(OriginTrackedYamlLoader.java:120)
	at org.yaml.snakeyaml.constructor.BaseConstructor.constructMapping2ndStep(BaseConstructor.java:577)
	at org.yaml.snakeyaml.constructor.SafeConstructor.constructMapping2ndStep(SafeConstructor.java:205)
	at org.yaml.snakeyaml.constructor.BaseConstructor.constructMapping(BaseConstructor.java:553)
	at org.yaml.snakeyaml.constructor.SafeConstructor$ConstructYamlMap.construct(SafeConstructor.java:592)
	at org.yaml.snakeyaml.constructor.BaseConstructor.constructObjectNoCheck(BaseConstructor.java:265)
	at org.yaml.snakeyaml.constructor.BaseConstructor.constructObject(BaseConstructor.java:248)
	at org.springframework.boot.env.OriginTrackedYamlLoader$OriginTrackingConstructor.constructObject(OriginTrackedYamlLoader.java:120)
	at org.yaml.snakeyaml.constructor.BaseConstructor.constructDocument(BaseConstructor.java:202)
	at org.yaml.snakeyaml.constructor.BaseConstructor.getData(BaseConstructor.java:167)
	at org.springframework.boot.env.OriginTrackedYamlLoader$OriginTrackingConstructor.getData(OriginTrackedYamlLoader.java:100)
	at org.yaml.snakeyaml.Yaml$1.next(Yaml.java:530)
	at org.springframework.beans.factory.config.YamlProcessor.process(YamlProcessor.java:203)
	at org.springframework.beans.factory.config.YamlProcessor.process(YamlProcessor.java:169)
	at org.springframework.boot.env.OriginTrackedYamlLoader.load(OriginTrackedYamlLoader.java:85)
	at org.springframework.boot.env.YamlPropertySourceLoader.load(YamlPropertySourceLoader.java:50)
	at org.springframework.boot.env.PropertySourceLoader.load(PropertySourceLoader.java:71)
	at org.springframework.boot.context.config.StandardConfigDataLoader.load(StandardConfigDataLoader.java:55)
	at org.springframework.boot.context.config.StandardConfigDataLoader.load(StandardConfigDataLoader.java:36)
	at org.springframework.boot.context.config.ConfigDataLoaders.load(ConfigDataLoaders.java:100)
	at org.springframework.boot.context.config.ConfigDataImporter.load(ConfigDataImporter.java:133)
	at org.springframework.boot.context.config.ConfigDataImporter.resolveAndLoad(ConfigDataImporter.java:88)
	at org.springframework.boot.context.config.ConfigDataEnvironmentContributors.withProcessedImports(ConfigDataEnvironmentContributors.java:130)
	at org.springframework.boot.context.config.ConfigDataEnvironment.processInitial(ConfigDataEnvironment.java:253)
	at org.springframework.boot.context.config.ConfigDataEnvironment.processAndApply(ConfigDataEnvironment.java:240)
	at org.springframework.boot.context.config.ConfigDataEnvironmentPostProcessor.postProcessEnvironment(ConfigDataEnvironmentPostProcessor.java:97)
	at org.springframework.boot.context.config.ConfigDataEnvironmentPostProcessor.postProcessEnvironment(ConfigDataEnvironmentPostProcessor.java:90)
	at org.springframework.boot.support.EnvironmentPostProcessorApplicationListener.onApplicationEnvironmentPreparedEvent(EnvironmentPostProcessorApplicationListener.java:137)
	at org.springframework.boot.support.EnvironmentPostProcessorApplicationListener.onApplicationEvent(EnvironmentPostProcessorApplicationListener.java:120)
	at org.springframework.context.event.SimpleApplicationEventMulticaster.doInvokeListener(SimpleApplicationEventMulticaster.java:180)
	at org.springframework.context.event.SimpleApplicationEventMulticaster.invokeListener(SimpleApplicationEventMulticaster.java:173)
	at org.springframework.context.event.SimpleApplicationEventMulticaster.multicastEvent(SimpleApplicationEventMulticaster.java:151)
	at org.springframework.context.event.SimpleApplicationEventMulticaster.multicastEvent(SimpleApplicationEventMulticaster.java:133)
	at org.springframework.boot.context.event.EventPublishingRunListener.multicastInitialEvent(EventPublishingRunListener.java:137)
	at org.springframework.boot.context.event.EventPublishingRunListener.environmentPrepared(EventPublishingRunListener.java:82)
	at org.springframework.boot.SpringApplicationRunListeners.lambda$environmentPrepared$0(SpringApplicationRunListeners.java:66)
	at java.base/java.lang.Iterable.forEach(Iterable.java:75)
	at org.springframework.boot.SpringApplicationRunListeners.doWithListeners(SpringApplicationRunListeners.java:123)
	at org.springframework.boot.SpringApplicationRunListeners.doWithListeners(SpringApplicationRunListeners.java:117)
	at org.springframework.boot.SpringApplicationRunListeners.environmentPrepared(SpringApplicationRunListeners.java:65)
	at org.springframework.boot.SpringApplication.prepareEnvironment(SpringApplication.java:356)
	at org.springframework.boot.SpringApplication.run(SpringApplication.java:316)
	at org.springframework.boot.SpringApplication.run(SpringApplication.java:1365)
	at org.springframework.boot.SpringApplication.run(SpringApplication.java:1354)
	at com.delivery.delivery_api.DeliveryApiApplication.main(DeliveryApiApplication.java:12)
	at java.base/jdk.internal.reflect.DirectMethodHandleAccessor.invoke(DirectMethodHandleAccessor.java:103)
	at java.base/java.lang.reflect.Method.invoke(Method.java:580)
	at org.springframework.boot.devtools.restart.RestartLauncher.run(RestartLauncher.java:52)
"}
{"timestamp":"2026-10-06 20:55:53.051","level":"ERROR","thread":"restartedMain","correlationId":"","logger":"o.s.boot.SpringApplication","message":"Application run failed","exception":"while constructing a mapping
 in 'reader', line 16, column 3:
      health:
      ^
found duplicate key health
 in 'reader', line 37, column 3:
      health:
      ^

	at org.yaml.snakeyaml.constructor.SafeConstructor.processDuplicateKeys(SafeConstructor.java:119)
	at org.yaml.snakeyaml.constructor.SafeConstructor.flattenMapping(SafeConstructor.java:71)
	at org.yaml.snakeyaml.constructor.SafeConstructor.flattenMapping(SafeConstructor.java:66)
	at org.yaml.snakeyaml.constructor.SafeConstructor.constructMapping2ndStep(SafeConstructor.java:204)
	at org.yaml.snakeyaml.constructor.BaseConstructor.constructMapping(BaseConstructor.java:553)
	at org.yaml.snakeyaml.constructor.SafeConstructor$ConstructYamlMap.construct(SafeConstructor.java:592)
	at org.yaml.snakeyaml.constructor.BaseConstructor.constructObjectNoCheck(BaseConstructor.java:265)
	at org.yaml.snakeyaml.constructor.BaseConstructor.constructObject(BaseConstructor.java:248)
	at org.springframework.boot.env.OriginTrackedYamlLoader$OriginTrackingConstructor.constructObject(OriginTrackedYamlLoader.java:120)
	at org.yaml.snakeyaml.constructor.BaseConstructor.constructMapping2ndStep(BaseConstructor.java:577)
	at org.yaml.snakeyaml.constructor.SafeConstructor.constructMapping2ndStep(SafeConstructor.java:205)
	at org.yaml.snakeyaml.constructor.BaseConstructor.constructMapping(BaseConstructor.java:553)
	at org.yaml.snakeyaml.constructor.SafeConstructor$ConstructYamlMap.construct(SafeConstructor.java:592)
	at org.yaml.snakeyaml.constructor.BaseConstructor.constructObjectNoCheck(BaseConstructor.java:265)
	at org.yaml.snakeyaml.constructor.BaseConstructor.constructObject(BaseConstructor.java:248)
	at org.springframework.boot.env.OriginTrackedYamlLoader$OriginTrackingConstructor.constructObject(OriginTrackedYamlLoader.java:120)
	at org.yaml.snakeyaml.constructor.BaseConstructor.constructDocument(BaseConstructor.java:202)
	at org.yaml.snakeyaml.constructor.BaseConstructor.getData(BaseConstructor.java:167)
	at org.springframework.boot.env.OriginTrackedYamlLoader$OriginTrackingConstructor.getData(OriginTrackedYamlLoader.java:100)
	at org.yaml.snakeyaml.Yaml$1.next(Yaml.java:530)
	at org.springframework.beans.factory.config.YamlProcessor.process(YamlProcessor.java:203)
	at org.springframework.beans.factory.config.YamlProcessor.process(YamlProcessor.java:169)
	at org.springframework.boot.env.OriginTrackedYamlLoader.load(OriginTrackedYamlLoader.java:85)
	at org.springframework.boot.env.YamlPropertySourceLoader.load(YamlPropertySourceLoader.java:50)
	at org.springframework.boot.env.PropertySourceLoader.load(PropertySourceLoader.java:71)
	at org.springframework.boot.context.config.StandardConfigDataLoader.load(StandardConfigDataLoader.java:55)
	at org.springframework.boot.context.config.StandardConfigDataLoader.load(StandardConfigDataLoader.java:36)
	at org.springframework.boot.context.config.ConfigDataLoaders.load(ConfigDataLoaders.java:100)
	at org.springframework.boot.context.config.ConfigDataImporter.load(ConfigDataImporter.java:133)
	at org.springframework.boot.context.config.ConfigDataImporter.resolveAndLoad(ConfigDataImporter.java:88)
	at org.springframework.boot.context.config.ConfigDataEnvironmentContributors.withProcessedImports(ConfigDataEnvironmentContributors.java:130)
	at org.springframework.boot.context.config.ConfigDataEnvironment.processInitial(ConfigDataEnvironment.java:253)
	at org.springframework.boot.context.config.ConfigDataEnvironment.processAndApply(ConfigDataEnvironment.java:240)
	at org.springframework.boot.context.config.ConfigDataEnvironmentPostProcessor.postProcessEnvironment(ConfigDataEnvironmentPostProcessor.java:97)
	at org.springframework.boot.context.config.ConfigDataEnvironmentPostProcessor.postProcessEnvironment(ConfigDataEnvironmentPostProcessor.java:90)
	at org.springframework.boot.support.EnvironmentPostProcessorApplicationListener.onApplicationEnvironmentPreparedEvent(EnvironmentPostProcessorApplicationListener.java:137)
	at org.springframework.boot.support.EnvironmentPostProcessorApplicationListener.onApplicationEvent(EnvironmentPostProcessorApplicationListener.java:120)
	at org.springframework.context.event.SimpleApplicationEventMulticaster.doInvokeListener(SimpleApplicationEventMulticaster.java:180)
	at org.springframework.context.event.SimpleApplicationEventMulticaster.invokeListener(SimpleApplicationEventMulticaster.java:173)
	at org.springframework.context.event.SimpleApplicationEventMulticaster.multicastEvent(SimpleApplicationEventMulticaster.java:151)
	at org.springframework.context.event.SimpleApplicationEventMulticaster.multicastEvent(SimpleApplicationEventMulticaster.java:133)
	at org.springframework.boot.context.event.EventPublishingRunListener.multicastInitialEvent(EventPublishingRunListener.java:137)
	at org.springframework.boot.context.event.EventPublishingRunListener.environmentPrepared(EventPublishingRunListener.java:82)
	at org.springframework.boot.SpringApplicationRunListeners.lambda$environmentPrepared$0(SpringApplicationRunListeners.java:66)
	at java.base/java.lang.Iterable.forEach(Iterable.java:75)
	at org.springframework.boot.SpringApplicationRunListeners.doWithListeners(SpringApplicationRunListeners.java:123)
	at org.springframework.boot.SpringApplicationRunListeners.doWithListeners(SpringApplicationRunListeners.java:117)
	at org.springframework.boot.SpringApplicationRunListeners.environmentPrepared(SpringApplicationRunListeners.java:65)
	at org.springframework.boot.SpringApplication.prepareEnvironment(SpringApplication.java:356)
	at org.springframework.boot.SpringApplication.run(SpringApplication.java:316)
	at org.springframework.boot.SpringApplication.run(SpringApplication.java:1365)
	at org.springframework.boot.SpringApplication.run(SpringApplication.java:1354)
	at com.delivery.delivery_api.DeliveryApiApplication.main(DeliveryApiApplication.java:12)
	at java.base/jdk.internal.reflect.DirectMethodHandleAccessor.invoke(DirectMethodHandleAccessor.java:103)
	at java.base/java.lang.reflect.Method.invoke(Method.java:580)
	at org.springframework.boot.devtools.restart.RestartLauncher.run(RestartLauncher.java:52)
"}
{"timestamp":"2026-10-06 20:56:52.831","level":"INFO","thread":"restartedMain","correlationId":"","logger":"c.d.d.DeliveryApiApplication","message":"Starting DeliveryApiApplication using Java 21.0.12 with PID 11424 (C:\Marinho_Matheus\FAT\delivery_api\target\classes started by anama in C:\Marinho_Matheus\FAT\delivery_api)","exception":""}
{"timestamp":"2026-10-06 20:56:52.832","level":"DEBUG","thread":"restartedMain","correlationId":"","logger":"c.d.d.DeliveryApiApplication","message":"Running with Spring Boot v4.1.1, Spring v7.0.9","exception":""}
{"timestamp":"2026-10-06 20:56:52.832","level":"INFO","thread":"restartedMain","correlationId":"","logger":"c.d.d.DeliveryApiApplication","message":"No active profile set, falling back to 1 default profile: "default"","exception":""}
{"timestamp":"2026-10-06 20:56:53.285","level":"INFO","thread":"restartedMain","correlationId":"","logger":"o.s.d.r.c.RepositoryConfigurationDelegate","message":"Multiple Spring Data modules found, entering strict repository configuration mode","exception":""}
{"timestamp":"2026-10-06 20:56:53.286","level":"INFO","thread":"restartedMain","correlationId":"","logger":"o.s.d.r.c.RepositoryConfigurationDelegate","message":"Bootstrapping Spring Data JPA repositories in DEFAULT mode.","exception":""}
{"timestamp":"2026-10-06 20:56:53.335","level":"INFO","thread":"restartedMain","correlationId":"","logger":"o.s.d.r.c.RepositoryConfigurationDelegate","message":"Finished Spring Data repository scanning in 47 ms. Found 5 JPA repository interfaces.","exception":""}
{"timestamp":"2026-10-06 20:56:53.593","level":"INFO","thread":"restartedMain","correlationId":"","logger":"o.s.boot.tomcat.TomcatWebServer","message":"Tomcat initialized with port 8080 (http)","exception":""}
{"timestamp":"2026-10-06 20:56:53.595","level":"INFO","thread":"restartedMain","correlationId":"","logger":"o.a.coyote.http11.Http11NioProtocol","message":"Initializing ProtocolHandler ["http-nio-8080"]","exception":""}
{"timestamp":"2026-10-06 20:56:53.596","level":"INFO","thread":"restartedMain","correlationId":"","logger":"o.a.catalina.core.StandardService","message":"Starting service [Tomcat]","exception":""}
{"timestamp":"2026-10-06 20:56:53.596","level":"INFO","thread":"restartedMain","correlationId":"","logger":"o.a.catalina.core.StandardEngine","message":"Starting Servlet engine: [Apache Tomcat/11.0.24]","exception":""}
{"timestamp":"2026-10-06 20:56:53.627","level":"INFO","thread":"restartedMain","correlationId":"","logger":"o.s.b.w.c.s.WebApplicationContextInitializer","message":"Root WebApplicationContext: initialization completed in 792 ms","exception":""}
{"timestamp":"2026-10-06 20:56:53.820","level":"INFO","thread":"restartedMain","correlationId":"","logger":"o.s.o.j.p.SpringPersistenceUnitInfo","message":"No LoadTimeWeaver setup: ignoring JPA class transformer","exception":""}
{"timestamp":"2026-10-06 20:56:53.822","level":"INFO","thread":"restartedMain","correlationId":"","logger":"com.zaxxer.hikari.HikariDataSource","message":"HikariPool-2 - Starting...","exception":""}
{"timestamp":"2026-10-06 20:56:53.824","level":"INFO","thread":"restartedMain","correlationId":"","logger":"com.zaxxer.hikari.pool.HikariPool","message":"HikariPool-2 - Added connection conn10: url=jdbc:h2:mem:deliverydb user=SA","exception":""}
{"timestamp":"2026-10-06 20:56:53.824","level":"INFO","thread":"restartedMain","correlationId":"","logger":"com.zaxxer.hikari.HikariDataSource","message":"HikariPool-2 - Start completed.","exception":""}
{"timestamp":"2026-10-06 20:56:53.825","level":"WARN","thread":"restartedMain","correlationId":"","logger":"org.hibernate.orm.deprecation","message":"HHH90000025: H2Dialect does not need to be specified explicitly using 'hibernate.dialect' (remove the property setting and it will be selected by default)","exception":""}
{"timestamp":"2026-10-06 20:56:54.029","level":"INFO","thread":"restartedMain","correlationId":"","logger":"o.s.o.j.LocalContainerEntityManagerFactoryBean","message":"Initialized JPA EntityManagerFactory for persistence unit 'default'","exception":""}
{"timestamp":"2026-10-06 20:56:54.153","level":"DEBUG","thread":"restartedMain","correlationId":"","logger":"c.d.d.s.JwtAuthenticationFilter","message":"Filter 'jwtAuthenticationFilter' configured for use","exception":""}
{"timestamp":"2026-10-06 20:56:54.154","level":"DEBUG","thread":"restartedMain","correlationId":"","logger":"o.s.w.f.ServerHttpObservationFilter","message":"Filter 'webMvcObservationFilter' configured for use","exception":""}
{"timestamp":"2026-10-06 20:56:54.227","level":"INFO","thread":"restartedMain","correlationId":"","logger":"o.s.s.c.a.a.c.InitializeAuthenticationProviderBeanManagerConfigurer$InitializeAuthenticationProviderManagerConfigurer","message":"Global AuthenticationManager configured with AuthenticationProvider bean with name authenticationProvider","exception":""}
{"timestamp":"2026-10-06 20:56:54.228","level":"WARN","thread":"restartedMain","correlationId":"","logger":"o.s.s.c.a.a.c.InitializeUserDetailsBeanManagerConfigurer$InitializeUserDetailsManagerConfigurer","message":"Global AuthenticationManager configured with an AuthenticationProvider bean. UserDetailsService beans will not be used by Spring Security for automatically configuring username/password login. Consider removing the AuthenticationProvider bean. Alternatively, consider using the UserDetailsService in a manually instantiated DaoAuthenticationProvider. If the current configuration is intentional, to turn off this warning, increase the logging level of 'org.springframework.security.config.annotation.authentication.configuration.InitializeUserDetailsBeanManagerConfigurer' to ERROR","exception":""}
{"timestamp":"2026-10-06 20:56:54.815","level":"DEBUG","thread":"restartedMain","correlationId":"","logger":"o.s.s.web.DefaultSecurityFilterChain","message":"Will secure any request with filters: DisableEncodeUrlFilter, WebAsyncManagerIntegrationFilter, SecurityContextHolderFilter, HeaderWriterFilter, CorsFilter, LogoutFilter, JwtAuthenticationFilter, RequestCacheAwareFilter, SecurityContextHolderAwareRequestFilter, AnonymousAuthenticationFilter, SessionManagementFilter, ExceptionTranslationFilter, AuthorizationFilter","exception":""}
{"timestamp":"2026-10-06 20:56:54.905","level":"DEBUG","thread":"restartedMain","correlationId":"","logger":"o.s.w.s.m.m.a.RequestMappingHandlerMapping","message":"43 mappings in 'requestMappingHandlerMapping'","exception":""}
{"timestamp":"2026-10-06 20:56:54.936","level":"DEBUG","thread":"restartedMain","correlationId":"","logger":"o.s.w.s.h.SimpleUrlHandlerMapping","message":"Patterns [/webjars/**, /**, /swagger-ui*/*swagger-initializer.js, /swagger-ui*/**] in 'resourceHandlerMapping'","exception":""}
{"timestamp":"2026-10-06 20:56:54.955","level":"DEBUG","thread":"restartedMain","correlationId":"","logger":"o.s.w.s.m.m.a.RequestMappingHandlerAdapter","message":"ControllerAdvice beans: 0 @ModelAttribute, 0 @InitBinder, 2 RequestBodyAdvice, 1 ResponseBodyAdvice","exception":""}
{"timestamp":"2026-10-06 20:56:54.977","level":"DEBUG","thread":"restartedMain","correlationId":"","logger":"o.s.w.s.m.m.a.ExceptionHandlerExceptionResolver","message":"ControllerAdvice beans: 2 @ExceptionHandler, 1 ResponseBodyAdvice","exception":""}
{"timestamp":"2026-10-06 20:56:55.208","level":"INFO","thread":"restartedMain","correlationId":"","logger":"o.s.b.h.a.H2ConsoleAutoConfiguration","message":"H2 console available at '/h2-console'. Database available at 'jdbc:h2:mem:deliverydb'","exception":""}
{"timestamp":"2026-10-06 20:56:55.281","level":"INFO","thread":"restartedMain","correlationId":"","logger":"o.s.b.a.e.web.EndpointLinksResolver","message":"Exposing 14 endpoints beneath base path '/actuator'","exception":""}
{"timestamp":"2026-10-06 20:56:55.334","level":"INFO","thread":"restartedMain","correlationId":"","logger":"o.a.coyote.http11.Http11NioProtocol","message":"Starting ProtocolHandler ["http-nio-8080"]","exception":""}
{"timestamp":"2026-10-06 20:56:55.336","level":"INFO","thread":"restartedMain","correlationId":"","logger":"o.s.boot.tomcat.TomcatWebServer","message":"Tomcat started on port 8080 (http) with context path '/'","exception":""}
{"timestamp":"2026-10-06 20:56:55.340","level":"INFO","thread":"restartedMain","correlationId":"","logger":"c.d.d.DeliveryApiApplication","message":"Started DeliveryApiApplication in 2.559 seconds (process running for 161.908)","exception":""}
{"timestamp":"2026-10-06 20:56:55.346","level":"INFO","thread":"restartedMain","correlationId":"","logger":"o.s.b.d.a.ConditionEvaluationDeltaLoggingListener","message":"Condition evaluation delta:


==========================
CONDITION EVALUATION DELTA
==========================


Positive matches:
-----------------

    None


Negative matches:
-----------------

   DataRedisHealthContributorAutoConfiguration:
      Did not match:
         - @ConditionalOnEnabledHealthIndicator management.health.redis.enabled is false (OnEnabledHealthIndicatorCondition)
      Matched:
         - @ConditionalOnClass found required classes 'org.springframework.data.redis.connection.RedisConnectionFactory', 'org.springframework.boot.health.contributor.HealthIndicator', 'org.springframework.boot.health.autoconfigure.contributor.ConditionalOnEnabledHealthIndicator' (OnClassCondition)

   DataRedisReactiveHealthContributorAutoConfiguration:
      Did not match:
         - @ConditionalOnEnabledHealthIndicator management.health.redis.enabled is false (OnEnabledHealthIndicatorCondition)
      Matched:
         - @ConditionalOnClass found required classes 'org.springframework.data.redis.connection.ReactiveRedisConnectionFactory', 'reactor.core.publisher.Flux', 'org.springframework.boot.health.contributor.ReactiveHealthIndicator', 'org.springframework.boot.health.autoconfigure.contributor.ConditionalOnEnabledHealthIndicator' (OnClassCondition)

   DataRedisRepositoriesAutoConfiguration:
      Did not match:
         - @ConditionalOnBooleanProperty (spring.data.redis.repositories.enabled=true) found different value in property 'spring.data.redis.repositories.enabled' (OnPropertyCondition)
      Matched:
         - @ConditionalOnClass found required class 'org.springframework.data.redis.repository.configuration.EnableRedisRepositories' (OnClassCondition)


Exclusions:
-----------

    org.springframework.boot.autoconfigure.data.redis.RedisAutoConfiguration

    org.springframework.boot.autoconfigure.data.redis.RedisRepositoriesAutoConfiguration


Unconditional classes:
----------------------

    None


","exception":""}
{"timestamp":"2026-10-06 20:57:14.763","level":"INFO","thread":"restartedMain","correlationId":"","logger":"c.d.d.DeliveryApiApplication","message":"Starting DeliveryApiApplication using Java 21.0.12 with PID 19564 (C:\Marinho_Matheus\FAT\delivery_api\target\classes started by anama in C:\Marinho_Matheus\FAT\delivery_api)","exception":""}
{"timestamp":"2026-10-06 20:57:14.765","level":"DEBUG","thread":"restartedMain","correlationId":"","logger":"c.d.d.DeliveryApiApplication","message":"Running with Spring Boot v4.1.1, Spring v7.0.9","exception":""}
{"timestamp":"2026-10-06 20:57:14.766","level":"INFO","thread":"restartedMain","correlationId":"","logger":"c.d.d.DeliveryApiApplication","message":"No active profile set, falling back to 1 default profile: "default"","exception":""}
{"timestamp":"2026-10-06 20:57:14.815","level":"INFO","thread":"restartedMain","correlationId":"","logger":"o.s.b.d.e.DevToolsPropertyDefaultsPostProcessor","message":"Devtools property defaults active! Set 'spring.devtools.add-properties' to 'false' to disable","exception":""}
{"timestamp":"2026-10-06 20:57:14.815","level":"INFO","thread":"restartedMain","correlationId":"","logger":"o.s.b.d.e.DevToolsPropertyDefaultsPostProcessor","message":"For additional web related logging consider setting the 'logging.level.web' property to 'DEBUG'","exception":""}
{"timestamp":"2026-10-06 20:57:16.101","level":"INFO","thread":"restartedMain","correlationId":"","logger":"o.s.d.r.c.RepositoryConfigurationDelegate","message":"Multiple Spring Data modules found, entering strict repository configuration mode","exception":""}
{"timestamp":"2026-10-06 20:57:16.103","level":"INFO","thread":"restartedMain","correlationId":"","logger":"o.s.d.r.c.RepositoryConfigurationDelegate","message":"Bootstrapping Spring Data JPA repositories in DEFAULT mode.","exception":""}
{"timestamp":"2026-10-06 20:57:16.270","level":"INFO","thread":"restartedMain","correlationId":"","logger":"o.s.d.r.c.RepositoryConfigurationDelegate","message":"Finished Spring Data repository scanning in 159 ms. Found 5 JPA repository interfaces.","exception":""}
{"timestamp":"2026-10-06 20:57:17.156","level":"INFO","thread":"restartedMain","correlationId":"","logger":"o.s.boot.tomcat.TomcatWebServer","message":"Tomcat initialized with port 8080 (http)","exception":""}
{"timestamp":"2026-10-06 20:57:17.175","level":"INFO","thread":"restartedMain","correlationId":"","logger":"o.a.coyote.http11.Http11NioProtocol","message":"Initializing ProtocolHandler ["http-nio-8080"]","exception":""}
{"timestamp":"2026-10-06 20:57:17.178","level":"INFO","thread":"restartedMain","correlationId":"","logger":"o.a.catalina.core.StandardService","message":"Starting service [Tomcat]","exception":""}
{"timestamp":"2026-10-06 20:57:17.179","level":"INFO","thread":"restartedMain","correlationId":"","logger":"o.a.catalina.core.StandardEngine","message":"Starting Servlet engine: [Apache Tomcat/11.0.24]","exception":""}
{"timestamp":"2026-10-06 20:57:17.245","level":"INFO","thread":"restartedMain","correlationId":"","logger":"o.s.b.w.c.s.WebApplicationContextInitializer","message":"Root WebApplicationContext: initialization completed in 2428 ms","exception":""}
{"timestamp":"2026-10-06 20:57:18.492","level":"INFO","thread":"restartedMain","correlationId":"","logger":"o.s.o.j.p.SpringPersistenceUnitInfo","message":"No LoadTimeWeaver setup: ignoring JPA class transformer","exception":""}
{"timestamp":"2026-10-06 20:57:18.535","level":"INFO","thread":"restartedMain","correlationId":"","logger":"com.zaxxer.hikari.HikariDataSource","message":"HikariPool-1 - Starting...","exception":""}
{"timestamp":"2026-10-06 20:57:18.765","level":"INFO","thread":"restartedMain","correlationId":"","logger":"com.zaxxer.hikari.pool.HikariPool","message":"HikariPool-1 - Added connection conn0: url=jdbc:h2:mem:deliverydb user=SA","exception":""}
{"timestamp":"2026-10-06 20:57:18.767","level":"INFO","thread":"restartedMain","correlationId":"","logger":"com.zaxxer.hikari.HikariDataSource","message":"HikariPool-1 - Start completed.","exception":""}
{"timestamp":"2026-10-06 20:57:18.801","level":"WARN","thread":"restartedMain","correlationId":"","logger":"org.hibernate.orm.deprecation","message":"HHH90000025: H2Dialect does not need to be specified explicitly using 'hibernate.dialect' (remove the property setting and it will be selected by default)","exception":""}
{"timestamp":"2026-10-06 20:57:20.222","level":"INFO","thread":"restartedMain","correlationId":"","logger":"o.s.o.j.LocalContainerEntityManagerFactoryBean","message":"Initialized JPA EntityManagerFactory for persistence unit 'default'","exception":""}
{"timestamp":"2026-10-06 20:57:20.324","level":"INFO","thread":"restartedMain","correlationId":"","logger":"o.s.d.j.r.q.QueryEnhancerFactories","message":"Hibernate is in classpath; If applicable, HQL parser will be used.","exception":""}
{"timestamp":"2026-10-06 20:57:20.584","level":"DEBUG","thread":"restartedMain","correlationId":"","logger":"c.d.d.s.JwtAuthenticationFilter","message":"Filter 'jwtAuthenticationFilter' configured for use","exception":""}
{"timestamp":"2026-10-06 20:57:20.585","level":"DEBUG","thread":"restartedMain","correlationId":"","logger":"o.s.w.f.ServerHttpObservationFilter","message":"Filter 'webMvcObservationFilter' configured for use","exception":""}
{"timestamp":"2026-10-06 20:57:20.680","level":"INFO","thread":"restartedMain","correlationId":"","logger":"o.s.s.c.a.a.c.InitializeAuthenticationProviderBeanManagerConfigurer$InitializeAuthenticationProviderManagerConfigurer","message":"Global AuthenticationManager configured with AuthenticationProvider bean with name authenticationProvider","exception":""}
{"timestamp":"2026-10-06 20:57:20.681","level":"WARN","thread":"restartedMain","correlationId":"","logger":"o.s.s.c.a.a.c.InitializeUserDetailsBeanManagerConfigurer$InitializeUserDetailsManagerConfigurer","message":"Global AuthenticationManager configured with an AuthenticationProvider bean. UserDetailsService beans will not be used by Spring Security for automatically configuring username/password login. Consider removing the AuthenticationProvider bean. Alternatively, consider using the UserDetailsService in a manually instantiated DaoAuthenticationProvider. If the current configuration is intentional, to turn off this warning, increase the logging level of 'org.springframework.security.config.annotation.authentication.configuration.InitializeUserDetailsBeanManagerConfigurer' to ERROR","exception":""}
{"timestamp":"2026-10-06 20:57:22.459","level":"DEBUG","thread":"restartedMain","correlationId":"","logger":"o.s.s.web.DefaultSecurityFilterChain","message":"Will secure any request with filters: DisableEncodeUrlFilter, WebAsyncManagerIntegrationFilter, SecurityContextHolderFilter, HeaderWriterFilter, CorsFilter, LogoutFilter, JwtAuthenticationFilter, RequestCacheAwareFilter, SecurityContextHolderAwareRequestFilter, AnonymousAuthenticationFilter, SessionManagementFilter, ExceptionTranslationFilter, AuthorizationFilter","exception":""}
{"timestamp":"2026-10-06 20:57:22.736","level":"DEBUG","thread":"restartedMain","correlationId":"","logger":"o.s.w.s.m.m.a.RequestMappingHandlerMapping","message":"43 mappings in 'requestMappingHandlerMapping'","exception":""}
{"timestamp":"2026-10-06 20:57:22.786","level":"DEBUG","thread":"restartedMain","correlationId":"","logger":"o.s.w.s.h.SimpleUrlHandlerMapping","message":"Patterns [/webjars/**, /**, /swagger-ui*/*swagger-initializer.js, /swagger-ui*/**] in 'resourceHandlerMapping'","exception":""}
{"timestamp":"2026-10-06 20:57:22.834","level":"DEBUG","thread":"restartedMain","correlationId":"","logger":"o.s.w.s.m.m.a.RequestMappingHandlerAdapter","message":"ControllerAdvice beans: 0 @ModelAttribute, 0 @InitBinder, 2 RequestBodyAdvice, 1 ResponseBodyAdvice","exception":""}
{"timestamp":"2026-10-06 20:57:22.931","level":"DEBUG","thread":"restartedMain","correlationId":"","logger":"o.s.w.s.m.m.a.ExceptionHandlerExceptionResolver","message":"ControllerAdvice beans: 2 @ExceptionHandler, 1 ResponseBodyAdvice","exception":""}
{"timestamp":"2026-10-06 20:57:23.912","level":"INFO","thread":"restartedMain","correlationId":"","logger":"o.s.b.h.a.H2ConsoleAutoConfiguration","message":"H2 console available at '/h2-console'. Database available at 'jdbc:h2:mem:deliverydb'","exception":""}
{"timestamp":"2026-10-06 20:57:24.044","level":"INFO","thread":"restartedMain","correlationId":"","logger":"o.s.b.a.e.web.EndpointLinksResolver","message":"Exposing 14 endpoints beneath base path '/actuator'","exception":""}
{"timestamp":"2026-10-06 20:57:24.159","level":"INFO","thread":"restartedMain","correlationId":"","logger":"o.a.coyote.http11.Http11NioProtocol","message":"Starting ProtocolHandler ["http-nio-8080"]","exception":""}
{"timestamp":"2026-10-06 20:57:24.170","level":"WARN","thread":"restartedMain","correlationId":"","logger":"o.s.b.w.s.s.c.AnnotationConfigServletWebServerApplicationContext","message":"Exception encountered during context initialization - cancelling refresh attempt: org.springframework.context.ApplicationContextException: Failed to start bean 'webServerStartStop'","exception":""}
{"timestamp":"2026-10-06 20:57:24.184","level":"INFO","thread":"restartedMain","correlationId":"","logger":"o.s.o.j.LocalContainerEntityManagerFactoryBean","message":"Closing JPA EntityManagerFactory for persistence unit 'default'","exception":""}
{"timestamp":"2026-10-06 20:57:24.200","level":"WARN","thread":"restartedMain","correlationId":"","logger":"o.s.b.f.s.DisposableBeanAdapter","message":"Invocation of destroy method failed on bean with name 'inMemoryDatabaseShutdownExecutor': org.h2.jdbc.JdbcSQLNonTransientConnectionException: Database is already closed (to disable automatic closing at VM shutdown, add ";DB_CLOSE_ON_EXIT=FALSE" to the db URL) [90121-240]","exception":""}
{"timestamp":"2026-10-06 20:57:24.201","level":"INFO","thread":"restartedMain","correlationId":"","logger":"com.zaxxer.hikari.HikariDataSource","message":"HikariPool-1 - Shutdown initiated...","exception":""}
{"timestamp":"2026-10-06 20:57:24.203","level":"INFO","thread":"restartedMain","correlationId":"","logger":"com.zaxxer.hikari.HikariDataSource","message":"HikariPool-1 - Shutdown completed.","exception":""}
{"timestamp":"2026-10-06 20:57:25.222","level":"INFO","thread":"restartedMain","correlationId":"","logger":"o.s.b.a.l.ConditionEvaluationReportLogger","message":"

Error starting ApplicationContext. To display the condition evaluation report re-run your application with 'debug' enabled.","exception":""}
{"timestamp":"2026-10-06 20:57:25.240","level":"ERROR","thread":"restartedMain","correlationId":"","logger":"o.s.b.d.LoggingFailureAnalysisReporter","message":"

***************************
APPLICATION FAILED TO START
***************************

Description:

Web server failed to start. Port 8080 was already in use.

Action:

Identify and stop the process that's listening on port 8080 or configure this application to listen on another port.
","exception":""}
{"timestamp":"2026-10-06 20:59:28.541","level":"INFO","thread":"restartedMain","correlationId":"","logger":"c.d.d.DeliveryApiApplication","message":"Starting DeliveryApiApplication using Java 21.0.12 with PID 20352 (C:\Marinho_Matheus\FAT\delivery_api\target\classes started by anama in C:\Marinho_Matheus\FAT\delivery_api)","exception":""}
{"timestamp":"2026-10-06 20:59:28.541","level":"DEBUG","thread":"restartedMain","correlationId":"","logger":"c.d.d.DeliveryApiApplication","message":"Running with Spring Boot v4.1.1, Spring v7.0.9","exception":""}
{"timestamp":"2026-10-06 20:59:28.541","level":"INFO","thread":"restartedMain","correlationId":"","logger":"c.d.d.DeliveryApiApplication","message":"No active profile set, falling back to 1 default profile: "default"","exception":""}
{"timestamp":"2026-10-06 20:59:28.608","level":"INFO","thread":"restartedMain","correlationId":"","logger":"o.s.b.d.e.DevToolsPropertyDefaultsPostProcessor","message":"Devtools property defaults active! Set 'spring.devtools.add-properties' to 'false' to disable","exception":""}
{"timestamp":"2026-10-06 20:59:28.610","level":"INFO","thread":"restartedMain","correlationId":"","logger":"o.s.b.d.e.DevToolsPropertyDefaultsPostProcessor","message":"For additional web related logging consider setting the 'logging.level.web' property to 'DEBUG'","exception":""}
{"timestamp":"2026-10-06 20:59:30.052","level":"INFO","thread":"restartedMain","correlationId":"","logger":"o.s.d.r.c.RepositoryConfigurationDelegate","message":"Multiple Spring Data modules found, entering strict repository configuration mode","exception":""}
{"timestamp":"2026-10-06 20:59:30.069","level":"INFO","thread":"restartedMain","correlationId":"","logger":"o.s.d.r.c.RepositoryConfigurationDelegate","message":"Bootstrapping Spring Data JPA repositories in DEFAULT mode.","exception":""}
{"timestamp":"2026-10-06 20:59:30.236","level":"INFO","thread":"restartedMain","correlationId":"","logger":"o.s.d.r.c.RepositoryConfigurationDelegate","message":"Finished Spring Data repository scanning in 161 ms. Found 5 JPA repository interfaces.","exception":""}
{"timestamp":"2026-10-06 20:59:31.586","level":"INFO","thread":"restartedMain","correlationId":"","logger":"o.s.boot.tomcat.TomcatWebServer","message":"Tomcat initialized with port 8080 (http)","exception":""}
{"timestamp":"2026-10-06 20:59:31.620","level":"INFO","thread":"restartedMain","correlationId":"","logger":"o.a.coyote.http11.Http11NioProtocol","message":"Initializing ProtocolHandler ["http-nio-8080"]","exception":""}
{"timestamp":"2026-10-06 20:59:31.627","level":"INFO","thread":"restartedMain","correlationId":"","logger":"o.a.catalina.core.StandardService","message":"Starting service [Tomcat]","exception":""}
{"timestamp":"2026-10-06 20:59:31.627","level":"INFO","thread":"restartedMain","correlationId":"","logger":"o.a.catalina.core.StandardEngine","message":"Starting Servlet engine: [Apache Tomcat/11.0.24]","exception":""}
{"timestamp":"2026-10-06 20:59:31.738","level":"INFO","thread":"restartedMain","correlationId":"","logger":"o.s.b.w.c.s.WebApplicationContextInitializer","message":"Root WebApplicationContext: initialization completed in 3128 ms","exception":""}
{"timestamp":"2026-10-06 20:59:33.519","level":"INFO","thread":"restartedMain","correlationId":"","logger":"o.s.o.j.p.SpringPersistenceUnitInfo","message":"No LoadTimeWeaver setup: ignoring JPA class transformer","exception":""}
{"timestamp":"2026-10-06 20:59:33.571","level":"INFO","thread":"restartedMain","correlationId":"","logger":"com.zaxxer.hikari.HikariDataSource","message":"HikariPool-1 - Starting...","exception":""}
{"timestamp":"2026-10-06 20:59:33.952","level":"INFO","thread":"restartedMain","correlationId":"","logger":"com.zaxxer.hikari.pool.HikariPool","message":"HikariPool-1 - Added connection conn0: url=jdbc:h2:mem:deliverydb user=SA","exception":""}
{"timestamp":"2026-10-06 20:59:33.952","level":"INFO","thread":"restartedMain","correlationId":"","logger":"com.zaxxer.hikari.HikariDataSource","message":"HikariPool-1 - Start completed.","exception":""}
{"timestamp":"2026-10-06 20:59:34.004","level":"WARN","thread":"restartedMain","correlationId":"","logger":"org.hibernate.orm.deprecation","message":"HHH90000025: H2Dialect does not need to be specified explicitly using 'hibernate.dialect' (remove the property setting and it will be selected by default)","exception":""}
{"timestamp":"2026-10-06 20:59:36.119","level":"INFO","thread":"restartedMain","correlationId":"","logger":"o.s.o.j.LocalContainerEntityManagerFactoryBean","message":"Initialized JPA EntityManagerFactory for persistence unit 'default'","exception":""}
{"timestamp":"2026-10-06 20:59:36.252","level":"INFO","thread":"restartedMain","correlationId":"","logger":"o.s.d.j.r.q.QueryEnhancerFactories","message":"Hibernate is in classpath; If applicable, HQL parser will be used.","exception":""}
{"timestamp":"2026-10-06 20:59:36.636","level":"DEBUG","thread":"restartedMain","correlationId":"","logger":"c.d.d.s.JwtAuthenticationFilter","message":"Filter 'jwtAuthenticationFilter' configured for use","exception":""}
{"timestamp":"2026-10-06 20:59:36.636","level":"DEBUG","thread":"restartedMain","correlationId":"","logger":"o.s.w.f.ServerHttpObservationFilter","message":"Filter 'webMvcObservationFilter' configured for use","exception":""}
{"timestamp":"2026-10-06 20:59:36.756","level":"INFO","thread":"restartedMain","correlationId":"","logger":"o.s.s.c.a.a.c.InitializeAuthenticationProviderBeanManagerConfigurer$InitializeAuthenticationProviderManagerConfigurer","message":"Global AuthenticationManager configured with AuthenticationProvider bean with name authenticationProvider","exception":""}
{"timestamp":"2026-10-06 20:59:36.768","level":"WARN","thread":"restartedMain","correlationId":"","logger":"o.s.s.c.a.a.c.InitializeUserDetailsBeanManagerConfigurer$InitializeUserDetailsManagerConfigurer","message":"Global AuthenticationManager configured with an AuthenticationProvider bean. UserDetailsService beans will not be used by Spring Security for automatically configuring username/password login. Consider removing the AuthenticationProvider bean. Alternatively, consider using the UserDetailsService in a manually instantiated DaoAuthenticationProvider. If the current configuration is intentional, to turn off this warning, increase the logging level of 'org.springframework.security.config.annotation.authentication.configuration.InitializeUserDetailsBeanManagerConfigurer' to ERROR","exception":""}
{"timestamp":"2026-10-06 20:59:39.419","level":"DEBUG","thread":"restartedMain","correlationId":"","logger":"o.s.s.web.DefaultSecurityFilterChain","message":"Will secure any request with filters: DisableEncodeUrlFilter, WebAsyncManagerIntegrationFilter, SecurityContextHolderFilter, HeaderWriterFilter, CorsFilter, LogoutFilter, JwtAuthenticationFilter, RequestCacheAwareFilter, SecurityContextHolderAwareRequestFilter, AnonymousAuthenticationFilter, SessionManagementFilter, ExceptionTranslationFilter, AuthorizationFilter","exception":""}
{"timestamp":"2026-10-06 20:59:39.702","level":"DEBUG","thread":"restartedMain","correlationId":"","logger":"o.s.w.s.m.m.a.RequestMappingHandlerMapping","message":"43 mappings in 'requestMappingHandlerMapping'","exception":""}
{"timestamp":"2026-10-06 20:59:39.769","level":"DEBUG","thread":"restartedMain","correlationId":"","logger":"o.s.w.s.h.SimpleUrlHandlerMapping","message":"Patterns [/webjars/**, /**, /swagger-ui*/*swagger-initializer.js, /swagger-ui*/**] in 'resourceHandlerMapping'","exception":""}
{"timestamp":"2026-10-06 20:59:39.827","level":"DEBUG","thread":"restartedMain","correlationId":"","logger":"o.s.w.s.m.m.a.RequestMappingHandlerAdapter","message":"ControllerAdvice beans: 0 @ModelAttribute, 0 @InitBinder, 2 RequestBodyAdvice, 1 ResponseBodyAdvice","exception":""}
{"timestamp":"2026-10-06 20:59:39.951","level":"DEBUG","thread":"restartedMain","correlationId":"","logger":"o.s.w.s.m.m.a.ExceptionHandlerExceptionResolver","message":"ControllerAdvice beans: 2 @ExceptionHandler, 1 ResponseBodyAdvice","exception":""}
{"timestamp":"2026-10-06 20:59:41.364","level":"INFO","thread":"restartedMain","correlationId":"","logger":"o.s.b.h.a.H2ConsoleAutoConfiguration","message":"H2 console available at '/h2-console'. Database available at 'jdbc:h2:mem:deliverydb'","exception":""}
{"timestamp":"2026-10-06 20:59:41.574","level":"INFO","thread":"restartedMain","correlationId":"","logger":"o.s.b.a.e.web.EndpointLinksResolver","message":"Exposing 14 endpoints beneath base path '/actuator'","exception":""}
{"timestamp":"2026-10-06 20:59:41.751","level":"INFO","thread":"restartedMain","correlationId":"","logger":"o.a.coyote.http11.Http11NioProtocol","message":"Starting ProtocolHandler ["http-nio-8080"]","exception":""}
{"timestamp":"2026-10-06 20:59:41.772","level":"INFO","thread":"restartedMain","correlationId":"","logger":"o.s.boot.tomcat.TomcatWebServer","message":"Tomcat started on port 8080 (http) with context path '/'","exception":""}
{"timestamp":"2026-10-06 20:59:41.790","level":"INFO","thread":"restartedMain","correlationId":"","logger":"c.d.d.DeliveryApiApplication","message":"Started DeliveryApiApplication in 13.871 seconds (process running for 14.405)","exception":""}
{"timestamp":"2026-10-06 21:00:40.288","level":"INFO","thread":"http-nio-8080-exec-1","correlationId":"","logger":"o.a.c.c.C.[Tomcat].[localhost].[/]","message":"Initializing Spring DispatcherServlet 'dispatcherServlet'","exception":""}
{"timestamp":"2026-10-06 21:00:40.288","level":"INFO","thread":"http-nio-8080-exec-1","correlationId":"","logger":"o.s.web.servlet.DispatcherServlet","message":"Initializing Servlet 'dispatcherServlet'","exception":""}
{"timestamp":"2026-10-06 21:00:40.288","level":"DEBUG","thread":"http-nio-8080-exec-1","correlationId":"","logger":"o.s.web.servlet.DispatcherServlet","message":"Detected StandardServletMultipartResolver","exception":""}
{"timestamp":"2026-10-06 21:00:40.288","level":"DEBUG","thread":"http-nio-8080-exec-1","correlationId":"","logger":"o.s.web.servlet.DispatcherServlet","message":"Detected AcceptHeaderLocaleResolver","exception":""}
{"timestamp":"2026-10-06 21:00:40.315","level":"DEBUG","thread":"http-nio-8080-exec-1","correlationId":"","logger":"o.s.web.servlet.DispatcherServlet","message":"Detected org.springframework.web.servlet.view.DefaultRequestToViewNameTranslator@6f8019d3","exception":""}
{"timestamp":"2026-10-06 21:00:40.315","level":"DEBUG","thread":"http-nio-8080-exec-1","correlationId":"","logger":"o.s.web.servlet.DispatcherServlet","message":"Detected org.springframework.web.servlet.support.SessionFlashMapManager@706d2299","exception":""}
{"timestamp":"2026-10-06 21:00:40.315","level":"DEBUG","thread":"http-nio-8080-exec-1","correlationId":"","logger":"o.s.web.servlet.DispatcherServlet","message":"enableLoggingRequestDetails='false': request parameters and headers will be masked to prevent unsafe logging of potentially sensitive data","exception":""}
{"timestamp":"2026-10-06 21:00:40.315","level":"INFO","thread":"http-nio-8080-exec-1","correlationId":"","logger":"o.s.web.servlet.DispatcherServlet","message":"Completed initialization in 27 ms","exception":""}
{"timestamp":"2026-10-06 21:00:40.372","level":"DEBUG","thread":"http-nio-8080-exec-1","correlationId":"","logger":"o.s.security.web.FilterChainProxy","message":"Securing GET /actuator/health","exception":""}
{"timestamp":"2026-10-06 21:00:40.404","level":"WARN","thread":"http-nio-8080-exec-1","correlationId":"","logger":"c.d.d.s.JwtAuthenticationFilter","message":"JWT Token não começa com Bearer String","exception":""}
{"timestamp":"2026-10-06 21:00:40.414","level":"DEBUG","thread":"http-nio-8080-exec-1","correlationId":"","logger":"o.s.s.w.a.AnonymousAuthenticationFilter","message":"Set SecurityContextHolder to anonymous SecurityContext","exception":""}
{"timestamp":"2026-10-06 21:00:40.431","level":"DEBUG","thread":"http-nio-8080-exec-1","correlationId":"","logger":"o.s.security.web.FilterChainProxy","message":"Secured GET /actuator/health","exception":""}
{"timestamp":"2026-10-06 21:00:40.457","level":"DEBUG","thread":"http-nio-8080-exec-1","correlationId":"297c91f4ca364c5e","logger":"o.s.web.servlet.DispatcherServlet","message":"GET "/actuator/health", parameters={}","exception":""}
{"timestamp":"2026-10-06 21:00:40.497","level":"DEBUG","thread":"http-nio-8080-exec-1","correlationId":"297c91f4ca364c5e","logger":"o.s.w.s.m.m.a.RequestResponseBodyMethodProcessor","message":"Read "application/octet-stream" to []","exception":""}
{"timestamp":"2026-10-06 21:00:40.549","level":"DEBUG","thread":"http-nio-8080-exec-1","correlationId":"297c91f4ca364c5e","logger":"o.s.web.client.RestTemplate","message":"HTTP GET https://httpbin.org/status/200","exception":""}
{"timestamp":"2026-10-06 21:00:40.549","level":"DEBUG","thread":"http-nio-8080-exec-1","correlationId":"297c91f4ca364c5e","logger":"o.s.web.client.RestTemplate","message":"Accept=[text/plain, application/json, application/yaml, application/*+json, */*]","exception":""}
{"timestamp":"2026-10-06 21:00:41.515","level":"WARN","thread":"AsyncReporter{ZipkinHttpClientSender{http://localhost:9411/api/v2/spans}}","correlationId":"","logger":"z.r.i.AsyncReporter$BoundedAsyncReporter","message":"Spans were dropped due to exceptions. All subsequent errors will be logged at FINE level.","exception":""}
{"timestamp":"2026-10-06 21:00:41.515","level":"WARN","thread":"AsyncReporter{ZipkinHttpClientSender{http://localhost:9411/api/v2/spans}}","correlationId":"","logger":"z.r.i.AsyncReporter$BoundedAsyncReporter","message":"Dropped 2 spans due to ConnectException()","exception":"java.net.ConnectException
	at java.net.http/jdk.internal.net.http.HttpClientImpl.send(HttpClientImpl.java:955)
	at java.net.http/jdk.internal.net.http.HttpClientFacade.send(HttpClientFacade.java:133)
	at org.springframework.boot.zipkin.autoconfigure.ZipkinHttpClientSender.postSpans(ZipkinHttpClientSender.java:59)
	at org.springframework.boot.zipkin.autoconfigure.HttpSender.postSpans(HttpSender.java:69)
	at org.springframework.boot.zipkin.autoconfigure.HttpSender.postSpans(HttpSender.java:41)
	at zipkin2.reporter.BaseHttpSender.send(BaseHttpSender.java:123)
	at zipkin2.reporter.internal.AsyncReporter$BoundedAsyncReporter.flush(AsyncReporter.java:266)
	at zipkin2.reporter.internal.AsyncReporter$Flusher.run(AsyncReporter.java:352)
	at java.base/java.lang.Thread.run(Thread.java:1583)
Caused by: java.net.ConnectException
	at java.net.http/jdk.internal.net.http.common.Utils.toConnectException(Utils.java:1065)
	at java.net.http/jdk.internal.net.http.PlainHttpConnection.connectAsync(PlainHttpConnection.java:227)
	at java.net.http/jdk.internal.net.http.PlainHttpConnection.checkRetryConnect(PlainHttpConnection.java:280)
	at java.net.http/jdk.internal.net.http.PlainHttpConnection.lambda$connectAsync$2(PlainHttpConnection.java:238)
	at java.base/java.util.concurrent.CompletableFuture.uniHandle(CompletableFuture.java:934)
	at java.base/java.util.concurrent.CompletableFuture$UniHandle.tryFire(CompletableFuture.java:911)
	at java.base/java.util.concurrent.CompletableFuture.postComplete(CompletableFuture.java:510)
	at java.base/java.util.concurrent.CompletableFuture$AsyncSupply.run(CompletableFuture.java:1773)
	at java.base/java.util.concurrent.ThreadPoolExecutor.runWorker(ThreadPoolExecutor.java:1144)
	at java.base/java.util.concurrent.ThreadPoolExecutor$Worker.run(ThreadPoolExecutor.java:642)
	... 1 common frames omitted
Caused by: java.nio.channels.ClosedChannelException
	at java.base/sun.nio.ch.SocketChannelImpl.ensureOpen(SocketChannelImpl.java:202)
	at java.base/sun.nio.ch.SocketChannelImpl.beginConnect(SocketChannelImpl.java:786)
	at java.base/sun.nio.ch.SocketChannelImpl.connect(SocketChannelImpl.java:874)
	at java.net.http/jdk.internal.net.http.PlainHttpConnection.lambda$connectAsync$1(PlainHttpConnection.java:210)
	at java.base/java.security.AccessController.doPrivileged(AccessController.java:571)
	at java.net.http/jdk.internal.net.http.PlainHttpConnection.connectAsync(PlainHttpConnection.java:212)
	... 9 common frames omitted
"}
{"timestamp":"2026-10-06 21:00:41.599","level":"DEBUG","thread":"http-nio-8080-exec-1","correlationId":"297c91f4ca364c5e","logger":"o.s.web.client.RestTemplate","message":"Response 200 OK","exception":""}
{"timestamp":"2026-10-06 21:00:41.632","level":"DEBUG","thread":"http-nio-8080-exec-1","correlationId":"297c91f4ca364c5e","logger":"o.s.w.s.m.m.a.HttpEntityMethodProcessor","message":"Using 'application/vnd.spring-boot.actuator.v3+json', given [*/*] and supported [application/vnd.spring-boot.actuator.v3+json, application/vnd.spring-boot.actuator.v2+json, application/json]","exception":""}
{"timestamp":"2026-10-06 21:00:41.632","level":"DEBUG","thread":"http-nio-8080-exec-1","correlationId":"297c91f4ca364c5e","logger":"o.s.w.s.m.m.a.HttpEntityMethodProcessor","message":"Writing [org.springframework.boot.health.actuate.endpoint.SystemHealthDescriptor@100f02e5]","exception":""}
{"timestamp":"2026-10-06 21:00:41.753","level":"DEBUG","thread":"http-nio-8080-exec-1","correlationId":"297c91f4ca364c5e","logger":"o.s.web.servlet.DispatcherServlet","message":"Completed 200 OK","exception":""}
{"timestamp":"2026-10-06 21:05:13.718","level":"INFO","thread":"main","correlationId":"","logger":"c.d.d.DeliveryApiApplicationTests","message":"Starting DeliveryApiApplicationTests using Java 21.0.12 with PID 10200 (started by anama in C:\Marinho_Matheus\FAT\delivery_api)","exception":""}
{"timestamp":"2026-10-06 21:05:13.718","level":"DEBUG","thread":"main","correlationId":"","logger":"c.d.d.DeliveryApiApplicationTests","message":"Running with Spring Boot v4.1.1, Spring v7.0.9","exception":""}
{"timestamp":"2026-10-06 21:05:13.718","level":"INFO","thread":"main","correlationId":"","logger":"c.d.d.DeliveryApiApplicationTests","message":"No active profile set, falling back to 1 default profile: "default"","exception":""}
{"timestamp":"2026-10-06 21:05:13.820","level":"DEBUG","thread":"main","correlationId":"","logger":"o.s.w.c.s.GenericWebApplicationContext","message":"Refreshing org.springframework.web.context.support.GenericWebApplicationContext@34fc315d","exception":""}
{"timestamp":"2026-10-06 21:05:16.438","level":"INFO","thread":"main","correlationId":"","logger":"o.s.d.r.c.RepositoryConfigurationDelegate","message":"Multiple Spring Data modules found, entering strict repository configuration mode","exception":""}
{"timestamp":"2026-10-06 21:05:16.452","level":"INFO","thread":"main","correlationId":"","logger":"o.s.d.r.c.RepositoryConfigurationDelegate","message":"Bootstrapping Spring Data JPA repositories in DEFAULT mode.","exception":""}
{"timestamp":"2026-10-06 21:05:16.762","level":"INFO","thread":"main","correlationId":"","logger":"o.s.d.r.c.RepositoryConfigurationDelegate","message":"Finished Spring Data repository scanning in 293 ms. Found 5 JPA repository interfaces.","exception":""}
{"timestamp":"2026-10-06 21:05:19.367","level":"INFO","thread":"main","correlationId":"","logger":"o.s.o.j.p.SpringPersistenceUnitInfo","message":"No LoadTimeWeaver setup: ignoring JPA class transformer","exception":""}
{"timestamp":"2026-10-06 21:05:19.475","level":"INFO","thread":"main","correlationId":"","logger":"com.zaxxer.hikari.HikariDataSource","message":"HikariPool-1 - Starting...","exception":""}
{"timestamp":"2026-10-06 21:05:20.226","level":"INFO","thread":"main","correlationId":"","logger":"com.zaxxer.hikari.pool.HikariPool","message":"HikariPool-1 - Added connection conn0: url=jdbc:h2:mem:deliverydb user=SA","exception":""}
{"timestamp":"2026-10-06 21:05:20.226","level":"INFO","thread":"main","correlationId":"","logger":"com.zaxxer.hikari.HikariDataSource","message":"HikariPool-1 - Start completed.","exception":""}
{"timestamp":"2026-10-06 21:05:20.322","level":"WARN","thread":"main","correlationId":"","logger":"org.hibernate.orm.deprecation","message":"HHH90000025: H2Dialect does not need to be specified explicitly using 'hibernate.dialect' (remove the property setting and it will be selected by default)","exception":""}
{"timestamp":"2026-10-06 21:05:23.364","level":"INFO","thread":"main","correlationId":"","logger":"o.s.o.j.LocalContainerEntityManagerFactoryBean","message":"Initialized JPA EntityManagerFactory for persistence unit 'default'","exception":""}
{"timestamp":"2026-10-06 21:05:23.648","level":"INFO","thread":"main","correlationId":"","logger":"o.s.d.j.r.q.QueryEnhancerFactories","message":"Hibernate is in classpath; If applicable, HQL parser will be used.","exception":""}
{"timestamp":"2026-10-06 21:05:24.141","level":"INFO","thread":"main","correlationId":"","logger":"o.s.s.c.a.a.c.InitializeAuthenticationProviderBeanManagerConfigurer$InitializeAuthenticationProviderManagerConfigurer","message":"Global AuthenticationManager configured with AuthenticationProvider bean with name authenticationProvider","exception":""}
{"timestamp":"2026-10-06 21:05:24.142","level":"WARN","thread":"main","correlationId":"","logger":"o.s.s.c.a.a.c.InitializeUserDetailsBeanManagerConfigurer$InitializeUserDetailsManagerConfigurer","message":"Global AuthenticationManager configured with an AuthenticationProvider bean. UserDetailsService beans will not be used by Spring Security for automatically configuring username/password login. Consider removing the AuthenticationProvider bean. Alternatively, consider using the UserDetailsService in a manually instantiated DaoAuthenticationProvider. If the current configuration is intentional, to turn off this warning, increase the logging level of 'org.springframework.security.config.annotation.authentication.configuration.InitializeUserDetailsBeanManagerConfigurer' to ERROR","exception":""}
{"timestamp":"2026-10-06 21:05:28.131","level":"DEBUG","thread":"main","correlationId":"","logger":"o.s.s.web.DefaultSecurityFilterChain","message":"Will secure any request with filters: DisableEncodeUrlFilter, WebAsyncManagerIntegrationFilter, SecurityContextHolderFilter, HeaderWriterFilter, CorsFilter, LogoutFilter, JwtAuthenticationFilter, RequestCacheAwareFilter, SecurityContextHolderAwareRequestFilter, AnonymousAuthenticationFilter, SessionManagementFilter, ExceptionTranslationFilter, AuthorizationFilter","exception":""}
{"timestamp":"2026-10-06 21:05:28.434","level":"DEBUG","thread":"main","correlationId":"","logger":"o.s.w.s.m.m.a.RequestMappingHandlerMapping","message":"43 mappings in 'requestMappingHandlerMapping'","exception":""}
{"timestamp":"2026-10-06 21:05:28.484","level":"DEBUG","thread":"main","correlationId":"","logger":"o.s.w.s.h.SimpleUrlHandlerMapping","message":"Patterns [/webjars/**, /**, /swagger-ui*/*swagger-initializer.js, /swagger-ui*/**] in 'resourceHandlerMapping'","exception":""}
{"timestamp":"2026-10-06 21:05:28.549","level":"DEBUG","thread":"main","correlationId":"","logger":"o.s.w.s.m.m.a.RequestMappingHandlerAdapter","message":"ControllerAdvice beans: 0 @ModelAttribute, 0 @InitBinder, 2 RequestBodyAdvice, 1 ResponseBodyAdvice","exception":""}
{"timestamp":"2026-10-06 21:05:28.701","level":"DEBUG","thread":"main","correlationId":"","logger":"o.s.w.s.m.m.a.ExceptionHandlerExceptionResolver","message":"ControllerAdvice beans: 2 @ExceptionHandler, 1 ResponseBodyAdvice","exception":""}
{"timestamp":"2026-10-06 21:05:30.374","level":"INFO","thread":"main","correlationId":"","logger":"o.s.b.h.a.H2ConsoleAutoConfiguration","message":"H2 console available at '/h2-console'. Database available at 'jdbc:h2:mem:deliverydb'","exception":""}
{"timestamp":"2026-10-06 21:05:30.684","level":"INFO","thread":"main","correlationId":"","logger":"o.s.b.a.e.web.EndpointLinksResolver","message":"Exposing 14 endpoints beneath base path '/actuator'","exception":""}
{"timestamp":"2026-10-06 21:05:30.915","level":"INFO","thread":"main","correlationId":"","logger":"c.d.d.DeliveryApiApplicationTests","message":"Started DeliveryApiApplicationTests in 18.397 seconds (process running for 21.71)","exception":""}
{"timestamp":"2026-10-06 21:05:31.718","level":"DEBUG","thread":"SpringApplicationShutdownHook","correlationId":"","logger":"o.s.w.c.s.GenericWebApplicationContext","message":"Closing org.springframework.web.context.support.GenericWebApplicationContext@34fc315d, started on Tue Oct 06 21:05:13 BRT 2026","exception":""}
{"timestamp":"2026-10-06 21:05:32.803","level":"INFO","thread":"SpringApplicationShutdownHook","correlationId":"","logger":"o.s.o.j.LocalContainerEntityManagerFactoryBean","message":"Closing JPA EntityManagerFactory for persistence unit 'default'","exception":""}
{"timestamp":"2026-10-06 21:05:32.803","level":"INFO","thread":"SpringApplicationShutdownHook","correlationId":"","logger":"com.zaxxer.hikari.HikariDataSource","message":"HikariPool-1 - Shutdown initiated...","exception":""}
{"timestamp":"2026-10-06 21:05:32.815","level":"INFO","thread":"SpringApplicationShutdownHook","correlationId":"","logger":"com.zaxxer.hikari.HikariDataSource","message":"HikariPool-1 - Shutdown completed.","exception":""}
{"timestamp":"2026-10-06 21:08:50.941","level":"INFO","thread":"File Watcher","correlationId":"","logger":"o.s.b.d.a.LocalDevToolsAutoConfiguration$RestartingClassPathChangeChangedEventListener","message":"Restarting due to 1 class path change (0 additions, 0 deletions, 1 modification)","exception":""}
{"timestamp":"2026-10-06 21:08:51.111","level":"INFO","thread":"Thread-1","correlationId":"","logger":"o.s.boot.tomcat.GracefulShutdown","message":"Commencing graceful shutdown. Waiting for active requests to complete","exception":""}
{"timestamp":"2026-10-06 21:08:51.121","level":"INFO","thread":"tomcat-shutdown","correlationId":"","logger":"o.a.coyote.http11.Http11NioProtocol","message":"Pausing ProtocolHandler ["http-nio-8080"]","exception":""}
{"timestamp":"2026-10-06 21:08:51.141","level":"INFO","thread":"tomcat-shutdown","correlationId":"","logger":"o.s.boot.tomcat.GracefulShutdown","message":"Graceful shutdown complete","exception":""}
{"timestamp":"2026-10-06 21:08:51.141","level":"INFO","thread":"Thread-1","correlationId":"","logger":"o.a.coyote.http11.Http11NioProtocol","message":"Stopping ProtocolHandler ["http-nio-8080"]","exception":""}
{"timestamp":"2026-10-06 21:08:51.291","level":"INFO","thread":"Thread-1","correlationId":"","logger":"o.s.o.j.LocalContainerEntityManagerFactoryBean","message":"Closing JPA EntityManagerFactory for persistence unit 'default'","exception":""}
{"timestamp":"2026-10-06 21:08:51.412","level":"WARN","thread":"Thread-1","correlationId":"","logger":"o.s.b.f.s.DisposableBeanAdapter","message":"Invocation of destroy method failed on bean with name 'inMemoryDatabaseShutdownExecutor': org.h2.jdbc.JdbcSQLNonTransientConnectionException: Database is already closed (to disable automatic closing at VM shutdown, add ";DB_CLOSE_ON_EXIT=FALSE" to the db URL) [90121-240]","exception":""}
{"timestamp":"2026-10-06 21:08:51.418","level":"INFO","thread":"Thread-1","correlationId":"","logger":"com.zaxxer.hikari.HikariDataSource","message":"HikariPool-1 - Shutdown initiated...","exception":""}
{"timestamp":"2026-10-06 21:08:51.421","level":"INFO","thread":"Thread-1","correlationId":"","logger":"com.zaxxer.hikari.HikariDataSource","message":"HikariPool-1 - Shutdown completed.","exception":""}
{"timestamp":"2026-10-06 21:08:52.372","level":"INFO","thread":"restartedMain","correlationId":"","logger":"c.d.d.DeliveryApiApplication","message":"Starting DeliveryApiApplication using Java 21.0.12 with PID 20352 (C:\Marinho_Matheus\FAT\delivery_api\target\classes started by anama in C:\Marinho_Matheus\FAT\delivery_api)","exception":""}
{"timestamp":"2026-10-06 21:08:52.372","level":"DEBUG","thread":"restartedMain","correlationId":"","logger":"c.d.d.DeliveryApiApplication","message":"Running with Spring Boot v4.1.1, Spring v7.0.9","exception":""}
{"timestamp":"2026-10-06 21:08:52.372","level":"INFO","thread":"restartedMain","correlationId":"","logger":"c.d.d.DeliveryApiApplication","message":"No active profile set, falling back to 1 default profile: "default"","exception":""}
{"timestamp":"2026-10-06 21:08:53.120","level":"INFO","thread":"restartedMain","correlationId":"","logger":"o.s.d.r.c.RepositoryConfigurationDelegate","message":"Multiple Spring Data modules found, entering strict repository configuration mode","exception":""}
{"timestamp":"2026-10-06 21:08:53.122","level":"INFO","thread":"restartedMain","correlationId":"","logger":"o.s.d.r.c.RepositoryConfigurationDelegate","message":"Bootstrapping Spring Data JPA repositories in DEFAULT mode.","exception":""}
{"timestamp":"2026-10-06 21:08:53.173","level":"INFO","thread":"restartedMain","correlationId":"","logger":"o.s.d.r.c.RepositoryConfigurationDelegate","message":"Finished Spring Data repository scanning in 47 ms. Found 5 JPA repository interfaces.","exception":""}
{"timestamp":"2026-10-06 21:08:53.818","level":"INFO","thread":"restartedMain","correlationId":"","logger":"o.s.boot.tomcat.TomcatWebServer","message":"Tomcat initialized with port 8080 (http)","exception":""}
{"timestamp":"2026-10-06 21:08:53.821","level":"INFO","thread":"restartedMain","correlationId":"","logger":"o.a.coyote.http11.Http11NioProtocol","message":"Initializing ProtocolHandler ["http-nio-8080"]","exception":""}
{"timestamp":"2026-10-06 21:08:53.821","level":"INFO","thread":"restartedMain","correlationId":"","logger":"o.a.catalina.core.StandardService","message":"Starting service [Tomcat]","exception":""}
{"timestamp":"2026-10-06 21:08:53.821","level":"INFO","thread":"restartedMain","correlationId":"","logger":"o.a.catalina.core.StandardEngine","message":"Starting Servlet engine: [Apache Tomcat/11.0.24]","exception":""}
{"timestamp":"2026-10-06 21:08:53.885","level":"INFO","thread":"restartedMain","correlationId":"","logger":"o.s.b.w.c.s.WebApplicationContextInitializer","message":"Root WebApplicationContext: initialization completed in 1504 ms","exception":""}
{"timestamp":"2026-10-06 21:08:54.331","level":"INFO","thread":"restartedMain","correlationId":"","logger":"o.s.o.j.p.SpringPersistenceUnitInfo","message":"No LoadTimeWeaver setup: ignoring JPA class transformer","exception":""}
{"timestamp":"2026-10-06 21:08:54.333","level":"INFO","thread":"restartedMain","correlationId":"","logger":"com.zaxxer.hikari.HikariDataSource","message":"HikariPool-2 - Starting...","exception":""}
{"timestamp":"2026-10-06 21:08:54.337","level":"INFO","thread":"restartedMain","correlationId":"","logger":"com.zaxxer.hikari.pool.HikariPool","message":"HikariPool-2 - Added connection conn10: url=jdbc:h2:mem:deliverydb user=SA","exception":""}
{"timestamp":"2026-10-06 21:08:54.337","level":"INFO","thread":"restartedMain","correlationId":"","logger":"com.zaxxer.hikari.HikariDataSource","message":"HikariPool-2 - Start completed.","exception":""}
{"timestamp":"2026-10-06 21:08:54.339","level":"WARN","thread":"restartedMain","correlationId":"","logger":"org.hibernate.orm.deprecation","message":"HHH90000025: H2Dialect does not need to be specified explicitly using 'hibernate.dialect' (remove the property setting and it will be selected by default)","exception":""}
{"timestamp":"2026-10-06 21:08:54.654","level":"INFO","thread":"restartedMain","correlationId":"","logger":"o.s.o.j.LocalContainerEntityManagerFactoryBean","message":"Initialized JPA EntityManagerFactory for persistence unit 'default'","exception":""}
{"timestamp":"2026-10-06 21:08:54.911","level":"DEBUG","thread":"restartedMain","correlationId":"","logger":"c.d.d.s.JwtAuthenticationFilter","message":"Filter 'jwtAuthenticationFilter' configured for use","exception":""}
{"timestamp":"2026-10-06 21:08:54.915","level":"DEBUG","thread":"restartedMain","correlationId":"","logger":"o.s.w.f.ServerHttpObservationFilter","message":"Filter 'webMvcObservationFilter' configured for use","exception":""}
{"timestamp":"2026-10-06 21:08:54.985","level":"INFO","thread":"restartedMain","correlationId":"","logger":"o.s.s.c.a.a.c.InitializeAuthenticationProviderBeanManagerConfigurer$InitializeAuthenticationProviderManagerConfigurer","message":"Global AuthenticationManager configured with AuthenticationProvider bean with name authenticationProvider","exception":""}
{"timestamp":"2026-10-06 21:08:54.987","level":"WARN","thread":"restartedMain","correlationId":"","logger":"o.s.s.c.a.a.c.InitializeUserDetailsBeanManagerConfigurer$InitializeUserDetailsManagerConfigurer","message":"Global AuthenticationManager configured with an AuthenticationProvider bean. UserDetailsService beans will not be used by Spring Security for automatically configuring username/password login. Consider removing the AuthenticationProvider bean. Alternatively, consider using the UserDetailsService in a manually instantiated DaoAuthenticationProvider. If the current configuration is intentional, to turn off this warning, increase the logging level of 'org.springframework.security.config.annotation.authentication.configuration.InitializeUserDetailsBeanManagerConfigurer' to ERROR","exception":""}
{"timestamp":"2026-10-06 21:08:55.776","level":"DEBUG","thread":"restartedMain","correlationId":"","logger":"o.s.s.web.DefaultSecurityFilterChain","message":"Will secure any request with filters: DisableEncodeUrlFilter, WebAsyncManagerIntegrationFilter, SecurityContextHolderFilter, HeaderWriterFilter, CorsFilter, LogoutFilter, JwtAuthenticationFilter, RequestCacheAwareFilter, SecurityContextHolderAwareRequestFilter, AnonymousAuthenticationFilter, SessionManagementFilter, ExceptionTranslationFilter, AuthorizationFilter","exception":""}
{"timestamp":"2026-10-06 21:08:55.944","level":"DEBUG","thread":"restartedMain","correlationId":"","logger":"o.s.w.s.m.m.a.RequestMappingHandlerMapping","message":"43 mappings in 'requestMappingHandlerMapping'","exception":""}
{"timestamp":"2026-10-06 21:08:55.988","level":"DEBUG","thread":"restartedMain","correlationId":"","logger":"o.s.w.s.h.SimpleUrlHandlerMapping","message":"Patterns [/webjars/**, /**, /swagger-ui*/*swagger-initializer.js, /swagger-ui*/**] in 'resourceHandlerMapping'","exception":""}
{"timestamp":"2026-10-06 21:08:56.011","level":"DEBUG","thread":"restartedMain","correlationId":"","logger":"o.s.w.s.m.m.a.RequestMappingHandlerAdapter","message":"ControllerAdvice beans: 0 @ModelAttribute, 0 @InitBinder, 2 RequestBodyAdvice, 1 ResponseBodyAdvice","exception":""}
{"timestamp":"2026-10-06 21:08:56.041","level":"DEBUG","thread":"restartedMain","correlationId":"","logger":"o.s.w.s.m.m.a.ExceptionHandlerExceptionResolver","message":"ControllerAdvice beans: 2 @ExceptionHandler, 1 ResponseBodyAdvice","exception":""}
{"timestamp":"2026-10-06 21:08:56.487","level":"INFO","thread":"restartedMain","correlationId":"","logger":"o.s.b.h.a.H2ConsoleAutoConfiguration","message":"H2 console available at '/h2-console'. Database available at 'jdbc:h2:mem:deliverydb'","exception":""}
{"timestamp":"2026-10-06 21:08:56.587","level":"INFO","thread":"restartedMain","correlationId":"","logger":"o.s.b.a.e.web.EndpointLinksResolver","message":"Exposing 14 endpoints beneath base path '/actuator'","exception":""}
{"timestamp":"2026-10-06 21:08:56.670","level":"INFO","thread":"restartedMain","correlationId":"","logger":"o.a.coyote.http11.Http11NioProtocol","message":"Starting ProtocolHandler ["http-nio-8080"]","exception":""}
{"timestamp":"2026-10-06 21:08:56.689","level":"INFO","thread":"restartedMain","correlationId":"","logger":"o.s.boot.tomcat.TomcatWebServer","message":"Tomcat started on port 8080 (http) with context path '/'","exception":""}
{"timestamp":"2026-10-06 21:08:56.703","level":"INFO","thread":"restartedMain","correlationId":"","logger":"c.d.d.DeliveryApiApplication","message":"Started DeliveryApiApplication in 4.416 seconds (process running for 569.319)","exception":""}
{"timestamp":"2026-10-06 21:08:56.703","level":"INFO","thread":"restartedMain","correlationId":"","logger":"o.s.b.d.a.ConditionEvaluationDeltaLoggingListener","message":"Condition evaluation unchanged","exception":""}
{"timestamp":"2026-10-06 21:10:11.553","level":"INFO","thread":"main","correlationId":"","logger":"c.d.d.DeliveryApiApplicationTests","message":"Starting DeliveryApiApplicationTests using Java 21.0.12 with PID 6096 (started by anama in C:\Marinho_Matheus\FAT\delivery_api)","exception":""}
{"timestamp":"2026-10-06 21:10:11.555","level":"DEBUG","thread":"main","correlationId":"","logger":"c.d.d.DeliveryApiApplicationTests","message":"Running with Spring Boot v4.1.1, Spring v7.0.9","exception":""}
{"timestamp":"2026-10-06 21:10:11.557","level":"INFO","thread":"main","correlationId":"","logger":"c.d.d.DeliveryApiApplicationTests","message":"No active profile set, falling back to 1 default profile: "default"","exception":""}
{"timestamp":"2026-10-06 21:10:11.642","level":"DEBUG","thread":"main","correlationId":"","logger":"o.s.w.c.s.GenericWebApplicationContext","message":"Refreshing org.springframework.web.context.support.GenericWebApplicationContext@34fc315d","exception":""}
{"timestamp":"2026-10-06 21:10:14.394","level":"INFO","thread":"main","correlationId":"","logger":"o.s.d.r.c.RepositoryConfigurationDelegate","message":"Multiple Spring Data modules found, entering strict repository configuration mode","exception":""}
{"timestamp":"2026-10-06 21:10:14.403","level":"INFO","thread":"main","correlationId":"","logger":"o.s.d.r.c.RepositoryConfigurationDelegate","message":"Bootstrapping Spring Data JPA repositories in DEFAULT mode.","exception":""}
{"timestamp":"2026-10-06 21:10:14.756","level":"INFO","thread":"main","correlationId":"","logger":"o.s.d.r.c.RepositoryConfigurationDelegate","message":"Finished Spring Data repository scanning in 330 ms. Found 5 JPA repository interfaces.","exception":""}
{"timestamp":"2026-10-06 21:10:17.451","level":"INFO","thread":"main","correlationId":"","logger":"o.s.o.j.p.SpringPersistenceUnitInfo","message":"No LoadTimeWeaver setup: ignoring JPA class transformer","exception":""}
{"timestamp":"2026-10-06 21:10:17.571","level":"INFO","thread":"main","correlationId":"","logger":"com.zaxxer.hikari.HikariDataSource","message":"HikariPool-1 - Starting...","exception":""}
{"timestamp":"2026-10-06 21:10:18.270","level":"INFO","thread":"main","correlationId":"","logger":"com.zaxxer.hikari.pool.HikariPool","message":"HikariPool-1 - Added connection conn0: url=jdbc:h2:mem:deliverydb user=SA","exception":""}
{"timestamp":"2026-10-06 21:10:18.274","level":"INFO","thread":"main","correlationId":"","logger":"com.zaxxer.hikari.HikariDataSource","message":"HikariPool-1 - Start completed.","exception":""}
{"timestamp":"2026-10-06 21:10:18.344","level":"WARN","thread":"main","correlationId":"","logger":"org.hibernate.orm.deprecation","message":"HHH90000025: H2Dialect does not need to be specified explicitly using 'hibernate.dialect' (remove the property setting and it will be selected by default)","exception":""}
{"timestamp":"2026-10-06 21:10:20.817","level":"INFO","thread":"main","correlationId":"","logger":"o.s.o.j.LocalContainerEntityManagerFactoryBean","message":"Initialized JPA EntityManagerFactory for persistence unit 'default'","exception":""}
{"timestamp":"2026-10-06 21:10:21.084","level":"INFO","thread":"main","correlationId":"","logger":"o.s.d.j.r.q.QueryEnhancerFactories","message":"Hibernate is in classpath; If applicable, HQL parser will be used.","exception":""}
{"timestamp":"2026-10-06 21:10:21.436","level":"INFO","thread":"main","correlationId":"","logger":"o.s.s.c.a.a.c.InitializeAuthenticationProviderBeanManagerConfigurer$InitializeAuthenticationProviderManagerConfigurer","message":"Global AuthenticationManager configured with AuthenticationProvider bean with name authenticationProvider","exception":""}
{"timestamp":"2026-10-06 21:10:21.445","level":"WARN","thread":"main","correlationId":"","logger":"o.s.s.c.a.a.c.InitializeUserDetailsBeanManagerConfigurer$InitializeUserDetailsManagerConfigurer","message":"Global AuthenticationManager configured with an AuthenticationProvider bean. UserDetailsService beans will not be used by Spring Security for automatically configuring username/password login. Consider removing the AuthenticationProvider bean. Alternatively, consider using the UserDetailsService in a manually instantiated DaoAuthenticationProvider. If the current configuration is intentional, to turn off this warning, increase the logging level of 'org.springframework.security.config.annotation.authentication.configuration.InitializeUserDetailsBeanManagerConfigurer' to ERROR","exception":""}
{"timestamp":"2026-10-06 21:10:25.267","level":"DEBUG","thread":"main","correlationId":"","logger":"o.s.s.web.DefaultSecurityFilterChain","message":"Will secure any request with filters: DisableEncodeUrlFilter, WebAsyncManagerIntegrationFilter, SecurityContextHolderFilter, HeaderWriterFilter, CorsFilter, LogoutFilter, JwtAuthenticationFilter, RequestCacheAwareFilter, SecurityContextHolderAwareRequestFilter, AnonymousAuthenticationFilter, SessionManagementFilter, ExceptionTranslationFilter, AuthorizationFilter","exception":""}
{"timestamp":"2026-10-06 21:10:25.568","level":"DEBUG","thread":"main","correlationId":"","logger":"o.s.w.s.m.m.a.RequestMappingHandlerMapping","message":"43 mappings in 'requestMappingHandlerMapping'","exception":""}
{"timestamp":"2026-10-06 21:10:25.619","level":"DEBUG","thread":"main","correlationId":"","logger":"o.s.w.s.h.SimpleUrlHandlerMapping","message":"Patterns [/webjars/**, /**, /swagger-ui*/*swagger-initializer.js, /swagger-ui*/**] in 'resourceHandlerMapping'","exception":""}
{"timestamp":"2026-10-06 21:10:25.687","level":"DEBUG","thread":"main","correlationId":"","logger":"o.s.w.s.m.m.a.RequestMappingHandlerAdapter","message":"ControllerAdvice beans: 0 @ModelAttribute, 0 @InitBinder, 2 RequestBodyAdvice, 1 ResponseBodyAdvice","exception":""}
{"timestamp":"2026-10-06 21:10:25.797","level":"DEBUG","thread":"main","correlationId":"","logger":"o.s.w.s.m.m.a.ExceptionHandlerExceptionResolver","message":"ControllerAdvice beans: 2 @ExceptionHandler, 1 ResponseBodyAdvice","exception":""}
{"timestamp":"2026-10-06 21:10:27.101","level":"INFO","thread":"main","correlationId":"","logger":"o.s.b.h.a.H2ConsoleAutoConfiguration","message":"H2 console available at '/h2-console'. Database available at 'jdbc:h2:mem:deliverydb'","exception":""}
{"timestamp":"2026-10-06 21:10:27.351","level":"INFO","thread":"main","correlationId":"","logger":"o.s.b.a.e.web.EndpointLinksResolver","message":"Exposing 14 endpoints beneath base path '/actuator'","exception":""}
{"timestamp":"2026-10-06 21:10:27.511","level":"INFO","thread":"main","correlationId":"","logger":"c.d.d.DeliveryApiApplicationTests","message":"Started DeliveryApiApplicationTests in 17.046 seconds (process running for 20.189)","exception":""}
{"timestamp":"2026-10-06 21:10:28.312","level":"DEBUG","thread":"SpringApplicationShutdownHook","correlationId":"","logger":"o.s.w.c.s.GenericWebApplicationContext","message":"Closing org.springframework.web.context.support.GenericWebApplicationContext@34fc315d, started on Tue Oct 06 21:10:11 BRT 2026","exception":""}
{"timestamp":"2026-10-06 21:10:29.400","level":"INFO","thread":"SpringApplicationShutdownHook","correlationId":"","logger":"o.s.o.j.LocalContainerEntityManagerFactoryBean","message":"Closing JPA EntityManagerFactory for persistence unit 'default'","exception":""}
{"timestamp":"2026-10-06 21:10:29.400","level":"INFO","thread":"SpringApplicationShutdownHook","correlationId":"","logger":"com.zaxxer.hikari.HikariDataSource","message":"HikariPool-1 - Shutdown initiated...","exception":""}
{"timestamp":"2026-10-06 21:10:29.415","level":"INFO","thread":"SpringApplicationShutdownHook","correlationId":"","logger":"com.zaxxer.hikari.HikariDataSource","message":"HikariPool-1 - Shutdown completed.","exception":""}
{"timestamp":"2026-10-06 21:11:12.575","level":"INFO","thread":"File Watcher","correlationId":"","logger":"o.s.b.d.a.LocalDevToolsAutoConfiguration$RestartingClassPathChangeChangedEventListener","message":"Restarting due to 2 class path changes (0 additions, 0 deletions, 2 modifications)","exception":""}
{"timestamp":"2026-10-06 21:11:12.602","level":"INFO","thread":"Thread-5","correlationId":"","logger":"o.s.boot.tomcat.GracefulShutdown","message":"Commencing graceful shutdown. Waiting for active requests to complete","exception":""}
{"timestamp":"2026-10-06 21:11:12.608","level":"INFO","thread":"tomcat-shutdown","correlationId":"","logger":"o.a.coyote.http11.Http11NioProtocol","message":"Pausing ProtocolHandler ["http-nio-8080"]","exception":""}
{"timestamp":"2026-10-06 21:11:12.619","level":"INFO","thread":"tomcat-shutdown","correlationId":"","logger":"o.s.boot.tomcat.GracefulShutdown","message":"Graceful shutdown complete","exception":""}
{"timestamp":"2026-10-06 21:11:12.619","level":"INFO","thread":"Thread-5","correlationId":"","logger":"o.a.coyote.http11.Http11NioProtocol","message":"Stopping ProtocolHandler ["http-nio-8080"]","exception":""}
{"timestamp":"2026-10-06 21:11:12.634","level":"INFO","thread":"Thread-5","correlationId":"","logger":"o.s.o.j.LocalContainerEntityManagerFactoryBean","message":"Closing JPA EntityManagerFactory for persistence unit 'default'","exception":""}
{"timestamp":"2026-10-06 21:11:12.664","level":"WARN","thread":"Thread-5","correlationId":"","logger":"o.s.b.f.s.DisposableBeanAdapter","message":"Invocation of destroy method failed on bean with name 'inMemoryDatabaseShutdownExecutor': org.h2.jdbc.JdbcSQLNonTransientConnectionException: Database is already closed (to disable automatic closing at VM shutdown, add ";DB_CLOSE_ON_EXIT=FALSE" to the db URL) [90121-240]","exception":""}
{"timestamp":"2026-10-06 21:11:12.667","level":"INFO","thread":"Thread-5","correlationId":"","logger":"com.zaxxer.hikari.HikariDataSource","message":"HikariPool-2 - Shutdown initiated...","exception":""}
{"timestamp":"2026-10-06 21:11:12.667","level":"INFO","thread":"Thread-5","correlationId":"","logger":"com.zaxxer.hikari.HikariDataSource","message":"HikariPool-2 - Shutdown completed.","exception":""}
{"timestamp":"2026-10-06 21:11:13.929","level":"INFO","thread":"restartedMain","correlationId":"","logger":"c.d.d.DeliveryApiApplication","message":"Starting DeliveryApiApplication using Java 21.0.12 with PID 20352 (C:\Marinho_Matheus\FAT\delivery_api\target\classes started by anama in C:\Marinho_Matheus\FAT\delivery_api)","exception":""}
{"timestamp":"2026-10-06 21:11:13.929","level":"DEBUG","thread":"restartedMain","correlationId":"","logger":"c.d.d.DeliveryApiApplication","message":"Running with Spring Boot v4.1.1, Spring v7.0.9","exception":""}
{"timestamp":"2026-10-06 21:11:13.929","level":"INFO","thread":"restartedMain","correlationId":"","logger":"c.d.d.DeliveryApiApplication","message":"No active profile set, falling back to 1 default profile: "default"","exception":""}
{"timestamp":"2026-10-06 21:11:14.455","level":"INFO","thread":"restartedMain","correlationId":"","logger":"o.s.d.r.c.RepositoryConfigurationDelegate","message":"Multiple Spring Data modules found, entering strict repository configuration mode","exception":""}
{"timestamp":"2026-10-06 21:11:14.455","level":"INFO","thread":"restartedMain","correlationId":"","logger":"o.s.d.r.c.RepositoryConfigurationDelegate","message":"Bootstrapping Spring Data JPA repositories in DEFAULT mode.","exception":""}
{"timestamp":"2026-10-06 21:11:14.506","level":"INFO","thread":"restartedMain","correlationId":"","logger":"o.s.d.r.c.RepositoryConfigurationDelegate","message":"Finished Spring Data repository scanning in 44 ms. Found 5 JPA repository interfaces.","exception":""}
{"timestamp":"2026-10-06 21:11:14.912","level":"INFO","thread":"restartedMain","correlationId":"","logger":"o.s.boot.tomcat.TomcatWebServer","message":"Tomcat initialized with port 8080 (http)","exception":""}
{"timestamp":"2026-10-06 21:11:14.912","level":"INFO","thread":"restartedMain","correlationId":"","logger":"o.a.coyote.http11.Http11NioProtocol","message":"Initializing ProtocolHandler ["http-nio-8080"]","exception":""}
{"timestamp":"2026-10-06 21:11:14.914","level":"INFO","thread":"restartedMain","correlationId":"","logger":"o.a.catalina.core.StandardService","message":"Starting service [Tomcat]","exception":""}
{"timestamp":"2026-10-06 21:11:14.914","level":"INFO","thread":"restartedMain","correlationId":"","logger":"o.a.catalina.core.StandardEngine","message":"Starting Servlet engine: [Apache Tomcat/11.0.24]","exception":""}
{"timestamp":"2026-10-06 21:11:14.952","level":"INFO","thread":"restartedMain","correlationId":"","logger":"o.s.b.w.c.s.WebApplicationContextInitializer","message":"Root WebApplicationContext: initialization completed in 1023 ms","exception":""}
{"timestamp":"2026-10-06 21:11:15.257","level":"INFO","thread":"restartedMain","correlationId":"","logger":"o.s.o.j.p.SpringPersistenceUnitInfo","message":"No LoadTimeWeaver setup: ignoring JPA class transformer","exception":""}
{"timestamp":"2026-10-06 21:11:15.262","level":"INFO","thread":"restartedMain","correlationId":"","logger":"com.zaxxer.hikari.HikariDataSource","message":"HikariPool-3 - Starting...","exception":""}
{"timestamp":"2026-10-06 21:11:15.268","level":"INFO","thread":"restartedMain","correlationId":"","logger":"com.zaxxer.hikari.pool.HikariPool","message":"HikariPool-3 - Added connection conn20: url=jdbc:h2:mem:deliverydb user=SA","exception":""}
{"timestamp":"2026-10-06 21:11:15.270","level":"INFO","thread":"restartedMain","correlationId":"","logger":"com.zaxxer.hikari.HikariDataSource","message":"HikariPool-3 - Start completed.","exception":""}
{"timestamp":"2026-10-06 21:11:15.272","level":"WARN","thread":"restartedMain","correlationId":"","logger":"org.hibernate.orm.deprecation","message":"HHH90000025: H2Dialect does not need to be specified explicitly using 'hibernate.dialect' (remove the property setting and it will be selected by default)","exception":""}
{"timestamp":"2026-10-06 21:11:15.650","level":"INFO","thread":"restartedMain","correlationId":"","logger":"o.s.o.j.LocalContainerEntityManagerFactoryBean","message":"Initialized JPA EntityManagerFactory for persistence unit 'default'","exception":""}
{"timestamp":"2026-10-06 21:11:15.846","level":"DEBUG","thread":"restartedMain","correlationId":"","logger":"c.d.d.s.JwtAuthenticationFilter","message":"Filter 'jwtAuthenticationFilter' configured for use","exception":""}
{"timestamp":"2026-10-06 21:11:15.846","level":"DEBUG","thread":"restartedMain","correlationId":"","logger":"o.s.w.f.ServerHttpObservationFilter","message":"Filter 'webMvcObservationFilter' configured for use","exception":""}
{"timestamp":"2026-10-06 21:11:15.912","level":"INFO","thread":"restartedMain","correlationId":"","logger":"o.s.s.c.a.a.c.InitializeAuthenticationProviderBeanManagerConfigurer$InitializeAuthenticationProviderManagerConfigurer","message":"Global AuthenticationManager configured with AuthenticationProvider bean with name authenticationProvider","exception":""}
{"timestamp":"2026-10-06 21:11:15.912","level":"WARN","thread":"restartedMain","correlationId":"","logger":"o.s.s.c.a.a.c.InitializeUserDetailsBeanManagerConfigurer$InitializeUserDetailsManagerConfigurer","message":"Global AuthenticationManager configured with an AuthenticationProvider bean. UserDetailsService beans will not be used by Spring Security for automatically configuring username/password login. Consider removing the AuthenticationProvider bean. Alternatively, consider using the UserDetailsService in a manually instantiated DaoAuthenticationProvider. If the current configuration is intentional, to turn off this warning, increase the logging level of 'org.springframework.security.config.annotation.authentication.configuration.InitializeUserDetailsBeanManagerConfigurer' to ERROR","exception":""}
{"timestamp":"2026-10-06 21:11:16.512","level":"DEBUG","thread":"restartedMain","correlationId":"","logger":"o.s.s.web.DefaultSecurityFilterChain","message":"Will secure any request with filters: DisableEncodeUrlFilter, WebAsyncManagerIntegrationFilter, SecurityContextHolderFilter, HeaderWriterFilter, CorsFilter, LogoutFilter, JwtAuthenticationFilter, RequestCacheAwareFilter, SecurityContextHolderAwareRequestFilter, AnonymousAuthenticationFilter, SessionManagementFilter, ExceptionTranslationFilter, AuthorizationFilter","exception":""}
{"timestamp":"2026-10-06 21:11:16.662","level":"DEBUG","thread":"restartedMain","correlationId":"","logger":"o.s.w.s.m.m.a.RequestMappingHandlerMapping","message":"43 mappings in 'requestMappingHandlerMapping'","exception":""}
{"timestamp":"2026-10-06 21:11:16.712","level":"DEBUG","thread":"restartedMain","correlationId":"","logger":"o.s.w.s.h.SimpleUrlHandlerMapping","message":"Patterns [/webjars/**, /**, /swagger-ui*/*swagger-initializer.js, /swagger-ui*/**] in 'resourceHandlerMapping'","exception":""}
{"timestamp":"2026-10-06 21:11:16.745","level":"DEBUG","thread":"restartedMain","correlationId":"","logger":"o.s.w.s.m.m.a.RequestMappingHandlerAdapter","message":"ControllerAdvice beans: 0 @ModelAttribute, 0 @InitBinder, 2 RequestBodyAdvice, 1 ResponseBodyAdvice","exception":""}
{"timestamp":"2026-10-06 21:11:16.778","level":"DEBUG","thread":"restartedMain","correlationId":"","logger":"o.s.w.s.m.m.a.ExceptionHandlerExceptionResolver","message":"ControllerAdvice beans: 2 @ExceptionHandler, 1 ResponseBodyAdvice","exception":""}
{"timestamp":"2026-10-06 21:11:17.145","level":"INFO","thread":"restartedMain","correlationId":"","logger":"o.s.b.h.a.H2ConsoleAutoConfiguration","message":"H2 console available at '/h2-console'. Database available at 'jdbc:h2:mem:deliverydb'","exception":""}
{"timestamp":"2026-10-06 21:11:17.245","level":"INFO","thread":"restartedMain","correlationId":"","logger":"o.s.b.a.e.web.EndpointLinksResolver","message":"Exposing 14 endpoints beneath base path '/actuator'","exception":""}
{"timestamp":"2026-10-06 21:11:17.345","level":"INFO","thread":"restartedMain","correlationId":"","logger":"o.a.coyote.http11.Http11NioProtocol","message":"Starting ProtocolHandler ["http-nio-8080"]","exception":""}
{"timestamp":"2026-10-06 21:11:17.345","level":"INFO","thread":"restartedMain","correlationId":"","logger":"o.s.boot.tomcat.TomcatWebServer","message":"Tomcat started on port 8080 (http) with context path '/'","exception":""}
{"timestamp":"2026-10-06 21:11:17.355","level":"INFO","thread":"restartedMain","correlationId":"","logger":"c.d.d.DeliveryApiApplication","message":"Started DeliveryApiApplication in 3.506 seconds (process running for 709.972)","exception":""}
{"timestamp":"2026-10-06 21:11:17.355","level":"INFO","thread":"restartedMain","correlationId":"","logger":"o.s.b.d.a.ConditionEvaluationDeltaLoggingListener","message":"Condition evaluation unchanged","exception":""}
{"timestamp":"2026-10-06 21:11:40.201","level":"INFO","thread":"main","correlationId":"","logger":"c.d.d.DeliveryApiApplicationTests","message":"Starting DeliveryApiApplicationTests using Java 21.0.12 with PID 9248 (started by anama in C:\Marinho_Matheus\FAT\delivery_api)","exception":""}
{"timestamp":"2026-10-06 21:11:40.204","level":"DEBUG","thread":"main","correlationId":"","logger":"c.d.d.DeliveryApiApplicationTests","message":"Running with Spring Boot v4.1.1, Spring v7.0.9","exception":""}
{"timestamp":"2026-10-06 21:11:40.206","level":"INFO","thread":"main","correlationId":"","logger":"c.d.d.DeliveryApiApplicationTests","message":"No active profile set, falling back to 1 default profile: "default"","exception":""}
{"timestamp":"2026-10-06 21:11:40.372","level":"DEBUG","thread":"main","correlationId":"","logger":"o.s.w.c.s.GenericWebApplicationContext","message":"Refreshing org.springframework.web.context.support.GenericWebApplicationContext@36a1fd20","exception":""}
{"timestamp":"2026-10-06 21:11:44.100","level":"INFO","thread":"main","correlationId":"","logger":"o.s.d.r.c.RepositoryConfigurationDelegate","message":"Multiple Spring Data modules found, entering strict repository configuration mode","exception":""}
{"timestamp":"2026-10-06 21:11:44.104","level":"INFO","thread":"main","correlationId":"","logger":"o.s.d.r.c.RepositoryConfigurationDelegate","message":"Bootstrapping Spring Data JPA repositories in DEFAULT mode.","exception":""}
{"timestamp":"2026-10-06 21:11:44.463","level":"INFO","thread":"main","correlationId":"","logger":"o.s.d.r.c.RepositoryConfigurationDelegate","message":"Finished Spring Data repository scanning in 333 ms. Found 5 JPA repository interfaces.","exception":""}
{"timestamp":"2026-10-06 21:11:47.460","level":"INFO","thread":"main","correlationId":"","logger":"o.s.o.j.p.SpringPersistenceUnitInfo","message":"No LoadTimeWeaver setup: ignoring JPA class transformer","exception":""}
{"timestamp":"2026-10-06 21:11:47.562","level":"INFO","thread":"main","correlationId":"","logger":"com.zaxxer.hikari.HikariDataSource","message":"HikariPool-1 - Starting...","exception":""}
{"timestamp":"2026-10-06 21:11:48.226","level":"INFO","thread":"main","correlationId":"","logger":"com.zaxxer.hikari.pool.HikariPool","message":"HikariPool-1 - Added connection conn0: url=jdbc:h2:mem:deliverydb user=SA","exception":""}
{"timestamp":"2026-10-06 21:11:48.233","level":"INFO","thread":"main","correlationId":"","logger":"com.zaxxer.hikari.HikariDataSource","message":"HikariPool-1 - Start completed.","exception":""}
{"timestamp":"2026-10-06 21:11:48.331","level":"WARN","thread":"main","correlationId":"","logger":"org.hibernate.orm.deprecation","message":"HHH90000025: H2Dialect does not need to be specified explicitly using 'hibernate.dialect' (remove the property setting and it will be selected by default)","exception":""}
{"timestamp":"2026-10-06 21:11:50.929","level":"INFO","thread":"main","correlationId":"","logger":"o.s.o.j.LocalContainerEntityManagerFactoryBean","message":"Initialized JPA EntityManagerFactory for persistence unit 'default'","exception":""}
{"timestamp":"2026-10-06 21:11:51.240","level":"INFO","thread":"main","correlationId":"","logger":"o.s.d.j.r.q.QueryEnhancerFactories","message":"Hibernate is in classpath; If applicable, HQL parser will be used.","exception":""}
{"timestamp":"2026-10-06 21:11:51.642","level":"INFO","thread":"main","correlationId":"","logger":"o.s.s.c.a.a.c.InitializeAuthenticationProviderBeanManagerConfigurer$InitializeAuthenticationProviderManagerConfigurer","message":"Global AuthenticationManager configured with AuthenticationProvider bean with name authenticationProvider","exception":""}
{"timestamp":"2026-10-06 21:11:51.646","level":"WARN","thread":"main","correlationId":"","logger":"o.s.s.c.a.a.c.InitializeUserDetailsBeanManagerConfigurer$InitializeUserDetailsManagerConfigurer","message":"Global AuthenticationManager configured with an AuthenticationProvider bean. UserDetailsService beans will not be used by Spring Security for automatically configuring username/password login. Consider removing the AuthenticationProvider bean. Alternatively, consider using the UserDetailsService in a manually instantiated DaoAuthenticationProvider. If the current configuration is intentional, to turn off this warning, increase the logging level of 'org.springframework.security.config.annotation.authentication.configuration.InitializeUserDetailsBeanManagerConfigurer' to ERROR","exception":""}
{"timestamp":"2026-10-06 21:11:55.500","level":"DEBUG","thread":"main","correlationId":"","logger":"o.s.s.web.DefaultSecurityFilterChain","message":"Will secure any request with filters: DisableEncodeUrlFilter, WebAsyncManagerIntegrationFilter, SecurityContextHolderFilter, HeaderWriterFilter, CorsFilter, LogoutFilter, JwtAuthenticationFilter, RequestCacheAwareFilter, SecurityContextHolderAwareRequestFilter, AnonymousAuthenticationFilter, SessionManagementFilter, ExceptionTranslationFilter, AuthorizationFilter","exception":""}
{"timestamp":"2026-10-06 21:11:55.903","level":"DEBUG","thread":"main","correlationId":"","logger":"o.s.w.s.m.m.a.RequestMappingHandlerMapping","message":"43 mappings in 'requestMappingHandlerMapping'","exception":""}
{"timestamp":"2026-10-06 21:11:55.998","level":"DEBUG","thread":"main","correlationId":"","logger":"o.s.w.s.h.SimpleUrlHandlerMapping","message":"Patterns [/webjars/**, /**, /swagger-ui*/*swagger-initializer.js, /swagger-ui*/**] in 'resourceHandlerMapping'","exception":""}
{"timestamp":"2026-10-06 21:11:56.062","level":"DEBUG","thread":"main","correlationId":"","logger":"o.s.w.s.m.m.a.RequestMappingHandlerAdapter","message":"ControllerAdvice beans: 0 @ModelAttribute, 0 @InitBinder, 2 RequestBodyAdvice, 1 ResponseBodyAdvice","exception":""}
{"timestamp":"2026-10-06 21:11:56.201","level":"DEBUG","thread":"main","correlationId":"","logger":"o.s.w.s.m.m.a.ExceptionHandlerExceptionResolver","message":"ControllerAdvice beans: 2 @ExceptionHandler, 1 ResponseBodyAdvice","exception":""}
{"timestamp":"2026-10-06 21:11:57.866","level":"INFO","thread":"main","correlationId":"","logger":"o.s.b.h.a.H2ConsoleAutoConfiguration","message":"H2 console available at '/h2-console'. Database available at 'jdbc:h2:mem:deliverydb'","exception":""}
{"timestamp":"2026-10-06 21:11:58.606","level":"INFO","thread":"main","correlationId":"","logger":"o.s.b.a.e.web.EndpointLinksResolver","message":"Exposing 14 endpoints beneath base path '/actuator'","exception":""}
{"timestamp":"2026-10-06 21:11:58.922","level":"INFO","thread":"main","correlationId":"","logger":"c.d.d.DeliveryApiApplicationTests","message":"Started DeliveryApiApplicationTests in 20.409 seconds (process running for 23.386)","exception":""}
{"timestamp":"2026-10-06 21:12:00.095","level":"DEBUG","thread":"SpringApplicationShutdownHook","correlationId":"","logger":"o.s.w.c.s.GenericWebApplicationContext","message":"Closing org.springframework.web.context.support.GenericWebApplicationContext@36a1fd20, started on Tue Oct 06 21:11:40 BRT 2026","exception":""}
{"timestamp":"2026-10-06 21:12:01.176","level":"INFO","thread":"SpringApplicationShutdownHook","correlationId":"","logger":"o.s.o.j.LocalContainerEntityManagerFactoryBean","message":"Closing JPA EntityManagerFactory for persistence unit 'default'","exception":""}
{"timestamp":"2026-10-06 21:12:01.193","level":"INFO","thread":"SpringApplicationShutdownHook","correlationId":"","logger":"com.zaxxer.hikari.HikariDataSource","message":"HikariPool-1 - Shutdown initiated...","exception":""}
{"timestamp":"2026-10-06 21:12:01.197","level":"INFO","thread":"SpringApplicationShutdownHook","correlationId":"","logger":"com.zaxxer.hikari.HikariDataSource","message":"HikariPool-1 - Shutdown completed.","exception":""}
{"timestamp":"2026-10-06 21:13:30.418","level":"INFO","thread":"http-nio-8080-exec-1","correlationId":"","logger":"o.a.c.c.C.[Tomcat].[localhost].[/]","message":"Initializing Spring DispatcherServlet 'dispatcherServlet'","exception":""}
{"timestamp":"2026-10-06 21:13:30.419","level":"INFO","thread":"http-nio-8080-exec-1","correlationId":"","logger":"o.s.web.servlet.DispatcherServlet","message":"Initializing Servlet 'dispatcherServlet'","exception":""}
{"timestamp":"2026-10-06 21:13:30.420","level":"DEBUG","thread":"http-nio-8080-exec-1","correlationId":"","logger":"o.s.web.servlet.DispatcherServlet","message":"Detected StandardServletMultipartResolver","exception":""}
{"timestamp":"2026-10-06 21:13:30.420","level":"DEBUG","thread":"http-nio-8080-exec-1","correlationId":"","logger":"o.s.web.servlet.DispatcherServlet","message":"Detected AcceptHeaderLocaleResolver","exception":""}
{"timestamp":"2026-10-06 21:13:30.424","level":"DEBUG","thread":"http-nio-8080-exec-1","correlationId":"","logger":"o.s.web.servlet.DispatcherServlet","message":"Detected org.springframework.web.servlet.view.DefaultRequestToViewNameTranslator@77009938","exception":""}
{"timestamp":"2026-10-06 21:13:30.425","level":"DEBUG","thread":"http-nio-8080-exec-1","correlationId":"","logger":"o.s.web.servlet.DispatcherServlet","message":"Detected org.springframework.web.servlet.support.SessionFlashMapManager@55fd56c2","exception":""}
{"timestamp":"2026-10-06 21:13:30.426","level":"DEBUG","thread":"http-nio-8080-exec-1","correlationId":"","logger":"o.s.web.servlet.DispatcherServlet","message":"enableLoggingRequestDetails='false': request parameters and headers will be masked to prevent unsafe logging of potentially sensitive data","exception":""}
{"timestamp":"2026-10-06 21:13:30.426","level":"INFO","thread":"http-nio-8080-exec-1","correlationId":"","logger":"o.s.web.servlet.DispatcherServlet","message":"Completed initialization in 6 ms","exception":""}
{"timestamp":"2026-10-06 21:13:30.428","level":"DEBUG","thread":"http-nio-8080-exec-1","correlationId":"","logger":"o.s.security.web.FilterChainProxy","message":"Securing GET /actuator/health","exception":""}
{"timestamp":"2026-10-06 21:13:30.432","level":"WARN","thread":"http-nio-8080-exec-1","correlationId":"","logger":"c.d.d.s.JwtAuthenticationFilter","message":"JWT Token não começa com Bearer String","exception":""}
{"timestamp":"2026-10-06 21:13:30.433","level":"DEBUG","thread":"http-nio-8080-exec-1","correlationId":"","logger":"o.s.s.w.a.AnonymousAuthenticationFilter","message":"Set SecurityContextHolder to anonymous SecurityContext","exception":""}
{"timestamp":"2026-10-06 21:13:30.435","level":"DEBUG","thread":"http-nio-8080-exec-1","correlationId":"","logger":"o.s.security.web.FilterChainProxy","message":"Secured GET /actuator/health","exception":""}
{"timestamp":"2026-10-06 21:13:30.437","level":"DEBUG","thread":"http-nio-8080-exec-1","correlationId":"6a8b2e29efb84f2c","logger":"o.s.web.servlet.DispatcherServlet","message":"GET "/actuator/health", parameters={}","exception":""}
{"timestamp":"2026-10-06 21:13:30.441","level":"DEBUG","thread":"http-nio-8080-exec-1","correlationId":"6a8b2e29efb84f2c","logger":"o.s.w.s.m.m.a.RequestResponseBodyMethodProcessor","message":"Read "application/octet-stream" to []","exception":""}
{"timestamp":"2026-10-06 21:13:30.445","level":"DEBUG","thread":"http-nio-8080-exec-1","correlationId":"6a8b2e29efb84f2c","logger":"o.s.web.client.RestTemplate","message":"HTTP GET https://httpbin.org/status/200","exception":""}
{"timestamp":"2026-10-06 21:13:30.446","level":"DEBUG","thread":"http-nio-8080-exec-1","correlationId":"6a8b2e29efb84f2c","logger":"o.s.web.client.RestTemplate","message":"Accept=[text/plain, application/json, application/yaml, application/*+json, */*]","exception":""}
{"timestamp":"2026-10-06 21:13:31.019","level":"DEBUG","thread":"http-nio-8080-exec-1","correlationId":"6a8b2e29efb84f2c","logger":"o.s.web.client.RestTemplate","message":"Response 200 OK","exception":""}
{"timestamp":"2026-10-06 21:13:31.024","level":"DEBUG","thread":"http-nio-8080-exec-1","correlationId":"6a8b2e29efb84f2c","logger":"o.s.w.s.m.m.a.HttpEntityMethodProcessor","message":"Using 'application/vnd.spring-boot.actuator.v3+json', given [*/*] and supported [application/vnd.spring-boot.actuator.v3+json, application/vnd.spring-boot.actuator.v2+json, application/json]","exception":""}
{"timestamp":"2026-10-06 21:13:31.025","level":"DEBUG","thread":"http-nio-8080-exec-1","correlationId":"6a8b2e29efb84f2c","logger":"o.s.w.s.m.m.a.HttpEntityMethodProcessor","message":"Writing [org.springframework.boot.health.actuate.endpoint.SystemHealthDescriptor@6ca49427]","exception":""}
{"timestamp":"2026-10-06 21:13:31.037","level":"DEBUG","thread":"http-nio-8080-exec-1","correlationId":"6a8b2e29efb84f2c","logger":"o.s.web.servlet.DispatcherServlet","message":"Completed 200 OK","exception":""}
{"timestamp":"2026-10-06 21:13:31.452","level":"WARN","thread":"AsyncReporter{ZipkinHttpClientSender{http://localhost:9411/api/v2/spans}}","correlationId":"","logger":"z.r.i.AsyncReporter$BoundedAsyncReporter","message":"Spans were dropped due to exceptions. All subsequent errors will be logged at FINE level.","exception":""}
{"timestamp":"2026-10-06 21:13:31.453","level":"WARN","thread":"AsyncReporter{ZipkinHttpClientSender{http://localhost:9411/api/v2/spans}}","correlationId":"","logger":"z.r.i.AsyncReporter$BoundedAsyncReporter","message":"Dropped 5 spans due to ConnectException()","exception":"java.net.ConnectException
	at java.net.http/jdk.internal.net.http.HttpClientImpl.send(HttpClientImpl.java:955)
	at java.net.http/jdk.internal.net.http.HttpClientFacade.send(HttpClientFacade.java:133)
	at org.springframework.boot.zipkin.autoconfigure.ZipkinHttpClientSender.postSpans(ZipkinHttpClientSender.java:59)
	at org.springframework.boot.zipkin.autoconfigure.HttpSender.postSpans(HttpSender.java:69)
	at org.springframework.boot.zipkin.autoconfigure.HttpSender.postSpans(HttpSender.java:41)
	at zipkin2.reporter.BaseHttpSender.send(BaseHttpSender.java:123)
	at zipkin2.reporter.internal.AsyncReporter$BoundedAsyncReporter.flush(AsyncReporter.java:266)
	at zipkin2.reporter.internal.AsyncReporter$Flusher.run(AsyncReporter.java:352)
	at java.base/java.lang.Thread.run(Thread.java:1583)
Caused by: java.net.ConnectException
	at java.net.http/jdk.internal.net.http.common.Utils.toConnectException(Utils.java:1065)
	at java.net.http/jdk.internal.net.http.PlainHttpConnection.connectAsync(PlainHttpConnection.java:227)
	at java.net.http/jdk.internal.net.http.PlainHttpConnection.checkRetryConnect(PlainHttpConnection.java:280)
	at java.net.http/jdk.internal.net.http.PlainHttpConnection.lambda$connectAsync$2(PlainHttpConnection.java:238)
	at java.base/java.util.concurrent.CompletableFuture.uniHandle(CompletableFuture.java:934)
	at java.base/java.util.concurrent.CompletableFuture$UniHandle.tryFire(CompletableFuture.java:911)
	at java.base/java.util.concurrent.CompletableFuture.postComplete(CompletableFuture.java:510)
	at java.base/java.util.concurrent.CompletableFuture$AsyncSupply.run(CompletableFuture.java:1773)
	at java.base/java.util.concurrent.ThreadPoolExecutor.runWorker(ThreadPoolExecutor.java:1144)
	at java.base/java.util.concurrent.ThreadPoolExecutor$Worker.run(ThreadPoolExecutor.java:642)
	... 1 common frames omitted
Caused by: java.nio.channels.ClosedChannelException
	at java.base/sun.nio.ch.SocketChannelImpl.ensureOpen(SocketChannelImpl.java:202)
	at java.base/sun.nio.ch.SocketChannelImpl.beginConnect(SocketChannelImpl.java:786)
	at java.base/sun.nio.ch.SocketChannelImpl.connect(SocketChannelImpl.java:874)
	at java.net.http/jdk.internal.net.http.PlainHttpConnection.lambda$connectAsync$1(PlainHttpConnection.java:210)
	at java.base/java.security.AccessController.doPrivileged(AccessController.java:571)
	at java.net.http/jdk.internal.net.http.PlainHttpConnection.connectAsync(PlainHttpConnection.java:212)
	... 9 common frames omitted
"}
{"timestamp":"2026-10-06 21:13:45.501","level":"DEBUG","thread":"http-nio-8080-exec-6","correlationId":"","logger":"o.s.security.web.FilterChainProxy","message":"Securing POST /api/auth/register","exception":""}
{"timestamp":"2026-10-06 21:13:45.503","level":"WARN","thread":"http-nio-8080-exec-6","correlationId":"","logger":"c.d.d.s.JwtAuthenticationFilter","message":"JWT Token não começa com Bearer String","exception":""}
{"timestamp":"2026-10-06 21:13:45.506","level":"DEBUG","thread":"http-nio-8080-exec-6","correlationId":"","logger":"o.s.s.w.a.AnonymousAuthenticationFilter","message":"Set SecurityContextHolder to anonymous SecurityContext","exception":""}
{"timestamp":"2026-10-06 21:13:45.507","level":"DEBUG","thread":"http-nio-8080-exec-6","correlationId":"","logger":"o.s.security.web.FilterChainProxy","message":"Secured POST /api/auth/register","exception":""}
{"timestamp":"2026-10-06 21:13:45.508","level":"DEBUG","thread":"http-nio-8080-exec-6","correlationId":"9998ee93a3f04105","logger":"o.s.web.servlet.DispatcherServlet","message":"POST "/api/auth/register", parameters={}","exception":""}
{"timestamp":"2026-10-06 21:13:45.511","level":"DEBUG","thread":"http-nio-8080-exec-6","correlationId":"9998ee93a3f04105","logger":"o.s.w.s.m.m.a.RequestMappingHandlerMapping","message":"Mapped to com.delivery.delivery_api.controller.AuthController#register(RegisterRequestDTO)","exception":""}
{"timestamp":"2026-10-06 21:13:45.643","level":"DEBUG","thread":"http-nio-8080-exec-6","correlationId":"9998ee93a3f04105","logger":"o.s.web.method.HandlerMethod","message":"Could not resolve parameter [0] in public org.springframework.http.ResponseEntity<?> com.delivery.delivery_api.controller.AuthController.register(com.delivery.delivery_api.dto.RegisterRequestDTO): JSON parse error: Unexpected character ('n' (code 110)): was expecting double-quote to start property name","exception":""}
{"timestamp":"2026-10-06 21:13:45.646","level":"DEBUG","thread":"http-nio-8080-exec-6","correlationId":"9998ee93a3f04105","logger":"o.s.w.s.m.m.a.ExceptionHandlerExceptionResolver","message":"Using @ExceptionHandler com.delivery.delivery_api.exception.GlobalExceptionHandler#handleGenericException(Exception, HttpServletRequest)","exception":""}
{"timestamp":"2026-10-06 21:13:45.733","level":"DEBUG","thread":"http-nio-8080-exec-6","correlationId":"9998ee93a3f04105","logger":"o.s.w.s.m.m.a.HttpEntityMethodProcessor","message":"Using 'application/json', given [*/*] and supported [application/json, application/*+json, application/yaml]","exception":""}
{"timestamp":"2026-10-06 21:13:45.734","level":"DEBUG","thread":"http-nio-8080-exec-6","correlationId":"9998ee93a3f04105","logger":"o.s.w.s.m.m.a.HttpEntityMethodProcessor","message":"Writing [com.delivery.delivery_api.dto.ErrorResponse@41cd6488]","exception":""}
{"timestamp":"2026-10-06 21:13:45.738","level":"WARN","thread":"http-nio-8080-exec-6","correlationId":"9998ee93a3f04105","logger":"o.s.w.s.m.m.a.ExceptionHandlerExceptionResolver","message":"Resolved [org.springframework.http.converter.HttpMessageNotReadableException: JSON parse error: Unexpected character ('n' (code 110)): was expecting double-quote to start property name]","exception":""}
{"timestamp":"2026-10-06 21:13:45.739","level":"DEBUG","thread":"http-nio-8080-exec-6","correlationId":"9998ee93a3f04105","logger":"o.s.web.servlet.DispatcherServlet","message":"Completed 500 INTERNAL_SERVER_ERROR","exception":""}
{"timestamp":"2026-10-06 21:17:59.201","level":"INFO","thread":"main","correlationId":"","logger":"c.d.d.DeliveryApiApplication","message":"Starting DeliveryApiApplication v0.0.1-SNAPSHOT using Java 21.0.12 with PID 384 (C:\Marinho_Matheus\FAT\delivery_api\target\delivery-api-0.0.1-SNAPSHOT.jar started by anama in C:\Marinho_Matheus\FAT\delivery_api)","exception":""}
{"timestamp":"2026-10-06 21:17:59.213","level":"DEBUG","thread":"main","correlationId":"","logger":"c.d.d.DeliveryApiApplication","message":"Running with Spring Boot v4.1.1, Spring v7.0.9","exception":""}
{"timestamp":"2026-10-06 21:17:59.213","level":"INFO","thread":"main","correlationId":"","logger":"c.d.d.DeliveryApiApplication","message":"No active profile set, falling back to 1 default profile: "default"","exception":""}
{"timestamp":"2026-10-06 21:18:01.265","level":"INFO","thread":"main","correlationId":"","logger":"o.s.d.r.c.RepositoryConfigurationDelegate","message":"Multiple Spring Data modules found, entering strict repository configuration mode","exception":""}
{"timestamp":"2026-10-06 21:18:01.267","level":"INFO","thread":"main","correlationId":"","logger":"o.s.d.r.c.RepositoryConfigurationDelegate","message":"Bootstrapping Spring Data JPA repositories in DEFAULT mode.","exception":""}
{"timestamp":"2026-10-06 21:18:01.487","level":"INFO","thread":"main","correlationId":"","logger":"o.s.d.r.c.RepositoryConfigurationDelegate","message":"Finished Spring Data repository scanning in 203 ms. Found 5 JPA repository interfaces.","exception":""}
{"timestamp":"2026-10-06 21:18:02.838","level":"INFO","thread":"main","correlationId":"","logger":"o.s.boot.tomcat.TomcatWebServer","message":"Tomcat initialized with port 8081 (http)","exception":""}
{"timestamp":"2026-10-06 21:18:02.864","level":"INFO","thread":"main","correlationId":"","logger":"o.a.coyote.http11.Http11NioProtocol","message":"Initializing ProtocolHandler ["http-nio-8081"]","exception":""}
{"timestamp":"2026-10-06 21:18:02.865","level":"INFO","thread":"main","correlationId":"","logger":"o.a.catalina.core.StandardService","message":"Starting service [Tomcat]","exception":""}
{"timestamp":"2026-10-06 21:18:02.865","level":"INFO","thread":"main","correlationId":"","logger":"o.a.catalina.core.StandardEngine","message":"Starting Servlet engine: [Apache Tomcat/11.0.24]","exception":""}
{"timestamp":"2026-10-06 21:18:02.905","level":"INFO","thread":"main","correlationId":"","logger":"o.s.b.w.c.s.WebApplicationContextInitializer","message":"Root WebApplicationContext: initialization completed in 3623 ms","exception":""}
{"timestamp":"2026-10-06 21:18:04.587","level":"INFO","thread":"main","correlationId":"","logger":"o.s.o.j.p.SpringPersistenceUnitInfo","message":"No LoadTimeWeaver setup: ignoring JPA class transformer","exception":""}
{"timestamp":"2026-10-06 21:18:04.631","level":"INFO","thread":"main","correlationId":"","logger":"com.zaxxer.hikari.HikariDataSource","message":"HikariPool-1 - Starting...","exception":""}
{"timestamp":"2026-10-06 21:18:04.864","level":"INFO","thread":"main","correlationId":"","logger":"com.zaxxer.hikari.pool.HikariPool","message":"HikariPool-1 - Added connection conn0: url=jdbc:h2:mem:deliverydb user=SA","exception":""}
{"timestamp":"2026-10-06 21:18:04.864","level":"INFO","thread":"main","correlationId":"","logger":"com.zaxxer.hikari.HikariDataSource","message":"HikariPool-1 - Start completed.","exception":""}
{"timestamp":"2026-10-06 21:18:04.897","level":"WARN","thread":"main","correlationId":"","logger":"org.hibernate.orm.deprecation","message":"HHH90000025: H2Dialect does not need to be specified explicitly using 'hibernate.dialect' (remove the property setting and it will be selected by default)","exception":""}
{"timestamp":"2026-10-06 21:18:06.240","level":"INFO","thread":"main","correlationId":"","logger":"o.s.o.j.LocalContainerEntityManagerFactoryBean","message":"Initialized JPA EntityManagerFactory for persistence unit 'default'","exception":""}
{"timestamp":"2026-10-06 21:18:06.356","level":"INFO","thread":"main","correlationId":"","logger":"o.s.d.j.r.q.QueryEnhancerFactories","message":"Hibernate is in classpath; If applicable, HQL parser will be used.","exception":""}
{"timestamp":"2026-10-06 21:18:06.759","level":"DEBUG","thread":"main","correlationId":"","logger":"c.d.d.s.JwtAuthenticationFilter","message":"Filter 'jwtAuthenticationFilter' configured for use","exception":""}
{"timestamp":"2026-10-06 21:18:06.766","level":"DEBUG","thread":"main","correlationId":"","logger":"o.s.w.f.ServerHttpObservationFilter","message":"Filter 'webMvcObservationFilter' configured for use","exception":""}
{"timestamp":"2026-10-06 21:18:06.888","level":"INFO","thread":"main","correlationId":"","logger":"o.s.s.c.a.a.c.InitializeAuthenticationProviderBeanManagerConfigurer$InitializeAuthenticationProviderManagerConfigurer","message":"Global AuthenticationManager configured with AuthenticationProvider bean with name authenticationProvider","exception":""}
{"timestamp":"2026-10-06 21:18:06.892","level":"WARN","thread":"main","correlationId":"","logger":"o.s.s.c.a.a.c.InitializeUserDetailsBeanManagerConfigurer$InitializeUserDetailsManagerConfigurer","message":"Global AuthenticationManager configured with an AuthenticationProvider bean. UserDetailsService beans will not be used by Spring Security for automatically configuring username/password login. Consider removing the AuthenticationProvider bean. Alternatively, consider using the UserDetailsService in a manually instantiated DaoAuthenticationProvider. If the current configuration is intentional, to turn off this warning, increase the logging level of 'org.springframework.security.config.annotation.authentication.configuration.InitializeUserDetailsBeanManagerConfigurer' to ERROR","exception":""}
{"timestamp":"2026-10-06 21:18:08.792","level":"DEBUG","thread":"main","correlationId":"","logger":"o.s.s.web.DefaultSecurityFilterChain","message":"Will secure any request with filters: DisableEncodeUrlFilter, WebAsyncManagerIntegrationFilter, SecurityContextHolderFilter, HeaderWriterFilter, CorsFilter, LogoutFilter, JwtAuthenticationFilter, RequestCacheAwareFilter, SecurityContextHolderAwareRequestFilter, AnonymousAuthenticationFilter, SessionManagementFilter, ExceptionTranslationFilter, AuthorizationFilter","exception":""}
{"timestamp":"2026-10-06 21:18:09.255","level":"DEBUG","thread":"main","correlationId":"","logger":"o.s.w.s.m.m.a.RequestMappingHandlerMapping","message":"43 mappings in 'requestMappingHandlerMapping'","exception":""}
{"timestamp":"2026-10-06 21:18:09.322","level":"DEBUG","thread":"main","correlationId":"","logger":"o.s.w.s.h.SimpleUrlHandlerMapping","message":"Patterns [/webjars/**, /**, /swagger-ui*/*swagger-initializer.js, /swagger-ui*/**] in 'resourceHandlerMapping'","exception":""}
{"timestamp":"2026-10-06 21:18:09.390","level":"DEBUG","thread":"main","correlationId":"","logger":"o.s.w.s.m.m.a.RequestMappingHandlerAdapter","message":"ControllerAdvice beans: 0 @ModelAttribute, 0 @InitBinder, 2 RequestBodyAdvice, 1 ResponseBodyAdvice","exception":""}
{"timestamp":"2026-10-06 21:18:09.521","level":"DEBUG","thread":"main","correlationId":"","logger":"o.s.w.s.m.m.a.ExceptionHandlerExceptionResolver","message":"ControllerAdvice beans: 2 @ExceptionHandler, 1 ResponseBodyAdvice","exception":""}
{"timestamp":"2026-10-06 21:18:10.913","level":"INFO","thread":"main","correlationId":"","logger":"o.s.b.h.a.H2ConsoleAutoConfiguration","message":"H2 console available at '/h2-console'. Database available at 'jdbc:h2:mem:deliverydb'","exception":""}
{"timestamp":"2026-10-06 21:18:11.169","level":"INFO","thread":"main","correlationId":"","logger":"o.s.b.a.e.web.EndpointLinksResolver","message":"Exposing 14 endpoints beneath base path '/actuator'","exception":""}
{"timestamp":"2026-10-06 21:18:11.353","level":"INFO","thread":"main","correlationId":"","logger":"o.a.coyote.http11.Http11NioProtocol","message":"Starting ProtocolHandler ["http-nio-8081"]","exception":""}
{"timestamp":"2026-10-06 21:18:11.372","level":"INFO","thread":"main","correlationId":"","logger":"o.s.boot.tomcat.TomcatWebServer","message":"Tomcat started on port 8081 (http) with context path '/'","exception":""}
{"timestamp":"2026-10-06 21:18:11.395","level":"INFO","thread":"main","correlationId":"","logger":"c.d.d.DeliveryApiApplication","message":"Started DeliveryApiApplication in 13.071 seconds (process running for 13.83)","exception":""}
{"timestamp":"2026-10-06 21:18:47.507","level":"INFO","thread":"http-nio-8081-exec-1","correlationId":"","logger":"o.a.c.c.C.[Tomcat].[localhost].[/]","message":"Initializing Spring DispatcherServlet 'dispatcherServlet'","exception":""}
{"timestamp":"2026-10-06 21:18:47.507","level":"INFO","thread":"http-nio-8081-exec-1","correlationId":"","logger":"o.s.web.servlet.DispatcherServlet","message":"Initializing Servlet 'dispatcherServlet'","exception":""}
{"timestamp":"2026-10-06 21:18:47.510","level":"DEBUG","thread":"http-nio-8081-exec-1","correlationId":"","logger":"o.s.web.servlet.DispatcherServlet","message":"Detected StandardServletMultipartResolver","exception":""}
{"timestamp":"2026-10-06 21:18:47.510","level":"DEBUG","thread":"http-nio-8081-exec-1","correlationId":"","logger":"o.s.web.servlet.DispatcherServlet","message":"Detected AcceptHeaderLocaleResolver","exception":""}
{"timestamp":"2026-10-06 21:18:47.510","level":"DEBUG","thread":"http-nio-8081-exec-1","correlationId":"","logger":"o.s.web.servlet.DispatcherServlet","message":"Detected org.springframework.web.servlet.view.DefaultRequestToViewNameTranslator@3ae47f4f","exception":""}
{"timestamp":"2026-10-06 21:18:47.510","level":"DEBUG","thread":"http-nio-8081-exec-1","correlationId":"","logger":"o.s.web.servlet.DispatcherServlet","message":"Detected org.springframework.web.servlet.support.SessionFlashMapManager@75c4cd19","exception":""}
{"timestamp":"2026-10-06 21:18:47.513","level":"DEBUG","thread":"http-nio-8081-exec-1","correlationId":"","logger":"o.s.web.servlet.DispatcherServlet","message":"enableLoggingRequestDetails='false': request parameters and headers will be masked to prevent unsafe logging of potentially sensitive data","exception":""}
{"timestamp":"2026-10-06 21:18:47.513","level":"INFO","thread":"http-nio-8081-exec-1","correlationId":"","logger":"o.s.web.servlet.DispatcherServlet","message":"Completed initialization in 6 ms","exception":""}
{"timestamp":"2026-10-06 21:18:47.543","level":"DEBUG","thread":"http-nio-8081-exec-1","correlationId":"","logger":"o.s.security.web.FilterChainProxy","message":"Securing POST /api/auth/register","exception":""}
{"timestamp":"2026-10-06 21:18:47.573","level":"WARN","thread":"http-nio-8081-exec-1","correlationId":"","logger":"c.d.d.s.JwtAuthenticationFilter","message":"JWT Token não começa com Bearer String","exception":""}
{"timestamp":"2026-10-06 21:18:47.583","level":"DEBUG","thread":"http-nio-8081-exec-1","correlationId":"","logger":"o.s.s.w.a.AnonymousAuthenticationFilter","message":"Set SecurityContextHolder to anonymous SecurityContext","exception":""}
{"timestamp":"2026-10-06 21:18:47.599","level":"DEBUG","thread":"http-nio-8081-exec-1","correlationId":"","logger":"o.s.security.web.FilterChainProxy","message":"Secured POST /api/auth/register","exception":""}
{"timestamp":"2026-10-06 21:18:47.613","level":"DEBUG","thread":"http-nio-8081-exec-1","correlationId":"a11e11e08dae4f38","logger":"o.s.web.servlet.DispatcherServlet","message":"POST "/api/auth/register", parameters={}","exception":""}
{"timestamp":"2026-10-06 21:18:47.622","level":"DEBUG","thread":"http-nio-8081-exec-1","correlationId":"a11e11e08dae4f38","logger":"o.s.w.s.m.m.a.RequestMappingHandlerMapping","message":"Mapped to com.delivery.delivery_api.controller.AuthController#register(RegisterRequestDTO)","exception":""}
{"timestamp":"2026-10-06 21:18:47.765","level":"DEBUG","thread":"http-nio-8081-exec-1","correlationId":"a11e11e08dae4f38","logger":"o.s.web.method.HandlerMethod","message":"Could not resolve parameter [0] in public org.springframework.http.ResponseEntity<?> com.delivery.delivery_api.controller.AuthController.register(com.delivery.delivery_api.dto.RegisterRequestDTO): JSON parse error: Unexpected character ('n' (code 110)): was expecting double-quote to start property name","exception":""}
{"timestamp":"2026-10-06 21:18:47.767","level":"DEBUG","thread":"http-nio-8081-exec-1","correlationId":"a11e11e08dae4f38","logger":"o.s.w.s.m.m.a.ExceptionHandlerExceptionResolver","message":"Using @ExceptionHandler com.delivery.delivery_api.exception.GlobalExceptionHandler#handleGenericException(Exception, HttpServletRequest)","exception":""}
{"timestamp":"2026-10-06 21:18:47.827","level":"DEBUG","thread":"http-nio-8081-exec-1","correlationId":"a11e11e08dae4f38","logger":"o.s.w.s.m.m.a.HttpEntityMethodProcessor","message":"Using 'application/json', given [*/*] and supported [application/json, application/*+json, application/yaml]","exception":""}
{"timestamp":"2026-10-06 21:18:47.833","level":"DEBUG","thread":"http-nio-8081-exec-1","correlationId":"a11e11e08dae4f38","logger":"o.s.w.s.m.m.a.HttpEntityMethodProcessor","message":"Writing [com.delivery.delivery_api.dto.ErrorResponse@d928d61]","exception":""}
{"timestamp":"2026-10-06 21:18:47.875","level":"DEBUG","thread":"http-nio-8081-exec-1","correlationId":"a11e11e08dae4f38","logger":"o.s.w.s.m.m.a.ExceptionHandlerExceptionResolver","message":"Resolved [org.springframework.http.converter.HttpMessageNotReadableException: JSON parse error: Unexpected character ('n' (code 110)): was expecting double-quote to start property name]","exception":""}
{"timestamp":"2026-10-06 21:18:47.875","level":"DEBUG","thread":"http-nio-8081-exec-1","correlationId":"a11e11e08dae4f38","logger":"o.s.web.servlet.DispatcherServlet","message":"Completed 500 INTERNAL_SERVER_ERROR","exception":""}
{"timestamp":"2026-10-06 21:18:48.760","level":"WARN","thread":"AsyncReporter{ZipkinHttpClientSender{http://localhost:9411/api/v2/spans}}","correlationId":"","logger":"z.r.i.AsyncReporter$BoundedAsyncReporter","message":"Spans were dropped due to exceptions. All subsequent errors will be logged at FINE level.","exception":""}
{"timestamp":"2026-10-06 21:18:48.760","level":"WARN","thread":"AsyncReporter{ZipkinHttpClientSender{http://localhost:9411/api/v2/spans}}","correlationId":"","logger":"z.r.i.AsyncReporter$BoundedAsyncReporter","message":"Dropped 5 spans due to ConnectException()","exception":"java.net.ConnectException
	at java.net.http/jdk.internal.net.http.HttpClientImpl.send(HttpClientImpl.java:955)
	at java.net.http/jdk.internal.net.http.HttpClientFacade.send(HttpClientFacade.java:133)
	at org.springframework.boot.zipkin.autoconfigure.ZipkinHttpClientSender.postSpans(ZipkinHttpClientSender.java:59)
	at org.springframework.boot.zipkin.autoconfigure.HttpSender.postSpans(HttpSender.java:69)
	at org.springframework.boot.zipkin.autoconfigure.HttpSender.postSpans(HttpSender.java:41)
	at zipkin2.reporter.BaseHttpSender.send(BaseHttpSender.java:123)
	at zipkin2.reporter.internal.AsyncReporter$BoundedAsyncReporter.flush(AsyncReporter.java:266)
	at zipkin2.reporter.internal.AsyncReporter$Flusher.run(AsyncReporter.java:352)
	at java.base/java.lang.Thread.run(Thread.java:1583)
Caused by: java.net.ConnectException
	at java.net.http/jdk.internal.net.http.common.Utils.toConnectException(Utils.java:1065)
	at java.net.http/jdk.internal.net.http.PlainHttpConnection.connectAsync(PlainHttpConnection.java:227)
	at java.net.http/jdk.internal.net.http.PlainHttpConnection.checkRetryConnect(PlainHttpConnection.java:280)
	at java.net.http/jdk.internal.net.http.PlainHttpConnection.lambda$connectAsync$2(PlainHttpConnection.java:238)
	at java.base/java.util.concurrent.CompletableFuture.uniHandle(CompletableFuture.java:934)
	at java.base/java.util.concurrent.CompletableFuture$UniHandle.tryFire(CompletableFuture.java:911)
	at java.base/java.util.concurrent.CompletableFuture.postComplete(CompletableFuture.java:510)
	at java.base/java.util.concurrent.CompletableFuture$AsyncSupply.run(CompletableFuture.java:1773)
	at java.base/java.util.concurrent.ThreadPoolExecutor.runWorker(ThreadPoolExecutor.java:1144)
	at java.base/java.util.concurrent.ThreadPoolExecutor$Worker.run(ThreadPoolExecutor.java:642)
	... 1 common frames omitted
Caused by: java.nio.channels.ClosedChannelException
	at java.base/sun.nio.ch.SocketChannelImpl.ensureOpen(SocketChannelImpl.java:202)
	at java.base/sun.nio.ch.SocketChannelImpl.beginConnect(SocketChannelImpl.java:786)
	at java.base/sun.nio.ch.SocketChannelImpl.connect(SocketChannelImpl.java:874)
	at java.net.http/jdk.internal.net.http.PlainHttpConnection.lambda$connectAsync$1(PlainHttpConnection.java:210)
	at java.base/java.security.AccessController.doPrivileged(AccessController.java:571)
	at java.net.http/jdk.internal.net.http.PlainHttpConnection.connectAsync(PlainHttpConnection.java:212)
	... 9 common frames omitted
"}
{"timestamp":"2026-10-06 21:19:53.965","level":"DEBUG","thread":"http-nio-8081-exec-2","correlationId":"","logger":"o.s.security.web.FilterChainProxy","message":"Securing POST /api/auth/register","exception":""}
{"timestamp":"2026-10-06 21:19:53.965","level":"WARN","thread":"http-nio-8081-exec-2","correlationId":"","logger":"c.d.d.s.JwtAuthenticationFilter","message":"JWT Token não começa com Bearer String","exception":""}
{"timestamp":"2026-10-06 21:19:53.965","level":"DEBUG","thread":"http-nio-8081-exec-2","correlationId":"","logger":"o.s.s.w.a.AnonymousAuthenticationFilter","message":"Set SecurityContextHolder to anonymous SecurityContext","exception":""}
{"timestamp":"2026-10-06 21:19:53.965","level":"DEBUG","thread":"http-nio-8081-exec-2","correlationId":"","logger":"o.s.security.web.FilterChainProxy","message":"Secured POST /api/auth/register","exception":""}
{"timestamp":"2026-10-06 21:19:53.965","level":"DEBUG","thread":"http-nio-8081-exec-2","correlationId":"b37d7be341d9456c","logger":"o.s.web.servlet.DispatcherServlet","message":"POST "/api/auth/register", parameters={}","exception":""}
{"timestamp":"2026-10-06 21:19:53.965","level":"DEBUG","thread":"http-nio-8081-exec-2","correlationId":"b37d7be341d9456c","logger":"o.s.w.s.m.m.a.RequestMappingHandlerMapping","message":"Mapped to com.delivery.delivery_api.controller.AuthController#register(RegisterRequestDTO)","exception":""}
{"timestamp":"2026-10-06 21:19:53.965","level":"DEBUG","thread":"http-nio-8081-exec-2","correlationId":"b37d7be341d9456c","logger":"o.s.w.s.m.m.a.RequestResponseBodyMethodProcessor","message":"Read "application/json;charset=UTF-8" to [com.delivery.delivery_api.dto.RegisterRequestDTO@4cd71372]","exception":""}
{"timestamp":"2026-10-06 21:19:54.432","level":"DEBUG","thread":"http-nio-8081-exec-2","correlationId":"b37d7be341d9456c","logger":"o.s.w.s.m.m.a.HttpEntityMethodProcessor","message":"Using 'application/json', given [*/*] and supported [application/json, application/*+json, application/yaml]","exception":""}
{"timestamp":"2026-10-06 21:19:54.432","level":"DEBUG","thread":"http-nio-8081-exec-2","correlationId":"b37d7be341d9456c","logger":"o.s.w.s.m.m.a.HttpEntityMethodProcessor","message":"Writing [com.delivery.delivery_api.dto.UserResponseDTO@60fde741]","exception":""}
{"timestamp":"2026-10-06 21:19:54.434","level":"DEBUG","thread":"http-nio-8081-exec-2","correlationId":"b37d7be341d9456c","logger":"o.s.web.servlet.DispatcherServlet","message":"Completed 201 CREATED","exception":""}
{"timestamp":"2026-10-06 21:20:29.763","level":"DEBUG","thread":"http-nio-8081-exec-3","correlationId":"","logger":"o.s.security.web.FilterChainProxy","message":"Securing POST /api/auth/login","exception":""}
{"timestamp":"2026-10-06 21:20:29.763","level":"WARN","thread":"http-nio-8081-exec-3","correlationId":"","logger":"c.d.d.s.JwtAuthenticationFilter","message":"JWT Token não começa com Bearer String","exception":""}
{"timestamp":"2026-10-06 21:20:29.763","level":"DEBUG","thread":"http-nio-8081-exec-3","correlationId":"","logger":"o.s.s.w.a.AnonymousAuthenticationFilter","message":"Set SecurityContextHolder to anonymous SecurityContext","exception":""}
{"timestamp":"2026-10-06 21:20:29.763","level":"DEBUG","thread":"http-nio-8081-exec-3","correlationId":"","logger":"o.s.security.web.FilterChainProxy","message":"Secured POST /api/auth/login","exception":""}
{"timestamp":"2026-10-06 21:20:29.763","level":"DEBUG","thread":"http-nio-8081-exec-3","correlationId":"36e865ca86ac448d","logger":"o.s.web.servlet.DispatcherServlet","message":"POST "/api/auth/login", parameters={}","exception":""}
{"timestamp":"2026-10-06 21:20:29.763","level":"DEBUG","thread":"http-nio-8081-exec-3","correlationId":"36e865ca86ac448d","logger":"o.s.w.s.m.m.a.RequestMappingHandlerMapping","message":"Mapped to com.delivery.delivery_api.controller.AuthController#login(LoginRequestDTO)","exception":""}
{"timestamp":"2026-10-06 21:20:29.763","level":"DEBUG","thread":"http-nio-8081-exec-3","correlationId":"36e865ca86ac448d","logger":"o.s.w.s.m.m.a.RequestResponseBodyMethodProcessor","message":"Read "application/json;charset=UTF-8" to [com.delivery.delivery_api.dto.LoginRequestDTO@319e013b]","exception":""}
{"timestamp":"2026-10-06 21:20:29.945","level":"DEBUG","thread":"http-nio-8081-exec-3","correlationId":"36e865ca86ac448d","logger":"o.s.s.a.d.DaoAuthenticationProvider","message":"Authenticated user","exception":""}
{"timestamp":"2026-10-06 21:20:30.018","level":"DEBUG","thread":"http-nio-8081-exec-3","correlationId":"36e865ca86ac448d","logger":"o.s.w.s.m.m.a.HttpEntityMethodProcessor","message":"Using 'application/json', given [*/*] and supported [application/json, application/*+json, application/yaml]","exception":""}
{"timestamp":"2026-10-06 21:20:30.018","level":"DEBUG","thread":"http-nio-8081-exec-3","correlationId":"36e865ca86ac448d","logger":"o.s.w.s.m.m.a.HttpEntityMethodProcessor","message":"Writing [com.delivery.delivery_api.dto.LoginResponseDTO@7f3f4e32]","exception":""}
{"timestamp":"2026-10-06 21:20:30.020","level":"DEBUG","thread":"http-nio-8081-exec-3","correlationId":"36e865ca86ac448d","logger":"o.s.web.servlet.DispatcherServlet","message":"Completed 200 OK","exception":""}
